instrument,ts,bid,ask,mid,spread_pips
EUR_USD,1640000000.0,1.09997,1.10005,1.10001,0.8
EUR_USD,1640000001.0,1.10013,1.10021,1.10017,0.8
EUR_USD,1640000002.0,1.10022,1.1003,1.10026,0.8
EUR_USD,1640000003.0,1.10036,1.10044,1.1004,0.8
EUR_USD,1640000004.0,1.10057,1.10065,1.10061,0.8
EUR_USD,1640000005.0,1.10082,1.1009,1.10086,0.8
EUR_USD,1640000006.0,1.10105,1.10113,1.10109,0.8
EUR_USD,1640000007.0,1.10137,1.10145,1.10141,0.8
EUR_USD,1640000008.0,1.1022,1.10228,1.10224,0.8
EUR_USD,1640000009.0,1.10225,1.10233,1.10229,0.8
EUR_USD,1640000010.0,1.10242,1.1025,1.10246,0.8
EUR_USD,1640000011.0,1.10256,1.10264,1.1026,0.8
EUR_USD,1640000012.0,1.10283,1.10291,1.10287,0.8
EUR_USD,1640000013.0,1.10316,1.10324,1.1032,0.8
EUR_USD,1640000014.0,1.10361,1.10369,1.10365,0.8
EUR_USD,1640000015.0,1.10401,1.10409,1.10405,0.8
EUR_USD,1640000016.0,1.10451,1.10459,1.10455,0.8
EUR_USD,1640000017.0,1.10561,1.10569,1.10565,0.8
EUR_USD,1640000018.0,1.10576,1.10584,1.1058,0.8
EUR_USD,1640000019.0,1.10578,1.10586,1.10582,0.8
EUR_USD,1640000020.0,1.10572,1.1058,1.10576,0.8
EUR_USD,1640000021.0,1.10578,1.10586,1.10582,0.8
EUR_USD,1640000022.0,1.10609,1.10617,1.10613,0.8
EUR_USD,1640000023.0,1.10628,1.10636,1.10632,0.8
EUR_USD,1640000024.0,1.10643,1.10651,1.10647,0.8
EUR_USD,1640000025.0,1.10662,1.1067,1.10666,0.8
EUR_USD,1640000026.0,1.10679,1.10687,1.10683,0.8
EUR_USD,1640000027.0,1.10716,1.10724,1.1072,0.8
EUR_USD,1640000028.0,1.10766,1.10774,1.1077,0.8
EUR_USD,1640000029.0,1.1088,1.10888,1.10884,0.8
EUR_USD,1640000030.0,1.10872,1.1088,1.10876,0.8
EUR_USD,1640000031.0,1.10861,1.10869,1.10865,0.8
EUR_USD,1640000032.0,1.10847,1.10855,1.10851,0.8
EUR_USD,1640000033.0,1.10838,1.10846,1.10842,0.8
EUR_USD,1640000034.0,1.10822,1.1083,1.10826,0.8
EUR_USD,1640000035.0,1.10819,1.10827,1.10823,0.8
EUR_USD,1640000036.0,1.10814,1.10822,1.10818,0.8
EUR_USD,1640000037.0,1.1079,1.10798,1.10794,0.8
EUR_USD,1640000038.0,1.10761,1.10769,1.10765,0.8
EUR_USD,1640000039.0,1.10746,1.10754,1.1075,0.8
EUR_USD,1640000040.0,1.10725,1.10733,1.10729,0.8
EUR_USD,1640000041.0,1.10678,1.10686,1.10682,0.8
EUR_USD,1640000042.0,1.10587,1.10595,1.10591,0.8
EUR_USD,1640000043.0,1.10585,1.10593,1.10589,0.8
EUR_USD,1640000044.0,1.10586,1.10594,1.1059,0.8
EUR_USD,1640000045.0,1.10574,1.10582,1.10578,0.8
EUR_USD,1640000046.0,1.10563,1.10571,1.10567,0.8
EUR_USD,1640000047.0,1.1055,1.10558,1.10554,0.8
EUR_USD,1640000048.0,1.10565,1.10573,1.10569,0.8
EUR_USD,1640000049.0,1.10568,1.10576,1.10572,0.8
EUR_USD,1640000050.0,1.10575,1.10583,1.10579,0.8
EUR_USD,1640000051.0,1.10591,1.10599,1.10595,0.8
EUR_USD,1640000052.0,1.10609,1.10617,1.10613,0.8
EUR_USD,1640000053.0,1.10639,1.10647,1.10643,0.8
EUR_USD,1640000054.0,1.10633,1.10641,1.10637,0.8
EUR_USD,1640000055.0,1.10646,1.10654,1.1065,0.8
EUR_USD,1640000056.0,1.10659,1.10667,1.10663,0.8
EUR_USD,1640000057.0,1.1067,1.10678,1.10674,0.8
EUR_USD,1640000058.0,1.10683,1.10691,1.10687,0.8
EUR_USD,1640000059.0,1.10701,1.10709,1.10705,0.8
EUR_USD,1640000060.0,1.1071,1.10718,1.10714,0.8
EUR_USD,1640000061.0,1.10731,1.10739,1.10735,0.8
EUR_USD,1640000062.0,1.10742,1.1075,1.10746,0.8
EUR_USD,1640000063.0,1.10769,1.10777,1.10773,0.8
EUR_USD,1640000064.0,1.10803,1.10811,1.10807,0.8
EUR_USD,1640000065.0,1.10853,1.10861,1.10857,0.8
EUR_USD,1640000066.0,1.10945,1.10953,1.10949,0.8
EUR_USD,1640000067.0,1.10938,1.10946,1.10942,0.8
EUR_USD,1640000068.0,1.10914,1.10922,1.10918,0.8
EUR_USD,1640000069.0,1.10897,1.10905,1.10901,0.8
EUR_USD,1640000070.0,1.10889,1.10897,1.10893,0.8
EUR_USD,1640000071.0,1.10873,1.10881,1.10877,0.8
EUR_USD,1640000072.0,1.10854,1.10862,1.10858,0.8
EUR_USD,1640000073.0,1.10826,1.10834,1.1083,0.8
EUR_USD,1640000074.0,1.10782,1.1079,1.10786,0.8
EUR_USD,1640000075.0,1.10726,1.10734,1.1073,0.8
EUR_USD,1640000076.0,1.10631,1.10639,1.10635,0.8
EUR_USD,1640000077.0,1.10619,1.10627,1.10623,0.8
EUR_USD,1640000078.0,1.10599,1.10607,1.10603,0.8
EUR_USD,1640000079.0,1.10586,1.10594,1.1059,0.8
EUR_USD,1640000080.0,1.10582,1.1059,1.10586,0.8
EUR_USD,1640000081.0,1.10567,1.10575,1.10571,0.8
EUR_USD,1640000082.0,1.10549,1.10557,1.10553,0.8
EUR_USD,1640000083.0,1.10518,1.10526,1.10522,0.8
EUR_USD,1640000084.0,1.10467,1.10475,1.10471,0.8
EUR_USD,1640000085.0,1.10397,1.10405,1.10401,0.8
EUR_USD,1640000086.0,1.10248,1.10256,1.10252,0.8
EUR_USD,1640000087.0,1.10225,1.10233,1.10229,0.8
EUR_USD,1640000088.0,1.10222,1.1023,1.10226,0.8
EUR_USD,1640000089.0,1.10218,1.10226,1.10222,0.8
EUR_USD,1640000090.0,1.10203,1.10211,1.10207,0.8
EUR_USD,1640000091.0,1.1019,1.10198,1.10194,0.8
EUR_USD,1640000092.0,1.1018,1.10188,1.10184,0.8
EUR_USD,1640000093.0,1.10162,1.1017,1.10166,0.8
EUR_USD,1640000094.0,1.10161,1.10169,1.10165,0.8
EUR_USD,1640000095.0,1.10152,1.1016,1.10156,0.8
EUR_USD,1640000096.0,1.1014,1.10148,1.10144,0.8
EUR_USD,1640000097.0,1.10114,1.10122,1.10118,0.8
EUR_USD,1640000098.0,1.10098,1.10106,1.10102,0.8
EUR_USD,1640000099.0,1.10074,1.10082,1.10078,0.8
EUR_USD,1640000100.0,1.10045,1.10053,1.10049,0.8
EUR_USD,1640000101.0,1.10032,1.1004,1.10036,0.8
EUR_USD,1640000102.0,1.10015,1.10023,1.10019,0.8
EUR_USD,1640000103.0,1.09997,1.10005,1.10001,0.8
EUR_USD,1640000104.0,1.09957,1.09965,1.09961,0.8
EUR_USD,1640000105.0,1.09919,1.09927,1.09923,0.8
EUR_USD,1640000106.0,1.09867,1.09875,1.09871,0.8
EUR_USD,1640000107.0,1.09797,1.09805,1.09801,0.8
EUR_USD,1640000108.0,1.09649,1.09657,1.09653,0.8
EUR_USD,1640000109.0,1.0965,1.09658,1.09654,0.8
EUR_USD,1640000110.0,1.0966,1.09668,1.09664,0.8
EUR_USD,1640000111.0,1.09675,1.09683,1.09679,0.8
EUR_USD,1640000112.0,1.09668,1.09676,1.09672,0.8
EUR_USD,1640000113.0,1.09689,1.09697,1.09693,0.8
EUR_USD,1640000114.0,1.09705,1.09713,1.09709,0.8
EUR_USD,1640000115.0,1.0972,1.09728,1.09724,0.8
EUR_USD,1640000116.0,1.09742,1.0975,1.09746,0.8
EUR_USD,1640000117.0,1.09784,1.09792,1.09788,0.8
EUR_USD,1640000118.0,1.09806,1.09814,1.0981,0.8
EUR_USD,1640000119.0,1.09824,1.09832,1.09828,0.8
EUR_USD,1640000120.0,1.09847,1.09855,1.09851,0.8
EUR_USD,1640000121.0,1.09881,1.09889,1.09885,0.8
EUR_USD,1640000122.0,1.09932,1.0994,1.09936,0.8
EUR_USD,1640000123.0,1.10046,1.10054,1.1005,0.8
EUR_USD,1640000124.0,1.10053,1.10061,1.10057,0.8
EUR_USD,1640000125.0,1.10063,1.10071,1.10067,0.8
EUR_USD,1640000126.0,1.1005,1.10058,1.10054,0.8
EUR_USD,1640000127.0,1.10045,1.10053,1.10049,0.8
EUR_USD,1640000128.0,1.10053,1.10061,1.10057,0.8
EUR_USD,1640000129.0,1.1005,1.10058,1.10054,0.8
EUR_USD,1640000130.0,1.10053,1.10061,1.10057,0.8
EUR_USD,1640000131.0,1.10032,1.1004,1.10036,0.8
EUR_USD,1640000132.0,1.10015,1.10023,1.10019,0.8
EUR_USD,1640000133.0,1.10025,1.10033,1.10029,0.8
EUR_USD,1640000134.0,1.10028,1.10036,1.10032,0.8
EUR_USD,1640000135.0,1.10004,1.10012,1.10008,0.8
EUR_USD,1640000136.0,1.09995,1.10003,1.09999,0.8
EUR_USD,1640000137.0,1.09985,1.09993,1.09989,0.8
EUR_USD,1640000138.0,1.09979,1.09987,1.09983,0.8
EUR_USD,1640000139.0,1.09957,1.09965,1.09961,0.8
EUR_USD,1640000140.0,1.09953,1.09961,1.09957,0.8
EUR_USD,1640000141.0,1.09938,1.09946,1.09942,0.8
EUR_USD,1640000142.0,1.09911,1.09919,1.09915,0.8
EUR_USD,1640000143.0,1.09887,1.09895,1.09891,0.8
EUR_USD,1640000144.0,1.0986,1.09868,1.09864,0.8
EUR_USD,1640000145.0,1.0984,1.09848,1.09844,0.8
EUR_USD,1640000146.0,1.09821,1.09829,1.09825,0.8
EUR_USD,1640000147.0,1.09763,1.09771,1.09767,0.8
EUR_USD,1640000148.0,1.09654,1.09662,1.09658,0.8
EUR_USD,1640000149.0,1.09651,1.09659,1.09655,0.8
EUR_USD,1640000150.0,1.09645,1.09653,1.09649,0.8
EUR_USD,1640000151.0,1.09635,1.09643,1.09639,0.8
EUR_USD,1640000152.0,1.09617,1.09625,1.09621,0.8
EUR_USD,1640000153.0,1.09611,1.09619,1.09615,0.8
EUR_USD,1640000154.0,1.09602,1.0961,1.09606,0.8
EUR_USD,1640000155.0,1.09585,1.09593,1.09589,0.8
EUR_USD,1640000156.0,1.09565,1.09573,1.09569,0.8
EUR_USD,1640000157.0,1.09547,1.09555,1.09551,0.8
EUR_USD,1640000158.0,1.09534,1.09542,1.09538,0.8
EUR_USD,1640000159.0,1.09513,1.09521,1.09517,0.8
EUR_USD,1640000160.0,1.0949,1.09498,1.09494,0.8
EUR_USD,1640000161.0,1.0948,1.09488,1.09484,0.8
EUR_USD,1640000162.0,1.09442,1.0945,1.09446,0.8
EUR_USD,1640000163.0,1.09422,1.0943,1.09426,0.8
EUR_USD,1640000164.0,1.09379,1.09387,1.09383,0.8
EUR_USD,1640000165.0,1.09307,1.09315,1.09311,0.8
EUR_USD,1640000166.0,1.09166,1.09174,1.0917,0.8
EUR_USD,1640000167.0,1.09179,1.09187,1.09183,0.8
EUR_USD,1640000168.0,1.09192,1.092,1.09196,0.8
EUR_USD,1640000169.0,1.09191,1.09199,1.09195,0.8
EUR_USD,1640000170.0,1.09189,1.09197,1.09193,0.8
EUR_USD,1640000171.0,1.09214,1.09222,1.09218,0.8
EUR_USD,1640000172.0,1.09214,1.09222,1.09218,0.8
EUR_USD,1640000173.0,1.09228,1.09236,1.09232,0.8
EUR_USD,1640000174.0,1.09246,1.09254,1.0925,0.8
EUR_USD,1640000175.0,1.09256,1.09264,1.0926,0.8
EUR_USD,1640000176.0,1.09276,1.09284,1.0928,0.8
EUR_USD,1640000177.0,1.09295,1.09303,1.09299,0.8
EUR_USD,1640000178.0,1.09309,1.09317,1.09313,0.8
EUR_USD,1640000179.0,1.0934,1.09348,1.09344,0.8
EUR_USD,1640000180.0,1.09383,1.09391,1.09387,0.8
EUR_USD,1640000181.0,1.09445,1.09453,1.09449,0.8
EUR_USD,1640000182.0,1.09544,1.09552,1.09548,0.8
EUR_USD,1640000183.0,1.09535,1.09543,1.09539,0.8
EUR_USD,1640000184.0,1.09506,1.09514,1.0951,0.8
EUR_USD,1640000185.0,1.09496,1.09504,1.095,0.8
EUR_USD,1640000186.0,1.0949,1.09498,1.09494,0.8
EUR_USD,1640000187.0,1.09461,1.09469,1.09465,0.8
EUR_USD,1640000188.0,1.09434,1.09442,1.09438,0.8
EUR_USD,1640000189.0,1.09411,1.09419,1.09415,0.8
EUR_USD,1640000190.0,1.09368,1.09376,1.09372,0.8
EUR_USD,1640000191.0,1.09268,1.09276,1.09272,0.8
EUR_USD,1640000192.0,1.09268,1.09276,1.09272,0.8
EUR_USD,1640000193.0,1.0926,1.09268,1.09264,0.8
EUR_USD,1640000194.0,1.09252,1.0926,1.09256,0.8
EUR_USD,1640000195.0,1.09243,1.09251,1.09247,0.8
EUR_USD,1640000196.0,1.09229,1.09237,1.09233,0.8
EUR_USD,1640000197.0,1.09211,1.09219,1.09215,0.8
EUR_USD,1640000198.0,1.09195,1.09203,1.09199,0.8
EUR_USD,1640000199.0,1.09179,1.09187,1.09183,0.8
EUR_USD,1640000200.0,1.09152,1.0916,1.09156,0.8
EUR_USD,1640000201.0,1.09103,1.09111,1.09107,0.8
EUR_USD,1640000202.0,1.09026,1.09034,1.0903,0.8
EUR_USD,1640000203.0,1.09044,1.09052,1.09048,0.8
EUR_USD,1640000204.0,1.09045,1.09053,1.09049,0.8
EUR_USD,1640000205.0,1.09059,1.09067,1.09063,0.8
EUR_USD,1640000206.0,1.09071,1.09079,1.09075,0.8
EUR_USD,1640000207.0,1.0909,1.09098,1.09094,0.8
EUR_USD,1640000208.0,1.09109,1.09117,1.09113,0.8
EUR_USD,1640000209.0,1.09128,1.09136,1.09132,0.8
EUR_USD,1640000210.0,1.0916,1.09168,1.09164,0.8
EUR_USD,1640000211.0,1.0919,1.09198,1.09194,0.8
EUR_USD,1640000212.0,1.09241,1.09249,1.09245,0.8
EUR_USD,1640000213.0,1.09336,1.09344,1.0934,0.8
EUR_USD,1640000214.0,1.09333,1.09341,1.09337,0.8
EUR_USD,1640000215.0,1.09331,1.09339,1.09335,0.8
EUR_USD,1640000216.0,1.09345,1.09353,1.09349,0.8
EUR_USD,1640000217.0,1.0933,1.09338,1.09334,0.8
EUR_USD,1640000218.0,1.09329,1.09337,1.09333,0.8
EUR_USD,1640000219.0,1.09321,1.09329,1.09325,0.8
EUR_USD,1640000220.0,1.09315,1.09323,1.09319,0.8
EUR_USD,1640000221.0,1.09315,1.09323,1.09319,0.8
EUR_USD,1640000222.0,1.09314,1.09322,1.09318,0.8
EUR_USD,1640000223.0,1.09305,1.09313,1.09309,0.8
EUR_USD,1640000224.0,1.09294,1.09302,1.09298,0.8
EUR_USD,1640000225.0,1.09283,1.09291,1.09287,0.8
EUR_USD,1640000226.0,1.09274,1.09282,1.09278,0.8
EUR_USD,1640000227.0,1.09255,1.09263,1.09259,0.8
EUR_USD,1640000228.0,1.09247,1.09255,1.09251,0.8
EUR_USD,1640000229.0,1.09212,1.0922,1.09216,0.8
EUR_USD,1640000230.0,1.09173,1.09181,1.09177,0.8
EUR_USD,1640000231.0,1.09106,1.09114,1.0911,0.8
EUR_USD,1640000232.0,1.09005,1.09013,1.09009,0.8
EUR_USD,1640000233.0,1.09016,1.09024,1.0902,0.8
EUR_USD,1640000234.0,1.09024,1.09032,1.09028,0.8
EUR_USD,1640000235.0,1.09021,1.09029,1.09025,0.8
EUR_USD,1640000236.0,1.09019,1.09027,1.09023,0.8
EUR_USD,1640000237.0,1.0903,1.09038,1.09034,0.8
EUR_USD,1640000238.0,1.09044,1.09052,1.09048,0.8
EUR_USD,1640000239.0,1.09048,1.09056,1.09052,0.8
EUR_USD,1640000240.0,1.09058,1.09066,1.09062,0.8
EUR_USD,1640000241.0,1.0907,1.09078,1.09074,0.8
EUR_USD,1640000242.0,1.09093,1.09101,1.09097,0.8
EUR_USD,1640000243.0,1.09095,1.09103,1.09099,0.8
EUR_USD,1640000244.0,1.09105,1.09113,1.09109,0.8
EUR_USD,1640000245.0,1.09128,1.09136,1.09132,0.8
EUR_USD,1640000246.0,1.09144,1.09152,1.09148,0.8
EUR_USD,1640000247.0,1.0916,1.09168,1.09164,0.8
EUR_USD,1640000248.0,1.09198,1.09206,1.09202,0.8
EUR_USD,1640000249.0,1.09243,1.09251,1.09247,0.8
EUR_USD,1640000250.0,1.09286,1.09294,1.0929,0.8
EUR_USD,1640000251.0,1.09394,1.09402,1.09398,0.8
EUR_USD,1640000252.0,1.09419,1.09427,1.09423,0.8
EUR_USD,1640000253.0,1.09443,1.09451,1.09447,0.8
EUR_USD,1640000254.0,1.09461,1.09469,1.09465,0.8
EUR_USD,1640000255.0,1.09473,1.09481,1.09477,0.8
EUR_USD,1640000256.0,1.09502,1.0951,1.09506,0.8
EUR_USD,1640000257.0,1.0955,1.09558,1.09554,0.8
EUR_USD,1640000258.0,1.09631,1.09639,1.09635,0.8
EUR_USD,1640000259.0,1.09601,1.09609,1.09605,0.8
EUR_USD,1640000260.0,1.09594,1.09602,1.09598,0.8
EUR_USD,1640000261.0,1.0959,1.09598,1.09594,0.8
EUR_USD,1640000262.0,1.09568,1.09576,1.09572,0.8
EUR_USD,1640000263.0,1.09547,1.09555,1.09551,0.8
EUR_USD,1640000264.0,1.09515,1.09523,1.09519,0.8
EUR_USD,1640000265.0,1.09474,1.09482,1.09478,0.8
EUR_USD,1640000266.0,1.09377,1.09385,1.09381,0.8
EUR_USD,1640000267.0,1.09393,1.09401,1.09397,0.8
EUR_USD,1640000268.0,1.09398,1.09406,1.09402,0.8
EUR_USD,1640000269.0,1.09402,1.0941,1.09406,0.8
EUR_USD,1640000270.0,1.09427,1.09435,1.09431,0.8
EUR_USD,1640000271.0,1.09435,1.09443,1.09439,0.8
EUR_USD,1640000272.0,1.09452,1.0946,1.09456,0.8
EUR_USD,1640000273.0,1.09463,1.09471,1.09467,0.8
EUR_USD,1640000274.0,1.09472,1.0948,1.09476,0.8
EUR_USD,1640000275.0,1.09502,1.0951,1.09506,0.8
EUR_USD,1640000276.0,1.09536,1.09544,1.0954,0.8
EUR_USD,1640000277.0,1.09586,1.09594,1.0959,0.8
EUR_USD,1640000278.0,1.09681,1.09689,1.09685,0.8
EUR_USD,1640000279.0,1.09693,1.09701,1.09697,0.8
EUR_USD,1640000280.0,1.09698,1.09706,1.09702,0.8
EUR_USD,1640000281.0,1.09708,1.09716,1.09712,0.8
EUR_USD,1640000282.0,1.09718,1.09726,1.09722,0.8
EUR_USD,1640000283.0,1.09712,1.0972,1.09716,0.8
EUR_USD,1640000284.0,1.09709,1.09717,1.09713,0.8
EUR_USD,1640000285.0,1.0971,1.09718,1.09714,0.8
EUR_USD,1640000286.0,1.09731,1.09739,1.09735,0.8
EUR_USD,1640000287.0,1.09732,1.0974,1.09736,0.8
EUR_USD,1640000288.0,1.09747,1.09755,1.09751,0.8
EUR_USD,1640000289.0,1.09777,1.09785,1.09781,0.8
EUR_USD,1640000290.0,1.09817,1.09825,1.09821,0.8
EUR_USD,1640000291.0,1.09881,1.09889,1.09885,0.8
EUR_USD,1640000292.0,1.09868,1.09876,1.09872,0.8
EUR_USD,1640000293.0,1.09871,1.09879,1.09875,0.8
EUR_USD,1640000294.0,1.09872,1.0988,1.09876,0.8
EUR_USD,1640000295.0,1.09865,1.09873,1.09869,0.8
EUR_USD,1640000296.0,1.09858,1.09866,1.09862,0.8
EUR_USD,1640000297.0,1.09838,1.09846,1.09842,0.8
EUR_USD,1640000298.0,1.0984,1.09848,1.09844,0.8
EUR_USD,1640000299.0,1.09837,1.09845,1.09841,0.8
EUR_USD,1640000300.0,1.09819,1.09827,1.09823,0.8
EUR_USD,1640000301.0,1.09801,1.09809,1.09805,0.8
EUR_USD,1640000302.0,1.09795,1.09803,1.09799,0.8
EUR_USD,1640000303.0,1.09785,1.09793,1.09789,0.8
EUR_USD,1640000304.0,1.09765,1.09773,1.09769,0.8
EUR_USD,1640000305.0,1.09735,1.09743,1.09739,0.8
EUR_USD,1640000306.0,1.097,1.09708,1.09704,0.8
EUR_USD,1640000307.0,1.09648,1.09656,1.09652,0.8
EUR_USD,1640000308.0,1.09551,1.09559,1.09555,0.8
EUR_USD,1640000309.0,1.09563,1.09571,1.09567,0.8
EUR_USD,1640000310.0,1.09568,1.09576,1.09572,0.8
EUR_USD,1640000311.0,1.09574,1.09582,1.09578,0.8
EUR_USD,1640000312.0,1.09576,1.09584,1.0958,0.8
EUR_USD,1640000313.0,1.09568,1.09576,1.09572,0.8
EUR_USD,1640000314.0,1.09582,1.0959,1.09586,0.8
EUR_USD,1640000315.0,1.0958,1.09588,1.09584,0.8
EUR_USD,1640000316.0,1.09587,1.09595,1.09591,0.8
EUR_USD,1640000317.0,1.09586,1.09594,1.0959,0.8
EUR_USD,1640000318.0,1.0962,1.09628,1.09624,0.8
EUR_USD,1640000319.0,1.09647,1.09655,1.09651,0.8
EUR_USD,1640000320.0,1.09649,1.09657,1.09653,0.8
EUR_USD,1640000321.0,1.09652,1.0966,1.09656,0.8
EUR_USD,1640000322.0,1.09663,1.09671,1.09667,0.8
EUR_USD,1640000323.0,1.0967,1.09678,1.09674,0.8
EUR_USD,1640000324.0,1.09686,1.09694,1.0969,0.8
EUR_USD,1640000325.0,1.09699,1.09707,1.09703,0.8
EUR_USD,1640000326.0,1.09717,1.09725,1.09721,0.8
EUR_USD,1640000327.0,1.09737,1.09745,1.09741,0.8
EUR_USD,1640000328.0,1.09747,1.09755,1.09751,0.8
EUR_USD,1640000329.0,1.0976,1.09768,1.09764,0.8
EUR_USD,1640000330.0,1.09781,1.09789,1.09785,0.8
EUR_USD,1640000331.0,1.09813,1.09821,1.09817,0.8
EUR_USD,1640000332.0,1.09841,1.09849,1.09845,0.8
EUR_USD,1640000333.0,1.09935,1.09943,1.09939,0.8
EUR_USD,1640000334.0,1.09924,1.09932,1.09928,0.8
EUR_USD,1640000335.0,1.0992,1.09928,1.09924,0.8
EUR_USD,1640000336.0,1.09917,1.09925,1.09921,0.8
EUR_USD,1640000337.0,1.09912,1.0992,1.09916,0.8
EUR_USD,1640000338.0,1.09915,1.09923,1.09919,0.8
EUR_USD,1640000339.0,1.09915,1.09923,1.09919,0.8
EUR_USD,1640000340.0,1.09914,1.09922,1.09918,0.8
EUR_USD,1640000341.0,1.09891,1.09899,1.09895,0.8
EUR_USD,1640000342.0,1.09886,1.09894,1.0989,0.8
EUR_USD,1640000343.0,1.09868,1.09876,1.09872,0.8
EUR_USD,1640000344.0,1.09848,1.09856,1.09852,0.8
EUR_USD,1640000345.0,1.09818,1.09826,1.09822,0.8
EUR_USD,1640000346.0,1.09798,1.09806,1.09802,0.8
EUR_USD,1640000347.0,1.09774,1.09782,1.09778,0.8
EUR_USD,1640000348.0,1.09745,1.09753,1.09749,0.8
EUR_USD,1640000349.0,1.09713,1.09721,1.09717,0.8
EUR_USD,1640000350.0,1.09615,1.09623,1.09619,0.8
EUR_USD,1640000351.0,1.09607,1.09615,1.09611,0.8
EUR_USD,1640000352.0,1.09604,1.09612,1.09608,0.8
EUR_USD,1640000353.0,1.09597,1.09605,1.09601,0.8
EUR_USD,1640000354.0,1.09606,1.09614,1.0961,0.8
EUR_USD,1640000355.0,1.09603,1.09611,1.09607,0.8
EUR_USD,1640000356.0,1.09589,1.09597,1.09593,0.8
EUR_USD,1640000357.0,1.09589,1.09597,1.09593,0.8
EUR_USD,1640000358.0,1.09576,1.09584,1.0958,0.8
EUR_USD,1640000359.0,1.09562,1.0957,1.09566,0.8
EUR_USD,1640000360.0,1.09556,1.09564,1.0956,0.8
EUR_USD,1640000361.0,1.09553,1.09561,1.09557,0.8
EUR_USD,1640000362.0,1.09531,1.09539,1.09535,0.8
EUR_USD,1640000363.0,1.09511,1.09519,1.09515,0.8
EUR_USD,1640000364.0,1.09496,1.09504,1.095,0.8
EUR_USD,1640000365.0,1.09479,1.09487,1.09483,0.8
EUR_USD,1640000366.0,1.09459,1.09467,1.09463,0.8
EUR_USD,1640000367.0,1.09428,1.09436,1.09432,0.8
EUR_USD,1640000368.0,1.09363,1.09371,1.09367,0.8
EUR_USD,1640000369.0,1.09369,1.09377,1.09373,0.8
EUR_USD,1640000370.0,1.09379,1.09387,1.09383,0.8
EUR_USD,1640000371.0,1.09391,1.09399,1.09395,0.8
EUR_USD,1640000372.0,1.09405,1.09413,1.09409,0.8
EUR_USD,1640000373.0,1.09432,1.0944,1.09436,0.8
EUR_USD,1640000374.0,1.09427,1.09435,1.09431,0.8
EUR_USD,1640000375.0,1.0945,1.09458,1.09454,0.8
EUR_USD,1640000376.0,1.09459,1.09467,1.09463,0.8
EUR_USD,1640000377.0,1.09491,1.09499,1.09495,0.8
EUR_USD,1640000378.0,1.09533,1.09541,1.09537,0.8
EUR_USD,1640000379.0,1.09573,1.09581,1.09577,0.8
EUR_USD,1640000380.0,1.09675,1.09683,1.09679,0.8
EUR_USD,1640000381.0,1.0967,1.09678,1.09674,0.8
EUR_USD,1640000382.0,1.09676,1.09684,1.0968,0.8
EUR_USD,1640000383.0,1.09667,1.09675,1.09671,0.8
EUR_USD,1640000384.0,1.09663,1.09671,1.09667,0.8
EUR_USD,1640000385.0,1.0966,1.09668,1.09664,0.8
EUR_USD,1640000386.0,1.09661,1.09669,1.09665,0.8
EUR_USD,1640000387.0,1.09648,1.09656,1.09652,0.8
EUR_USD,1640000388.0,1.09645,1.09653,1.09649,0.8
EUR_USD,1640000389.0,1.09639,1.09647,1.09643,0.8
EUR_USD,1640000390.0,1.09622,1.0963,1.09626,0.8
EUR_USD,1640000391.0,1.09622,1.0963,1.09626,0.8
EUR_USD,1640000392.0,1.09607,1.09615,1.09611,0.8
EUR_USD,1640000393.0,1.09601,1.09609,1.09605,0.8
EUR_USD,1640000394.0,1.09587,1.09595,1.09591,0.8
EUR_USD,1640000395.0,1.09568,1.09576,1.09572,0.8
EUR_USD,1640000396.0,1.09551,1.09559,1.09555,0.8
EUR_USD,1640000397.0,1.09545,1.09553,1.09549,0.8
EUR_USD,1640000398.0,1.09531,1.09539,1.09535,0.8
EUR_USD,1640000399.0,1.09514,1.09522,1.09518,0.8
EUR_USD,1640000400.0,1.095,1.09508,1.09504,0.8
EUR_USD,1640000401.0,1.09491,1.09499,1.09495,0.8
EUR_USD,1640000402.0,1.09458,1.09466,1.09462,0.8
EUR_USD,1640000403.0,1.09414,1.09422,1.09418,0.8
EUR_USD,1640000404.0,1.09361,1.09369,1.09365,0.8
EUR_USD,1640000405.0,1.09256,1.09264,1.0926,0.8
EUR_USD,1640000406.0,1.09239,1.09247,1.09243,0.8
EUR_USD,1640000407.0,1.09231,1.09239,1.09235,0.8
EUR_USD,1640000408.0,1.09202,1.0921,1.09206,0.8
EUR_USD,1640000409.0,1.09188,1.09196,1.09192,0.8
EUR_USD,1640000410.0,1.09196,1.09204,1.092,0.8
EUR_USD,1640000411.0,1.09182,1.0919,1.09186,0.8
EUR_USD,1640000412.0,1.09171,1.09179,1.09175,0.8
EUR_USD,1640000413.0,1.0916,1.09168,1.09164,0.8
EUR_USD,1640000414.0,1.09153,1.09161,1.09157,0.8
EUR_USD,1640000415.0,1.09125,1.09133,1.09129,0.8
EUR_USD,1640000416.0,1.09108,1.09116,1.09112,0.8
EUR_USD,1640000417.0,1.09092,1.091,1.09096,0.8
EUR_USD,1640000418.0,1.09074,1.09082,1.09078,0.8
EUR_USD,1640000419.0,1.09053,1.09061,1.09057,0.8
EUR_USD,1640000420.0,1.09043,1.09051,1.09047,0.8
EUR_USD,1640000421.0,1.09019,1.09027,1.09023,0.8
EUR_USD,1640000422.0,1.08991,1.08999,1.08995,0.8
EUR_USD,1640000423.0,1.0898,1.08988,1.08984,0.8
EUR_USD,1640000424.0,1.08944,1.08952,1.08948,0.8
EUR_USD,1640000425.0,1.08915,1.08923,1.08919,0.8
EUR_USD,1640000426.0,1.0887,1.08878,1.08874,0.8
EUR_USD,1640000427.0,1.08817,1.08825,1.08821,0.8
EUR_USD,1640000428.0,1.08681,1.08689,1.08685,0.8
EUR_USD,1640000429.0,1.08673,1.08681,1.08677,0.8
EUR_USD,1640000430.0,1.08681,1.08689,1.08685,0.8
EUR_USD,1640000431.0,1.08685,1.08693,1.08689,0.8
EUR_USD,1640000432.0,1.08681,1.08689,1.08685,0.8
EUR_USD,1640000433.0,1.08665,1.08673,1.08669,0.8
EUR_USD,1640000434.0,1.08678,1.08686,1.08682,0.8
EUR_USD,1640000435.0,1.08661,1.08669,1.08665,0.8
EUR_USD,1640000436.0,1.08651,1.08659,1.08655,0.8
EUR_USD,1640000437.0,1.08642,1.0865,1.08646,0.8
EUR_USD,1640000438.0,1.08633,1.08641,1.08637,0.8
EUR_USD,1640000439.0,1.08629,1.08637,1.08633,0.8
EUR_USD,1640000440.0,1.08621,1.08629,1.08625,0.8
EUR_USD,1640000441.0,1.0861,1.08618,1.08614,0.8
EUR_USD,1640000442.0,1.08619,1.08627,1.08623,0.8
EUR_USD,1640000443.0,1.08603,1.08611,1.08607,0.8
EUR_USD,1640000444.0,1.08593,1.08601,1.08597,0.8
EUR_USD,1640000445.0,1.08566,1.08574,1.0857,0.8
EUR_USD,1640000446.0,1.08556,1.08564,1.0856,0.8
EUR_USD,1640000447.0,1.08532,1.0854,1.08536,0.8
EUR_USD,1640000448.0,1.0851,1.08518,1.08514,0.8
EUR_USD,1640000449.0,1.08498,1.08506,1.08502,0.8
EUR_USD,1640000450.0,1.08476,1.08484,1.0848,0.8
EUR_USD,1640000451.0,1.08419,1.08427,1.08423,0.8
EUR_USD,1640000452.0,1.08339,1.08347,1.08343,0.8
EUR_USD,1640000453.0,1.08323,1.08331,1.08327,0.8
EUR_USD,1640000454.0,1.08307,1.08315,1.08311,0.8
EUR_USD,1640000455.0,1.08282,1.0829,1.08286,0.8
EUR_USD,1640000456.0,1.08276,1.08284,1.0828,0.8
EUR_USD,1640000457.0,1.08268,1.08276,1.08272,0.8
EUR_USD,1640000458.0,1.08244,1.08252,1.08248,0.8
EUR_USD,1640000459.0,1.08187,1.08195,1.08191,0.8
EUR_USD,1640000460.0,1.08197,1.08205,1.08201,0.8
EUR_USD,1640000461.0,1.08189,1.08197,1.08193,0.8
EUR_USD,1640000462.0,1.08187,1.08195,1.08191,0.8
EUR_USD,1640000463.0,1.08196,1.08204,1.082,0.8
EUR_USD,1640000464.0,1.08208,1.08216,1.08212,0.8
EUR_USD,1640000465.0,1.08212,1.0822,1.08216,0.8
EUR_USD,1640000466.0,1.08221,1.08229,1.08225,0.8
EUR_USD,1640000467.0,1.0823,1.08238,1.08234,0.8
EUR_USD,1640000468.0,1.08246,1.08254,1.0825,0.8
EUR_USD,1640000469.0,1.08294,1.08302,1.08298,0.8
EUR_USD,1640000470.0,1.08318,1.08326,1.08322,0.8
EUR_USD,1640000471.0,1.08368,1.08376,1.08372,0.8
EUR_USD,1640000472.0,1.08479,1.08487,1.08483,0.8
EUR_USD,1640000473.0,1.08489,1.08497,1.08493,0.8
EUR_USD,1640000474.0,1.08487,1.08495,1.08491,0.8
EUR_USD,1640000475.0,1.08472,1.0848,1.08476,0.8
EUR_USD,1640000476.0,1.08476,1.08484,1.0848,0.8
EUR_USD,1640000477.0,1.08483,1.08491,1.08487,0.8
EUR_USD,1640000478.0,1.0851,1.08518,1.08514,0.8
EUR_USD,1640000479.0,1.08522,1.0853,1.08526,0.8
EUR_USD,1640000480.0,1.08521,1.08529,1.08525,0.8
EUR_USD,1640000481.0,1.0854,1.08548,1.08544,0.8
EUR_USD,1640000482.0,1.08559,1.08567,1.08563,0.8
EUR_USD,1640000483.0,1.08568,1.08576,1.08572,0.8
EUR_USD,1640000484.0,1.08574,1.08582,1.08578,0.8
EUR_USD,1640000485.0,1.08579,1.08587,1.08583,0.8
EUR_USD,1640000486.0,1.08593,1.08601,1.08597,0.8
EUR_USD,1640000487.0,1.08597,1.08605,1.08601,0.8
EUR_USD,1640000488.0,1.08616,1.08624,1.0862,0.8
EUR_USD,1640000489.0,1.08636,1.08644,1.0864,0.8
EUR_USD,1640000490.0,1.08687,1.08695,1.08691,0.8
EUR_USD,1640000491.0,1.08781,1.08789,1.08785,0.8
EUR_USD,1640000492.0,1.08776,1.08784,1.0878,0.8
EUR_USD,1640000493.0,1.0877,1.08778,1.08774,0.8
EUR_USD,1640000494.0,1.08782,1.0879,1.08786,0.8
EUR_USD,1640000495.0,1.0877,1.08778,1.08774,0.8
EUR_USD,1640000496.0,1.08762,1.0877,1.08766,0.8
EUR_USD,1640000497.0,1.08774,1.08782,1.08778,0.8
EUR_USD,1640000498.0,1.08756,1.08764,1.0876,0.8
EUR_USD,1640000499.0,1.08746,1.08754,1.0875,0.8
