timestamp,balance,margin_used,open_positions
2025-12-14 22:37:00+00:00,100.0,5.0,1
2025-12-14 22:40:00+00:00,100.0,10.0,2
2025-12-14 22:40:00+00:00,100.0,15.0,3
2025-12-14 22:40:00+00:00,100.0,20.0,4
2025-12-14 22:40:00+00:00,100.0,25.0,5
2025-12-14 22:40:00+00:00,100.0,30.0,6
2025-12-14 22:41:00+00:00,100.0,35.0,7
2025-12-14 22:41:00+00:00,100.0,40.0,8
2025-12-14 22:41:00+00:00,100.0,45.0,9
2025-12-14 22:41:00+00:00,100.0,50.0,10
2025-12-14 22:41:00+00:00,100.0,55.0,11
2025-12-14 22:41:00+00:00,100.0,60.0,12
2025-12-14 22:41:00+00:00,100.0,65.0,13
2025-12-14 22:41:00+00:00,100.0,70.0,14
2025-12-14 22:41:00+00:00,100.0,75.0,15
2025-12-14 22:41:00+00:00,100.0,80.0,16
2025-12-14 22:41:00+00:00,100.0,85.0,17
2025-12-14 22:42:00+00:00,100.0,90.0,18
2025-12-14 22:42:00+00:00,100.0,95.0,19
2025-12-14 22:42:00+00:00,100.0,100.0,20
2025-12-15 02:41:00+00:00,109.3000000000001,20.465000000000003,4
2025-12-15 02:41:00+00:00,109.3000000000001,25.930000000000007,5
2025-12-15 02:41:00+00:00,109.3000000000001,31.39500000000001,6
2025-12-15 02:41:00+00:00,109.3000000000001,36.860000000000014,7
2025-12-15 02:41:00+00:00,109.3000000000001,42.32500000000002,8
2025-12-15 02:41:00+00:00,109.3000000000001,47.79000000000002,9
2025-12-15 02:42:00+00:00,112.00000000000011,38.39000000000003,7
2025-12-15 02:42:00+00:00,112.00000000000011,43.99000000000004,8
2025-12-15 02:42:00+00:00,112.00000000000011,49.590000000000046,9
2025-12-15 02:42:00+00:00,112.00000000000011,55.190000000000055,10
2025-12-15 02:45:00+00:00,112.00000000000011,60.79000000000006,11
2025-12-15 02:45:00+00:00,112.00000000000011,66.39000000000007,12
2025-12-15 02:46:00+00:00,112.00000000000011,71.99000000000008,13
2025-12-15 02:46:00+00:00,112.00000000000011,77.59000000000009,14
2025-12-15 02:46:00+00:00,112.00000000000011,83.1900000000001,15
2025-12-15 02:46:00+00:00,112.00000000000011,88.7900000000001,16
2025-12-15 02:47:00+00:00,112.00000000000011,94.39000000000011,17
2025-12-15 02:48:00+00:00,112.00000000000011,99.99000000000012,18
2025-12-15 02:48:00+00:00,112.00000000000011,105.59000000000013,19
2025-12-15 02:48:00+00:00,112.00000000000011,111.19000000000014,20
2025-12-15 06:43:00+00:00,110.84220000000009,61.54211000000009,11
2025-12-15 06:43:00+00:00,110.84220000000009,67.0842200000001,12
2025-12-15 06:46:00+00:00,107.93020000000008,38.88073000000006,7
2025-12-15 06:46:00+00:00,107.93020000000008,44.27724000000006,8
2025-12-15 06:46:00+00:00,107.93020000000008,49.67375000000007,9
2025-12-15 06:46:00+00:00,107.93020000000008,55.070260000000076,10
2025-12-15 06:46:00+00:00,107.93020000000008,60.46677000000008,11
2025-12-15 06:46:00+00:00,107.93020000000008,65.86328000000009,12
2025-12-15 06:47:00+00:00,106.69820000000009,65.59819000000009,12
2025-12-15 06:47:00+00:00,106.69820000000009,70.9331000000001,13
2025-12-15 06:47:00+00:00,106.69820000000009,76.2680100000001,14
2025-12-15 06:47:00+00:00,106.69820000000009,81.60292000000011,15
2025-12-15 06:47:00+00:00,106.69820000000009,86.93783000000012,16
2025-12-15 06:47:00+00:00,106.69820000000009,92.27274000000013,17
2025-12-15 06:47:00+00:00,106.69820000000009,97.60765000000013,18
2025-12-15 06:47:00+00:00,106.69820000000009,102.94256000000014,19
2025-12-15 06:52:00+00:00,105.24220000000008,91.40467000000012,17
2025-12-15 06:52:00+00:00,105.24220000000008,96.66678000000013,18
2025-12-15 06:53:00+00:00,105.24220000000008,101.92889000000014,19
2025-12-15 10:48:00+00:00,99.30070080000003,20.75136504000004,4
2025-12-15 10:48:00+00:00,99.30070080000003,25.716400080000042,5
2025-12-15 10:49:00+00:00,99.30070080000003,30.681435120000046,6
2025-12-15 10:49:00+00:00,99.30070080000003,35.64647016000005,7
2025-12-15 10:49:00+00:00,99.30070080000003,40.61150520000005,8
2025-12-15 10:49:00+00:00,99.30070080000003,45.57654024000006,9
2025-12-15 10:49:00+00:00,99.30070080000003,50.54157528000006,10
2025-12-15 10:49:00+00:00,99.30070080000003,55.506610320000064,11
2025-12-15 10:49:00+00:00,99.30070080000003,60.47164536000007,12
2025-12-15 10:49:00+00:00,99.30070080000003,65.43668040000007,13
2025-12-15 10:50:00+00:00,99.30070080000003,70.40171544000007,14
2025-12-15 10:50:00+00:00,99.30070080000003,75.36675048000008,15
2025-12-15 10:50:00+00:00,99.30070080000003,80.33178552000008,16
2025-12-15 10:50:00+00:00,99.30070080000003,85.29682056000009,17
2025-12-15 10:50:00+00:00,99.30070080000003,90.26185560000009,18
2025-12-15 10:50:00+00:00,99.30070080000003,95.2268906400001,19
2025-12-15 10:53:00+00:00,102.14224020000003,84.54767265000007,17
2025-12-15 10:53:00+00:00,102.14224020000003,89.65478466000008,18
2025-12-15 10:54:00+00:00,102.14224020000003,94.76189667000008,19
2025-12-15 10:54:00+00:00,102.14224020000003,99.86900868000009,20
2025-12-15 14:48:00+00:00,103.92965281440004,95.13542124072009,19
2025-12-15 14:48:00+00:00,103.92965281440004,100.3319038814401,20
2025-12-15 14:49:00+00:00,111.07930327200009,66.16558872504007,13
2025-12-15 14:49:00+00:00,111.07930327200009,71.71955388864006,14
2025-12-15 14:50:00+00:00,116.44154111520012,47.75142070440005,9
2025-12-15 14:50:00+00:00,116.44154111520012,53.57349776016005,10
2025-12-15 14:50:00+00:00,116.44154111520012,59.39557481592006,11
2025-12-15 14:50:00+00:00,116.44154111520012,65.21765187168006,12
2025-12-15 14:50:00+00:00,116.44154111520012,71.03972892744007,13
2025-12-15 14:56:00+00:00,118.07581695840014,56.515071735360074,10
2025-12-15 14:58:00+00:00,118.07581695840014,62.41886258328008,11
2025-12-15 14:58:00+00:00,118.07581695840014,68.32265343120008,12
2025-12-15 14:58:00+00:00,118.07581695840014,74.22644427912009,13
2025-12-15 14:58:00+00:00,118.07581695840014,80.1302351270401,14
2025-12-15 14:59:00+00:00,118.07581695840014,86.0340259749601,15
2025-12-15 15:00:00+00:00,118.07581695840014,91.93781682288011,16
2025-12-15 15:00:00+00:00,118.07581695840014,97.84160767080012,17
2025-12-15 15:00:00+00:00,118.07581695840014,103.74539851872012,18
2025-12-15 15:00:00+00:00,118.07581695840014,109.64918936664013,19
2025-12-15 15:00:00+00:00,118.07581695840014,115.55298021456014,20
2025-12-15 18:54:00+00:00,123.02866140556333,71.09313239739828,12
2025-12-15 18:54:00+00:00,123.02866140556333,77.24456546767644,13
2025-12-15 18:55:00+00:00,123.02866140556333,83.3959985379546,14
2025-12-15 18:56:00+00:00,124.09134375818893,83.69677487794404,14
2025-12-15 18:56:00+00:00,124.09134375818893,89.90134206585348,15
2025-12-15 19:06:00+00:00,134.71816728444503,37.59934195087567,6
2025-12-15 19:07:00+00:00,134.71816728444503,44.33525031509792,7
2025-12-15 19:08:00+00:00,134.71816728444503,51.07115867932018,8
2025-12-15 19:13:00+00:00,134.71816728444503,57.80706704354243,9
2025-12-15 19:13:00+00:00,134.71816728444503,64.54297540776469,10
2025-12-15 19:15:00+00:00,134.71816728444503,71.27888377198694,11
2025-12-15 19:25:00+00:00,134.71816728444503,78.0147921362092,12
2025-12-15 19:25:00+00:00,134.71816728444503,84.75070050043145,13
2025-12-15 19:30:00+00:00,134.71816728444503,91.4866088646537,14
2025-12-15 19:39:00+00:00,134.71816728444503,98.22251722887596,15
2025-12-15 19:39:00+00:00,134.71816728444503,104.95842559309821,16
2025-12-15 19:40:00+00:00,134.71816728444503,111.69433395732047,17
2025-12-15 19:40:00+00:00,134.71816728444503,118.43024232154272,18
2025-12-15 19:41:00+00:00,134.71816728444503,125.16615068576498,19
2025-12-15 19:41:00+00:00,134.71816728444503,131.90205904998723,20
2025-12-21 22:36:00+00:00,134.87013086087046,6.7435065430435825,1
2025-12-21 22:36:00+00:00,134.87013086087046,13.487013086087106,2
2025-12-21 22:36:00+00:00,134.87013086087046,20.23051962913063,3
2025-12-21 22:36:00+00:00,134.87013086087046,26.974026172174153,4
2025-12-21 22:36:00+00:00,134.87013086087046,33.71753271521768,5
2025-12-21 22:36:00+00:00,134.87013086087046,40.4610392582612,6
2025-12-21 22:36:00+00:00,134.87013086087046,47.204545801304725,7
2025-12-21 22:36:00+00:00,134.87013086087046,53.94805234434825,8
2025-12-21 22:37:00+00:00,134.87013086087046,60.69155888739177,9
2025-12-21 22:38:00+00:00,134.87013086087046,67.4350654304353,10
2025-12-21 22:38:00+00:00,134.87013086087046,74.17857197347882,11
2025-12-21 22:38:00+00:00,134.87013086087046,80.92207851652235,12
2025-12-21 22:38:00+00:00,134.87013086087046,87.66558505956587,13
2025-12-21 22:46:00+00:00,134.87013086087046,94.4090916026094,14
2025-12-21 22:46:00+00:00,134.87013086087046,101.15259814565292,15
2025-12-21 22:46:00+00:00,134.87013086087046,107.89610468869644,16
2025-12-21 22:47:00+00:00,134.87013086087046,114.63961123173996,17
2025-12-21 22:47:00+00:00,134.87013086087046,121.38311777478349,18
2025-12-21 22:48:00+00:00,134.87013086087046,128.126624317827,19
2025-12-22 02:36:00+00:00,144.58078028285314,81.40761098762148,12
2025-12-22 02:36:00+00:00,144.58078028285314,88.63665000176414,13
2025-12-22 02:36:00+00:00,144.58078028285314,95.8656890159068,14
2025-12-22 02:36:00+00:00,144.58078028285314,103.09472803004945,15
2025-12-22 02:36:00+00:00,144.58078028285314,110.32376704419211,16
2025-12-22 02:36:00+00:00,144.58078028285314,117.55280605833477,17
2025-12-22 02:36:00+00:00,144.58078028285314,124.78184507247742,18
2025-12-22 02:36:00+00:00,144.58078028285314,132.01088408662008,19
2025-12-22 02:36:00+00:00,144.58078028285314,139.23992310076272,20
2025-12-22 02:37:00+00:00,145.79461146060098,139.78614713074924,20
2025-12-22 02:38:00+00:00,145.25513093715747,120.07487750543301,17
2025-12-22 02:38:00+00:00,145.25513093715747,127.33763405229088,18
2025-12-22 02:38:00+00:00,145.25513093715747,134.60039059914877,19
2025-12-22 02:38:00+00:00,145.25513093715747,141.86314714600664,20
2025-12-22 02:46:00+00:00,143.50181923596614,128.80771847867436,18
2025-12-22 02:46:00+00:00,143.50181923596614,135.98280944047266,19
2025-12-22 02:46:00+00:00,143.50181923596614,143.15790040227097,20
2025-12-22 02:47:00+00:00,145.9294815914618,136.967361395757,19
2025-12-22 02:47:00+00:00,145.9294815914618,144.2638354753301,20
2025-12-22 02:48:00+00:00,147.14331276920964,144.87749457074705,20
2025-12-22 06:36:00+00:00,158.85435597212071,87.7588612420692,12
2025-12-22 06:36:00+00:00,158.85435597212071,95.70157904067524,13
2025-12-22 06:36:00+00:00,158.85435597212071,103.64429683928128,14
2025-12-22 06:36:00+00:00,158.85435597212071,111.58701463788732,15
2025-12-22 06:40:00+00:00,165.39569218900382,83.51604248687599,11
2025-12-22 06:41:00+00:00,165.39569218900382,91.78582709632619,12
2025-12-22 06:42:00+00:00,165.39569218900382,100.05561170577639,13
2025-12-22 06:42:00+00:00,165.39569218900382,108.32539631522658,14
2025-12-22 06:44:00+00:00,165.39569218900382,116.59518092467678,15
2025-12-22 06:44:00+00:00,165.39569218900382,124.86496553412698,16
2025-12-22 06:53:00+00:00,167.48118902250545,89.76363830225068,11
2025-12-22 06:53:00+00:00,167.48118902250545,98.13769775337596,12
2025-12-22 06:53:00+00:00,167.48118902250545,106.51175720450124,13
2025-12-22 06:53:00+00:00,167.48118902250545,114.88581665562651,14
2025-12-22 06:53:00+00:00,167.48118902250545,123.25987610675179,15
2025-12-22 06:53:00+00:00,167.48118902250545,131.63393555787707,16
2025-12-22 06:53:00+00:00,167.48118902250545,140.00799500900234,17
2025-12-22 06:53:00+00:00,167.48118902250545,148.38205446012762,18
2025-12-22 07:04:00+00:00,167.48118902250545,156.7561139112529,19
2025-12-22 07:04:00+00:00,167.48118902250545,165.13017336237817,20
2025-12-22 11:05:00+00:00,154.26054093824533,7.713027046912394,1
2025-12-22 11:09:00+00:00,154.26054093824533,15.42605409382466,2
2025-12-22 11:11:00+00:00,154.26054093824533,23.139081140736927,3
2025-12-22 11:34:00+00:00,154.26054093824533,30.852108187649193,4
2025-12-22 11:34:00+00:00,154.26054093824533,38.56513523456146,5
2025-12-22 11:35:00+00:00,154.26054093824533,46.278162281473726,6
2025-12-22 11:35:00+00:00,154.26054093824533,53.99118932838599,7
2025-12-22 11:38:00+00:00,154.26054093824533,61.70421637529826,8
2025-12-22 11:38:00+00:00,154.26054093824533,69.41724342221053,9
2025-12-22 11:40:00+00:00,154.26054093824533,77.13027046912279,10
2025-12-22 11:40:00+00:00,154.26054093824533,84.84329751603505,11
2025-12-22 11:54:00+00:00,154.26054093824533,92.55632456294731,12
2025-12-22 11:55:00+00:00,154.26054093824533,100.26935160985957,13
2025-12-22 11:56:00+00:00,154.26054093824533,107.98237865677183,14
2025-12-22 12:11:00+00:00,154.26054093824533,115.69540570368409,15
2025-12-22 12:11:00+00:00,154.26054093824533,123.40843275059635,16
2025-12-22 12:12:00+00:00,154.26054093824533,131.1214597975086,17
2025-12-22 12:12:00+00:00,154.26054093824533,138.83448684442087,18
2025-12-22 12:14:00+00:00,154.26054093824533,146.54751389133313,19
2025-12-22 15:09:00+00:00,150.86680903760393,138.6648002493888,18
2025-12-22 15:09:00+00:00,150.86680903760393,146.208140701269,19
2025-12-22 15:26:00+00:00,149.16994308728323,145.9536108087209,19
2025-12-22 15:34:00+00:00,145.77621118664183,137.81636727422847,18
2025-12-22 15:34:00+00:00,145.77621118664183,145.10517783356056,19
2025-12-22 15:35:00+00:00,142.38247928600043,136.79824770403607,18
2025-12-22 15:38:00+00:00,145.15916902288888,128.630152061356,17
2025-12-22 15:39:00+00:00,145.15916902288888,135.88811051250045,18
2025-12-22 15:39:00+00:00,145.15916902288888,143.1460689636449,19
2025-12-22 15:57:00+00:00,149.01568254634506,112.03171785640085,15
2025-12-22 16:01:00+00:00,149.01568254634506,119.4825019837181,16
2025-12-22 16:01:00+00:00,149.01568254634506,126.93328611103534,17
2025-12-22 16:04:00+00:00,149.01568254634506,134.3840702383526,18
2025-12-22 16:08:00+00:00,149.01568254634506,141.83485436566986,19
2025-12-22 16:11:00+00:00,148.70716146446858,133.84415834506876,18
2025-12-22 16:11:00+00:00,148.70716146446858,141.2795164182922,19
2025-12-22 16:12:00+00:00,148.3986403825921,133.2733943435973,18
2025-12-22 16:12:00+00:00,148.3986403825921,140.6933263627269,19
2025-12-22 16:12:00+00:00,148.3986403825921,148.11325838185653,20
2025-12-22 16:14:00+00:00,149.78698525103633,147.8895805974961,20
2025-12-22 19:20:00+00:00,146.46791545220904,140.12629546634614,19
2025-12-22 19:33:00+00:00,147.8104449399946,140.0583205589817,19
2025-12-22 19:33:00+00:00,147.8104449399946,147.44884280598143,20
2025-12-22 20:07:00+00:00,140.5015805103405,81.20016488583192,11
2025-12-22 20:07:00+00:00,140.5015805103405,88.22524391134895,12
2025-12-22 20:07:00+00:00,140.5015805103405,95.25032293686598,13
2025-12-22 20:07:00+00:00,140.5015805103405,102.27540196238301,14
2025-12-22 20:07:00+00:00,140.5015805103405,109.30048098790004,15
2025-12-22 20:07:00+00:00,140.5015805103405,116.32556001341707,16
2025-12-22 20:25:00+00:00,146.9063239095555,71.60023061519013,10
2025-12-22 20:25:00+00:00,146.9063239095555,78.9455468106679,11
2025-12-22 20:27:00+00:00,146.9063239095555,86.29086300614568,12
2025-12-22 20:34:00+00:00,146.9063239095555,93.63617920162346,13
2025-12-22 20:34:00+00:00,146.9063239095555,100.98149539710124,14
2025-12-22 20:34:00+00:00,146.9063239095555,108.32681159257902,15
2025-12-22 20:34:00+00:00,146.9063239095555,115.6721277880568,16
2025-12-22 20:35:00+00:00,146.9063239095555,123.01744398353458,17
2025-12-22 20:35:00+00:00,146.9063239095555,130.36276017901235,18
2025-12-22 20:35:00+00:00,146.9063239095555,137.70807637449013,19
2025-12-22 20:36:00+00:00,146.9063239095555,145.0533925699679,20
2025-12-28 22:36:00+00:00,154.567354972976,7.7283677486491005,1
2025-12-28 22:36:00+00:00,154.567354972976,15.4567354972979,2
2025-12-28 22:36:00+00:00,154.567354972976,23.1851032459467,3
2025-12-28 22:36:00+00:00,154.567354972976,30.9134709945955,4
2025-12-28 22:36:00+00:00,154.567354972976,38.6418387432443,5
2025-12-28 22:39:00+00:00,154.567354972976,46.3702064918931,6
2025-12-28 22:39:00+00:00,154.567354972976,54.0985742405419,7
2025-12-28 22:39:00+00:00,154.567354972976,61.8269419891907,8
2025-12-28 22:39:00+00:00,154.567354972976,69.55530973783951,9
2025-12-28 22:39:00+00:00,154.567354972976,77.2836774864883,10
2025-12-28 22:39:00+00:00,154.567354972976,85.0120452351371,11
2025-12-28 22:39:00+00:00,154.567354972976,92.74041298378589,12
2025-12-28 22:39:00+00:00,154.567354972976,100.46878073243468,13
2025-12-28 22:42:00+00:00,154.567354972976,108.19714848108347,14
2025-12-28 22:45:00+00:00,154.567354972976,115.92551622973227,15
2025-12-28 22:45:00+00:00,154.567354972976,123.65388397838106,16
2025-12-28 22:45:00+00:00,154.567354972976,131.38225172702985,17
2025-12-28 22:45:00+00:00,154.567354972976,139.11061947567865,18
2025-12-28 22:45:00+00:00,154.567354972976,146.83898722432744,19
2025-12-29 02:36:00+00:00,146.06615044946238,115.5004560035566,15
2025-12-29 02:36:00+00:00,146.06615044946238,122.80376352602971,16
2025-12-29 02:36:00+00:00,146.06615044946238,130.10707104850283,17
2025-12-29 02:38:00+00:00,146.06615044946238,137.41037857097595,18
2025-12-29 02:38:00+00:00,146.06615044946238,144.71368609344907,19
2025-12-29 02:40:00+00:00,141.73826451021912,89.97365732976968,12
2025-12-29 02:40:00+00:00,141.73826451021912,97.06057055528063,13
2025-12-29 02:40:00+00:00,141.73826451021912,104.14748378079159,14
2025-12-29 02:40:00+00:00,141.73826451021912,111.23439700630254,15
2025-12-29 02:40:00+00:00,141.73826451021912,118.3213102318135,16
2025-12-29 02:40:00+00:00,141.73826451021912,125.40822345732445,17
2025-12-29 02:41:00+00:00,141.73826451021912,132.4951366828354,18
2025-12-29 02:42:00+00:00,140.0380236055164,131.76867011446242,18
2025-12-29 02:42:00+00:00,140.0380236055164,138.77057129473823,19
2025-12-29 02:45:00+00:00,134.6281661814623,106.86014086056738,15
2025-12-29 02:45:00+00:00,134.6281661814623,113.5915491696405,16
2025-12-29 02:45:00+00:00,134.6281661814623,120.32295747871362,17
2025-12-29 02:45:00+00:00,134.6281661814623,127.05436578778674,18
2025-12-29 02:46:00+00:00,134.6281661814623,133.78577409685985,19
2025-12-29 06:37:00+00:00,138.5719522435978,118.80444914162038,17
2025-12-29 06:37:00+00:00,138.5719522435978,125.73304675380027,18
2025-12-29 06:37:00+00:00,138.5719522435978,132.66164436598015,19
2025-12-29 06:39:00+00:00,141.20114295168813,125.11508646861832,18
2025-12-29 06:39:00+00:00,141.20114295168813,132.17514361620272,19
2025-12-29 06:41:00+00:00,141.62635774521885,89.64806892488697,13
2025-12-29 06:41:00+00:00,141.62635774521885,96.72938681214791,14
2025-12-29 06:42:00+00:00,144.14704217011814,89.93293656010216,13
2025-12-29 06:42:00+00:00,144.14704217011814,97.14028866860806,14
2025-12-29 06:43:00+00:00,144.14704217011814,104.34764077711397,15
2025-12-29 06:43:00+00:00,144.14704217011814,111.55499288561987,16
2025-12-29 06:44:00+00:00,144.14704217011814,118.76234499412577,17
2025-12-29 06:48:00+00:00,147.5127463246547,92.48094076499292,13
2025-12-29 06:53:00+00:00,147.5127463246547,99.85657808122566,14
2025-12-29 06:54:00+00:00,147.5127463246547,107.2322153974584,15
2025-12-29 06:57:00+00:00,147.5127463246547,114.60785271369114,16
2025-12-29 06:59:00+00:00,147.5127463246547,121.98349002992389,17
2025-12-29 06:59:00+00:00,147.5127463246547,129.3591273461566,18
2025-12-29 06:59:00+00:00,147.5127463246547,136.73476466238935,19
2025-12-29 06:59:00+00:00,147.5127463246547,144.1104019786221,20
2025-12-29 10:37:00+00:00,151.2541890352318,130.88731859384401,18
2025-12-29 10:37:00+00:00,151.2541890352318,138.4500280456056,19
2025-12-29 10:39:00+00:00,150.97178674932843,131.8785030879032,18
2025-12-29 10:39:00+00:00,150.97178674932843,139.4270924253696,19
2025-12-29 10:40:00+00:00,150.97178674932843,146.97568176283602,20
2025-12-29 10:44:00+00:00,154.34262377658894,104.49341663461405,14
2025-12-29 10:44:00+00:00,154.34262377658894,112.21054782344349,15
2025-12-29 10:52:00+00:00,155.67023849351082,112.61842243188629,15
2025-12-29 10:52:00+00:00,155.67023849351082,120.40193435656182,16
2025-12-29 10:53:00+00:00,156.9978532104327,120.87618970085072,16
2025-12-29 10:53:00+00:00,156.9978532104327,128.72608236137236,17
2025-12-29 10:54:00+00:00,155.3752130008615,129.1192056951827,17
2025-12-29 10:54:00+00:00,155.3752130008615,136.88796634522578,18
2025-12-29 10:54:00+00:00,155.3752130008615,144.65672699526885,19
2025-12-29 10:54:00+00:00,155.3752130008615,152.42548764531193,20
2025-12-29 10:57:00+00:00,153.75257279129028,152.7374789686437,20
2025-12-29 10:59:00+00:00,156.11277673248475,131.04056854033698,17
2025-12-29 10:59:00+00:00,156.11277673248475,138.84620737696122,18
2025-12-29 10:59:00+00:00,156.11277673248475,146.65184621358546,19
2025-12-29 10:59:00+00:00,156.11277673248475,154.4574850502097,20
2025-12-29 14:38:00+00:00,152.78518457370967,146.97132537537203,19
2025-12-29 14:40:00+00:00,147.80311561098182,131.71571314352187,17
2025-12-29 14:40:00+00:00,147.80311561098182,139.10586892407096,18
2025-12-29 14:40:00+00:00,147.80311561098182,146.49602470462005,19
2025-12-29 14:46:00+00:00,147.49443036342865,138.43648384513259,18
2025-12-29 14:46:00+00:00,147.49443036342865,145.81120536330403,19
2025-12-29 14:53:00+00:00,153.1224560140996,122.20051899361466,16
2025-12-29 14:53:00+00:00,153.1224560140996,129.85664179431964,17
2025-12-29 14:53:00+00:00,153.1224560140996,137.51276459502463,18
2025-12-29 14:53:00+00:00,153.1224560140996,145.16888739572963,19
2025-12-29 14:53:00+00:00,153.1224560140996,152.82501019643462,20
2025-12-29 14:57:00+00:00,160.0997368372523,122.06732579856042,16
2025-12-29 14:57:00+00:00,160.0997368372523,130.07231264042304,17
2025-12-29 14:57:00+00:00,160.0997368372523,138.07729948228564,18
2025-12-29 14:57:00+00:00,160.0997368372523,146.08228632414824,19
2025-12-29 14:57:00+00:00,160.0997368372523,154.08727316601085,20
2025-12-29 14:59:00+00:00,165.7197967996217,131.15070765949497,17
2025-12-29 14:59:00+00:00,165.7197967996217,139.43669749947605,18
2025-12-29 14:59:00+00:00,165.7197967996217,147.72268733945714,19
2025-12-29 14:59:00+00:00,165.7197967996217,156.00867717943822,20
2025-12-29 14:59:00+00:00,165.7197967996217,164.2946670194193,21
2025-12-29 18:39:00+00:00,167.09486346078506,165.01015096377307,21
2025-12-29 18:46:00+00:00,158.97248317762723,136.03886474466427,17
2025-12-29 18:46:00+00:00,158.97248317762723,143.98748890354562,18
2025-12-29 18:46:00+00:00,158.97248317762723,151.93611306242698,19
2025-12-29 18:57:00+00:00,157.7552362545281,81.51832666231537,10
2025-12-29 18:58:00+00:00,157.7552362545281,89.40608847504178,11
2025-12-29 18:59:00+00:00,158.58383523852623,55.90533103706267,7
2025-12-29 19:00:00+00:00,158.58383523852623,63.834522798988985,8
2025-12-29 19:00:00+00:00,158.58383523852623,71.7637145609153,9
2025-12-29 19:06:00+00:00,158.58383523852623,79.69290632284162,10
2025-12-29 19:06:00+00:00,158.58383523852623,87.62209808476794,11
2025-12-29 19:12:00+00:00,158.58383523852623,95.55128984669426,12
2025-12-29 19:12:00+00:00,158.58383523852623,103.48048160862058,13
2025-12-29 19:13:00+00:00,158.58383523852623,111.4096733705469,14
2025-12-29 19:13:00+00:00,158.58383523852623,119.33886513247322,15
2025-12-29 19:20:00+00:00,158.58383523852623,127.26805689439954,16
2025-12-29 19:20:00+00:00,158.58383523852623,135.19724865632585,17
2025-12-29 19:21:00+00:00,158.58383523852623,143.12644041825217,18
2025-12-29 19:21:00+00:00,158.58383523852623,151.0556321801785,19
2026-01-04 22:35:00+00:00,157.0761361653743,7.853806808268978,1
2026-01-04 22:35:00+00:00,157.0761361653743,15.707613616537692,2
2026-01-04 22:36:00+00:00,157.0761361653743,23.561420424806407,3
2026-01-04 22:36:00+00:00,157.0761361653743,31.41522723307512,4
2026-01-04 22:36:00+00:00,157.0761361653743,39.269034041343836,5
2026-01-04 22:36:00+00:00,157.0761361653743,47.12284084961255,6
2026-01-04 22:36:00+00:00,157.0761361653743,54.976647657881266,7
2026-01-04 22:37:00+00:00,157.0761361653743,62.83045446614998,8
2026-01-04 22:37:00+00:00,157.0761361653743,70.6842612744187,9
2026-01-04 22:37:00+00:00,157.0761361653743,78.53806808268742,10
2026-01-04 22:37:00+00:00,157.0761361653743,86.39187489095613,11
2026-01-04 22:37:00+00:00,157.0761361653743,94.24568169922485,12
2026-01-04 22:37:00+00:00,157.0761361653743,102.09948850749356,13
2026-01-04 22:37:00+00:00,157.0761361653743,109.95329531576228,14
2026-01-04 22:37:00+00:00,157.0761361653743,117.80710212403099,15
2026-01-04 22:37:00+00:00,157.0761361653743,125.6609089322997,16
2026-01-04 22:37:00+00:00,157.0761361653743,133.51471574056842,17
2026-01-04 22:37:00+00:00,157.0761361653743,141.36852254883712,18
2026-01-04 22:38:00+00:00,157.0761361653743,149.22232935710582,19
2026-01-05 02:35:00+00:00,159.90350661635102,141.50989107138597,18
2026-01-05 02:35:00+00:00,159.90350661635102,149.5050664022035,19
2026-01-05 02:35:00+00:00,159.90350661635102,157.50024173302106,20
2026-01-05 02:37:00+00:00,182.52247022416486,40.96545631192988,5
2026-01-05 02:37:00+00:00,182.52247022416486,50.09157982313812,6
2026-01-05 02:37:00+00:00,182.52247022416486,59.21770333434636,7
2026-01-05 02:37:00+00:00,182.52247022416486,68.3438268455546,8
2026-01-05 02:37:00+00:00,182.52247022416486,77.46995035676285,9
2026-01-05 02:37:00+00:00,182.52247022416486,86.5960738679711,10
2026-01-05 02:37:00+00:00,182.52247022416486,95.72219737917935,11
2026-01-05 02:38:00+00:00,183.93615544965323,97.06519834339329,11
2026-01-05 02:39:00+00:00,183.93615544965323,106.26200611587595,12
2026-01-05 02:39:00+00:00,183.93615544965323,115.4588138883586,13
2026-01-05 02:39:00+00:00,183.93615544965323,124.65562166084126,14
2026-01-05 02:39:00+00:00,183.93615544965323,133.85242943332392,15
2026-01-05 02:39:00+00:00,183.93615544965323,143.04923720580658,16
2026-01-05 02:40:00+00:00,183.93615544965323,152.24604497828923,17
2026-01-05 02:40:00+00:00,183.93615544965323,161.4428527507719,18
2026-01-05 02:40:00+00:00,183.93615544965323,170.63966052325455,19
2026-01-05 02:40:00+00:00,183.93615544965323,179.8364682957372,20
2026-01-05 06:35:00+00:00,188.25355012829468,165.2636198096993,18
2026-01-05 06:35:00+00:00,188.25355012829468,174.67629731611402,19
2026-01-05 06:45:00+00:00,175.89731295298174,27.620220660478786,3
2026-01-05 06:58:00+00:00,175.89731295298174,36.415086308127876,4
2026-01-05 06:58:00+00:00,175.89731295298174,45.209951955776965,5
2026-01-05 06:58:00+00:00,175.89731295298174,54.004817603426055,6
2026-01-05 06:58:00+00:00,175.89731295298174,62.799683251075145,7
2026-01-05 06:58:00+00:00,175.89731295298174,71.59454889872423,8
2026-01-05 06:58:00+00:00,175.89731295298174,80.38941454637332,9
2026-01-05 07:01:00+00:00,175.89731295298174,89.1842801940224,10
2026-01-05 07:01:00+00:00,175.89731295298174,97.9791458416715,11
2026-01-05 07:04:00+00:00,175.89731295298174,106.77401148932059,12
2026-01-05 07:04:00+00:00,175.89731295298174,115.56887713696968,13
2026-01-05 07:07:00+00:00,175.89731295298174,124.36374278461876,14
2026-01-05 07:07:00+00:00,175.89731295298174,133.15860843226784,15
2026-01-05 07:08:00+00:00,175.89731295298174,141.95347407991693,16
2026-01-05 07:08:00+00:00,175.89731295298174,150.74833972756602,17
2026-01-05 07:09:00+00:00,175.89731295298174,159.5432053752151,18
2026-01-05 07:09:00+00:00,175.89731295298174,168.3380710228642,19
2026-01-05 10:35:00+00:00,179.28587685529106,158.4770098527993,18
2026-01-05 10:36:00+00:00,179.28587685529106,167.44130369556387,19
2026-01-05 10:36:00+00:00,179.28587685529106,176.40559753832844,20
2026-01-05 10:45:00+00:00,177.35100641280826,176.47828221131977,20
2026-01-05 10:58:00+00:00,183.33151505320964,132.87566407808572,15
2026-01-05 10:58:00+00:00,183.33151505320964,142.0422398307462,16
2026-01-05 10:58:00+00:00,183.33151505320964,151.2088155834067,17
2026-01-05 11:00:00+00:00,183.33151505320964,160.3753913360672,18
2026-01-05 11:00:00+00:00,183.33151505320964,169.5419670887277,19
2026-01-05 11:01:00+00:00,186.49766668636332,161.27711912774768,18
2026-01-05 11:02:00+00:00,186.49766668636332,170.60200246206585,19
2026-01-05 11:04:00+00:00,189.663818319517,162.49546208274353,18
2026-01-05 11:04:00+00:00,189.663818319517,171.97865299871938,19
2026-01-05 11:04:00+00:00,189.663818319517,181.46184391469524,20
2026-01-05 11:07:00+00:00,185.79407743455138,173.16181649112463,19
2026-01-05 11:09:00+00:00,185.09048818273945,147.23687830966523,16
2026-01-05 11:09:00+00:00,185.09048818273945,156.4914027188022,17
2026-01-05 11:10:00+00:00,185.09048818273945,165.74592712793915,18
2026-01-05 11:11:00+00:00,185.09048818273945,175.00045153707612,19
2026-01-05 11:11:00+00:00,185.09048818273945,184.25497594621308,20
2026-01-05 14:37:00+00:00,189.93120685783234,166.85865476081102,18
2026-01-05 14:37:00+00:00,189.93120685783234,176.35521510370265,19
2026-01-05 14:37:00+00:00,189.93120685783234,185.85177544659427,20
2026-01-05 14:45:00+00:00,191.52736591554762,186.56059342173123,20
2026-01-05 14:58:00+00:00,185.47742591879168,168.33473745968934,18
2026-01-05 14:58:00+00:00,185.47742591879168,177.60860875562892,19
2026-01-05 15:00:00+00:00,188.77739318974946,168.7143269097954,18
2026-01-05 15:00:00+00:00,188.77739318974946,178.15319656928287,19
2026-01-05 15:00:00+00:00,188.77739318974946,187.59206622877034,20
2026-01-05 15:02:00+00:00,192.134351190104,178.5490171196392,19
2026-01-05 15:02:00+00:00,192.134351190104,188.1557346791444,20
2026-01-05 15:04:00+00:00,185.87544518555993,168.99993419049483,18
2026-01-05 15:04:00+00:00,185.87544518555993,178.29370644977283,19
2026-01-05 15:07:00+00:00,187.5475918824709,178.3813821721688,19
2026-01-05 15:11:00+00:00,184.7712345597298,141.34732185447047,15
2026-01-05 15:11:00+00:00,184.7712345597298,150.58588358245694,16
2026-01-05 15:11:00+00:00,184.7712345597298,159.82444531044342,17
2026-01-05 15:11:00+00:00,184.7712345597298,169.0630070384299,18
2026-01-05 15:11:00+00:00,184.7712345597298,178.30156876641638,19
2026-01-05 18:37:00+00:00,178.50350473342132,158.73706297441257,17
2026-01-05 18:37:00+00:00,178.50350473342132,167.66223821108363,18
2026-01-05 18:38:00+00:00,178.50350473342132,176.5874134477547,19
2026-01-05 18:45:00+00:00,180.22725102666126,176.0224077033104,19
2026-01-05 19:17:00+00:00,194.2836748811429,45.501072005403564,5
2026-01-05 19:17:00+00:00,194.2836748811429,55.21525574946071,6
2026-01-05 19:20:00+00:00,194.2836748811429,64.92943949351786,7
2026-01-05 19:20:00+00:00,194.2836748811429,74.64362323757501,8
2026-01-05 19:21:00+00:00,194.2836748811429,84.35780698163217,9
2026-01-05 19:21:00+00:00,194.2836748811429,94.07199072568932,10
2026-01-05 19:24:00+00:00,194.2836748811429,103.78617446974647,11
2026-01-05 19:24:00+00:00,194.2836748811429,113.50035821380362,12
2026-01-05 19:26:00+00:00,194.2836748811429,123.21454195786077,13
2026-01-05 19:27:00+00:00,194.2836748811429,132.92872570191793,14
2026-01-05 19:28:00+00:00,194.2836748811429,142.64290944597508,15
2026-01-05 19:28:00+00:00,194.2836748811429,152.35709319003223,16
2026-01-05 19:28:00+00:00,194.2836748811429,162.07127693408938,17
2026-01-05 19:28:00+00:00,194.2836748811429,171.78546067814653,18
2026-01-05 19:29:00+00:00,194.2836748811429,181.4996444222037,19
2026-01-05 19:29:00+00:00,194.2836748811429,191.21382816626084,20
2026-01-11 22:39:00+00:00,207.61208819123368,10.380604409561876,1
2026-01-11 22:39:00+00:00,207.61208819123368,20.76120881912356,2
2026-01-11 23:02:00+00:00,207.61208819123368,31.141813228685244,3
2026-01-11 23:02:00+00:00,207.61208819123368,41.52241763824693,4
2026-01-11 23:02:00+00:00,207.61208819123368,51.90302204780861,5
2026-01-11 23:02:00+00:00,207.61208819123368,62.283626457370296,6
2026-01-11 23:04:00+00:00,207.61208819123368,72.66423086693197,7
2026-01-11 23:05:00+00:00,207.61208819123368,83.04483527649366,8
2026-01-11 23:12:00+00:00,207.61208819123368,93.42543968605534,9
2026-01-11 23:12:00+00:00,207.61208819123368,103.80604409561703,10
2026-01-11 23:12:00+00:00,207.61208819123368,114.18664850517871,11
2026-01-11 23:12:00+00:00,207.61208819123368,124.5672529147404,12
2026-01-11 23:13:00+00:00,207.61208819123368,134.94785732430208,13
2026-01-11 23:13:00+00:00,207.61208819123368,145.32846173386378,14
2026-01-11 23:13:00+00:00,207.61208819123368,155.70906614342545,15
2026-01-11 23:13:00+00:00,207.61208819123368,166.08967055298712,16
2026-01-11 23:20:00+00:00,207.61208819123368,176.47027496254879,17
2026-01-11 23:20:00+00:00,207.61208819123368,186.85087937211046,18
2026-01-11 23:20:00+00:00,207.61208819123368,197.23148378167213,19
2026-01-12 02:40:00+00:00,203.04462225102657,186.62250607510012,18
2026-01-12 02:40:00+00:00,203.04462225102657,196.77473718765145,19
2026-01-12 03:08:00+00:00,201.7989497218792,144.5810582163754,14
2026-01-12 03:08:00+00:00,201.7989497218792,154.67100570246936,15
2026-01-12 03:08:00+00:00,201.7989497218792,164.76095318856332,16
2026-01-12 03:08:00+00:00,201.7989497218792,174.85090067465728,17
2026-01-12 03:08:00+00:00,201.7989497218792,184.94084816075124,18
2026-01-12 03:09:00+00:00,201.7989497218792,195.0307956468452,19
2026-01-12 03:21:00+00:00,189.13461234221407,90.30087775877747,9
2026-01-12 03:21:00+00:00,189.13461234221407,99.75760837588818,10
2026-01-12 03:23:00+00:00,189.13461234221407,109.21433899299889,11
2026-01-12 03:23:00+00:00,189.13461234221407,118.6710696101096,12
2026-01-12 03:23:00+00:00,189.13461234221407,128.1278002272203,13
2026-01-12 03:23:00+00:00,189.13461234221407,137.584530844331,14
2026-01-12 03:23:00+00:00,189.13461234221407,147.0412614614417,15
2026-01-12 03:23:00+00:00,189.13461234221407,156.49799207855241,16
2026-01-12 03:24:00+00:00,189.13461234221407,165.95472269566312,17
2026-01-12 03:24:00+00:00,189.13461234221407,175.41145331277383,18
2026-01-12 03:24:00+00:00,189.13461234221407,184.86818392988454,19
2026-01-12 06:40:00+00:00,184.66763065269149,173.79710323741645,18
2026-01-12 06:40:00+00:00,184.66763065269149,183.03048477005103,19
2026-01-12 07:08:00+00:00,177.60466741242573,141.4609807102025,15
2026-01-12 07:08:00+00:00,177.60466741242573,150.3412140808238,16
2026-01-12 07:08:00+00:00,177.60466741242573,159.22144745144507,17
2026-01-12 07:08:00+00:00,177.60466741242573,168.10168082206636,18
2026-01-12 07:08:00+00:00,177.60466741242573,176.98191419268764,19
2026-01-12 07:21:00+00:00,178.7893019876449,156.9179705717545,17
2026-01-12 07:21:00+00:00,178.7893019876449,165.85743567113673,18
2026-01-12 07:21:00+00:00,178.7893019876449,174.79690077051896,19
2026-01-12 07:23:00+00:00,189.00257105412445,127.50664562056093,14
2026-01-12 07:23:00+00:00,189.00257105412445,136.95677417326715,15
2026-01-12 07:24:00+00:00,194.10920558736422,118.29204260130324,13
2026-01-12 07:26:00+00:00,194.10920558736422,127.99750288067145,14
2026-01-12 07:26:00+00:00,194.10920558736422,137.70296316003964,15
2026-01-12 07:28:00+00:00,194.10920558736422,147.40842343940784,16
2026-01-12 07:28:00+00:00,194.10920558736422,157.11388371877604,17
2026-01-12 07:29:00+00:00,194.10920558736422,166.81934399814423,18
2026-01-12 07:29:00+00:00,194.10920558736422,176.52480427751243,19
2026-01-12 07:29:00+00:00,194.10920558736422,186.23026455688063,20
2026-01-12 10:41:00+00:00,197.43322293911268,177.6351626385671,19
2026-01-12 10:41:00+00:00,197.43322293911268,187.50682378552273,20
2026-01-12 10:41:00+00:00,197.43322293911268,197.37848493247836,21
2026-01-12 11:08:00+00:00,198.3212462761748,162.89338039318068,17
2026-01-12 11:08:00+00:00,198.3212462761748,172.80944270698942,18
2026-01-12 11:09:00+00:00,198.3212462761748,182.72550502079815,19
2026-01-12 11:09:00+00:00,198.3212462761748,192.6415673346069,20
2026-01-12 11:27:00+00:00,207.90936814792704,128.20200250033946,13
2026-01-12 11:28:00+00:00,211.4033338484996,119.36124863402802,12
2026-01-12 11:28:00+00:00,211.4033338484996,129.931415326453,13
2026-01-12 11:31:00+00:00,216.64428239935847,111.64724860831629,11
2026-01-12 11:31:00+00:00,216.64428239935847,122.47946272828422,12
2026-01-12 11:34:00+00:00,216.64428239935847,133.31167684825215,13
2026-01-12 11:34:00+00:00,216.64428239935847,144.14389096822006,14
2026-01-12 11:35:00+00:00,216.64428239935847,154.97610508818798,15
2026-01-12 11:35:00+00:00,216.64428239935847,165.8083192081559,16
2026-01-12 11:37:00+00:00,216.64428239935847,176.6405333281238,17
2026-01-12 11:37:00+00:00,216.64428239935847,187.47274744809172,18
2026-01-12 11:37:00+00:00,216.64428239935847,198.30496156805964,19
2026-01-12 11:38:00+00:00,216.64428239935847,209.13717568802755,20
2026-01-12 14:41:00+00:00,221.97497941871455,190.6209412180964,18
2026-01-12 14:42:00+00:00,221.97497941871455,201.71969018903212,19
2026-01-12 14:43:00+00:00,221.97497941871455,212.81843915996785,20
2026-01-12 15:08:00+00:00,217.6119120006387,203.86691013238232,19
2026-01-12 15:08:00+00:00,217.6119120006387,214.74750573241425,20
2026-01-12 15:11:00+00:00,213.24884458256287,205.57782333392493,19
2026-01-12 15:29:00+00:00,206.31096818826867,184.35756995109205,17
2026-01-12 15:29:00+00:00,206.31096818826867,194.67311836050547,18
2026-01-12 15:29:00+00:00,206.31096818826867,204.9886667699189,19
2026-01-12 15:35:00+00:00,205.01110249387253,150.24593717480502,14
2026-01-12 15:36:00+00:00,205.01110249387253,160.49649229949864,15
2026-01-12 15:37:00+00:00,202.19472682268088,138.10958628072893,13
2026-01-12 15:37:00+00:00,202.19472682268088,148.21932262186297,14
2026-01-12 15:37:00+00:00,202.19472682268088,158.329058962997,15
2026-01-12 15:37:00+00:00,202.19472682268088,168.43879530413105,16
2026-01-12 15:38:00+00:00,199.81163971628794,167.59716316997753,16
2026-01-12 15:38:00+00:00,199.81163971628794,177.58774515579194,17
2026-01-12 15:38:00+00:00,199.81163971628794,187.57832714160634,18
2026-01-12 15:38:00+00:00,199.81163971628794,197.56890912742074,19
2026-01-12 18:46:00+00:00,205.80496416059324,174.5629104226432,17
2026-01-12 18:47:00+00:00,205.80496416059324,184.85315863067285,18
2026-01-12 18:48:00+00:00,205.80496416059324,195.1434068387025,19
2026-01-12 18:48:00+00:00,205.80496416059324,205.43365504673216,20
2026-01-12 19:09:00+00:00,209.72197857660476,194.15856277549852,19
2026-01-12 19:09:00+00:00,209.72197857660476,204.64466170432877,20
2026-01-12 19:11:00+00:00,211.64121817784783,204.56428038409302,20
2026-01-12 19:44:00+00:00,223.12537183736714,83.87152019054011,8
2026-01-12 19:44:00+00:00,223.12537183736714,95.02778878240846,9
2026-01-12 19:44:00+00:00,223.12537183736714,106.18405737427682,10
2026-01-12 19:45:00+00:00,223.12537183736714,117.34032596614517,11
2026-01-12 19:52:00+00:00,223.12537183736714,128.49659455801353,12
2026-01-12 19:52:00+00:00,223.12537183736714,139.65286314988188,13
2026-01-12 19:54:00+00:00,223.12537183736714,150.80913174175024,14
2026-01-12 20:07:00+00:00,223.12537183736714,161.9654003336186,15
2026-01-12 20:07:00+00:00,223.12537183736714,173.12166892548694,16
2026-01-12 20:10:00+00:00,223.12537183736714,184.2779375173553,17
2026-01-12 20:10:00+00:00,223.12537183736714,195.43420610922365,18
2026-01-12 20:15:00+00:00,223.12537183736714,206.590474701092,19
2026-01-12 20:15:00+00:00,223.12537183736714,217.74674329296036,20
2026-01-18 22:35:00+00:00,231.08223357286852,11.554111678643672,1
2026-01-18 22:35:00+00:00,231.08223357286852,23.1082233572871,2
2026-01-18 22:36:00+00:00,231.08223357286852,34.662335035930525,3
2026-01-18 22:36:00+00:00,231.08223357286852,46.21644671457395,4
2026-01-18 22:36:00+00:00,231.08223357286852,57.77055839321737,5
2026-01-18 22:36:00+00:00,231.08223357286852,69.3246700718608,6
2026-01-18 22:36:00+00:00,231.08223357286852,80.87878175050422,7
2026-01-18 22:36:00+00:00,231.08223357286852,92.43289342914764,8
2026-01-18 22:36:00+00:00,231.08223357286852,103.98700510779106,9
2026-01-18 22:36:00+00:00,231.08223357286852,115.54111678643449,10
2026-01-18 22:36:00+00:00,231.08223357286852,127.09522846507791,11
2026-01-18 22:36:00+00:00,231.08223357286852,138.64934014372133,12
2026-01-18 22:36:00+00:00,231.08223357286852,150.20345182236477,13
2026-01-18 22:36:00+00:00,231.08223357286852,161.7575635010082,14
2026-01-18 22:36:00+00:00,231.08223357286852,173.31167517965164,15
2026-01-18 22:36:00+00:00,231.08223357286852,184.86578685829508,16
2026-01-18 22:36:00+00:00,231.08223357286852,196.41989853693852,17
2026-01-18 22:37:00+00:00,231.08223357286852,207.97401021558196,18
2026-01-18 22:37:00+00:00,231.08223357286852,219.5281218942254,19
2026-01-19 02:37:00+00:00,242.86742748508493,12.14337137425449,1
2026-01-19 02:37:00+00:00,242.86742748508493,24.286742748508736,2
2026-01-19 02:37:00+00:00,242.86742748508493,36.43011412276298,3
2026-01-19 02:37:00+00:00,242.86742748508493,48.573485497017224,4
2026-01-19 02:37:00+00:00,242.86742748508493,60.71685687127147,5
2026-01-19 02:37:00+00:00,242.86742748508493,72.86022824552572,6
2026-01-19 02:37:00+00:00,242.86742748508493,85.00359961977996,7
2026-01-19 02:37:00+00:00,242.86742748508493,97.1469709940342,8
2026-01-19 02:38:00+00:00,242.86742748508493,109.29034236828845,9
2026-01-19 02:38:00+00:00,242.86742748508493,121.4337137425427,10
2026-01-19 02:38:00+00:00,242.86742748508493,133.57708511679695,11
2026-01-19 02:38:00+00:00,242.86742748508493,145.7204564910512,12
2026-01-19 02:38:00+00:00,242.86742748508493,157.86382786530547,13
2026-01-19 02:38:00+00:00,242.86742748508493,170.00719923955972,14
2026-01-19 02:42:00+00:00,242.86742748508493,182.15057061381398,15
2026-01-19 02:42:00+00:00,242.86742748508493,194.29394198806824,16
2026-01-19 02:42:00+00:00,242.86742748508493,206.4373133623225,17
2026-01-19 02:42:00+00:00,242.86742748508493,218.58068473657676,18
2026-01-19 02:44:00+00:00,242.86742748508493,230.72405611083101,19
2026-01-19 06:40:00+00:00,258.8966776991005,73.6616907562265,6
2026-01-19 06:40:00+00:00,258.8966776991005,86.60652464118152,7
2026-01-19 06:41:00+00:00,258.8966776991005,99.55135852613654,8
2026-01-19 06:41:00+00:00,258.8966776991005,112.49619241109156,9
2026-01-19 06:52:00+00:00,269.82571193592935,65.27062113661681,5
2026-01-19 06:52:00+00:00,269.82571193592935,78.76190673341328,6
2026-01-19 07:05:00+00:00,269.82571193592935,92.25319233020976,7
2026-01-19 07:05:00+00:00,269.82571193592935,105.74447792700623,8
2026-01-19 07:14:00+00:00,269.82571193592935,119.2357635238027,9
2026-01-19 07:14:00+00:00,269.82571193592935,132.72704912059916,10
2026-01-19 07:24:00+00:00,269.82571193592935,146.21833471739563,11
2026-01-19 07:24:00+00:00,269.82571193592935,159.7096203141921,12
2026-01-19 07:25:00+00:00,269.82571193592935,173.20090591098858,13
2026-01-19 07:25:00+00:00,269.82571193592935,186.69219150778505,14
2026-01-19 07:25:00+00:00,269.82571193592935,200.18347710458153,15
2026-01-19 07:25:00+00:00,269.82571193592935,213.674762701378,16
2026-01-19 07:29:00+00:00,269.82571193592935,227.16604829817447,17
2026-01-19 07:29:00+00:00,269.82571193592935,240.65733389497095,18
2026-01-19 07:31:00+00:00,269.82571193592935,254.14861949176742,19
2026-01-19 07:34:00+00:00,269.82571193592935,267.63990508856386,20
2026-01-19 10:40:00+00:00,274.48585213451315,255.4745299253795,19
2026-01-19 10:40:00+00:00,274.48585213451315,269.19882253210517,20
2026-01-19 10:41:00+00:00,279.14599233309696,257.26645437884997,19
2026-01-19 10:41:00+00:00,279.14599233309696,271.2237539955048,20
2026-01-19 11:03:00+00:00,278.6063409092251,258.1714998473731,19
2026-01-19 11:03:00+00:00,278.6063409092251,272.1018168928344,20
2026-01-19 11:06:00+00:00,283.46320372407183,259.2924058854451,19
2026-01-19 11:08:00+00:00,283.46320372407183,273.46556607164865,20
2026-01-19 11:14:00+00:00,277.52703806148133,260.35934678112983,19
2026-01-19 11:14:00+00:00,277.52703806148133,274.2356986842039,20
2026-01-19 11:25:00+00:00,275.9080837898657,207.08338929291838,15
2026-01-19 11:25:00+00:00,275.9080837898657,220.87879348241168,16
2026-01-19 11:25:00+00:00,275.9080837898657,234.67419767190498,17
2026-01-19 11:29:00+00:00,269.9719181272752,221.1902223846758,16
2026-01-19 11:29:00+00:00,269.9719181272752,234.68881829103955,17
2026-01-19 11:29:00+00:00,269.9719181272752,248.1874141974033,18
2026-01-19 11:31:00+00:00,267.00383529597997,248.04632036540585,18
2026-01-19 11:32:00+00:00,267.00383529597997,261.3965121302048,19
2026-01-19 11:34:00+00:00,269.43226670340334,261.37683986857854,19
2026-01-19 14:41:00+00:00,273.8147200571584,219.70439142467546,16
2026-01-19 14:41:00+00:00,273.8147200571584,233.3951274275334,17
2026-01-19 14:41:00+00:00,273.8147200571584,247.08586343039133,18
2026-01-19 14:41:00+00:00,273.8147200571584,260.77659943324926,19
2026-01-19 15:03:00+00:00,278.8296341935245,246.85744705200295,18
2026-01-19 15:03:00+00:00,278.8296341935245,260.7989287616792,19
2026-01-19 15:03:00+00:00,278.8296341935245,274.7404104713554,20
2026-01-19 15:06:00+00:00,281.38080302704117,274.6362904365039,20
2026-01-19 15:08:00+00:00,283.93197186055784,274.6597288433282,20
2026-01-19 15:14:00+00:00,288.92745854566454,261.3533979644633,19
2026-01-19 15:14:00+00:00,288.92745854566454,275.7997708917465,20
2026-01-19 15:25:00+00:00,290.8588151321936,248.9564990798763,18
2026-01-19 15:25:00+00:00,290.8588151321936,263.499439836486,19
2026-01-19 15:25:00+00:00,290.8588151321936,278.0423805930957,20
2026-01-19 15:30:00+00:00,298.1480569216301,252.45399572008589,18
2026-01-19 15:30:00+00:00,298.1480569216301,267.3613985661674,19
2026-01-19 15:32:00+00:00,297.6140492510381,255.5417174991213,18
2026-01-19 15:32:00+00:00,297.6140492510381,270.4224199616732,19
2026-01-19 15:32:00+00:00,297.6140492510381,285.3031224242251,20
2026-01-19 15:34:00+00:00,300.03893965136876,286.83345607162335,20
2026-01-19 18:53:00+00:00,309.8962695734265,247.56532553886294,17
2026-01-19 18:53:00+00:00,309.8962695734265,263.06013901753425,18
2026-01-19 18:53:00+00:00,309.8962695734265,278.5549524962056,19
2026-01-19 18:54:00+00:00,309.8962695734265,294.04976597487695,20
2026-01-19 18:55:00+00:00,309.8962695734265,309.5445794535483,21
2026-01-19 19:18:00+00:00,293.69663971714243,225.24658171143037,15
2026-01-19 19:19:00+00:00,293.69663971714243,239.9314136972875,16
2026-01-19 19:24:00+00:00,293.69663971714243,254.61624568314463,17
2026-01-19 19:24:00+00:00,293.69663971714243,269.30107766900176,18
2026-01-19 19:25:00+00:00,301.54982772571174,240.74974678545829,16
2026-01-19 19:26:00+00:00,301.54982772571174,255.8272381717439,17
2026-01-19 19:26:00+00:00,301.54982772571174,270.9047295580295,18
2026-01-19 19:26:00+00:00,301.54982772571174,285.9822209443151,19
2026-01-19 19:26:00+00:00,301.54982772571174,301.0597123306007,20
2026-01-19 19:38:00+00:00,299.78489942846727,226.59009723963698,15
2026-01-19 20:11:00+00:00,299.78489942846727,241.57934221106035,16
2026-01-19 20:11:00+00:00,299.78489942846727,256.5685871824837,17
2026-01-19 20:12:00+00:00,299.78489942846727,271.5578321539071,18
2026-01-19 20:13:00+00:00,299.78489942846727,286.5470771253305,19
2026-01-25 22:34:00+00:00,279.07758020112476,13.95387901005681,1
2026-01-25 22:34:00+00:00,279.07758020112476,27.907758020113047,2
2026-01-25 22:34:00+00:00,279.07758020112476,41.861637030169284,3
2026-01-25 22:34:00+00:00,279.07758020112476,55.81551604022552,4
2026-01-25 22:34:00+00:00,279.07758020112476,69.76939505028176,5
2026-01-25 22:34:00+00:00,279.07758020112476,83.723274060338,6
2026-01-25 22:34:00+00:00,279.07758020112476,97.67715307039424,7
2026-01-25 22:34:00+00:00,279.07758020112476,111.63103208045048,8
2026-01-25 22:34:00+00:00,279.07758020112476,125.58491109050672,9
2026-01-25 22:34:00+00:00,279.07758020112476,139.53879010056295,10
2026-01-25 22:34:00+00:00,279.07758020112476,153.49266911061918,11
2026-01-25 22:34:00+00:00,279.07758020112476,167.4465481206754,12
2026-01-25 22:34:00+00:00,279.07758020112476,181.40042713073163,13
2026-01-25 22:35:00+00:00,279.07758020112476,195.35430614078786,14
2026-01-25 22:35:00+00:00,279.07758020112476,209.30818515084408,15
2026-01-25 22:35:00+00:00,279.07758020112476,223.2620641609003,16
2026-01-25 22:35:00+00:00,279.07758020112476,237.21594317095654,17
2026-01-25 22:35:00+00:00,279.07758020112476,251.16982218101276,18
2026-01-25 22:35:00+00:00,279.07758020112476,265.123701191069,19
2026-01-26 02:40:00+00:00,321.21829481149507,16.060914740575335,1
2026-01-26 02:40:00+00:00,321.21829481149507,32.12182948115009,2
2026-01-26 02:40:00+00:00,321.21829481149507,48.182744221724846,3
2026-01-26 02:40:00+00:00,321.21829481149507,64.2436589622996,4
2026-01-26 02:40:00+00:00,321.21829481149507,80.30457370287436,5
2026-01-26 02:40:00+00:00,321.21829481149507,96.36548844344912,6
2026-01-26 02:40:00+00:00,321.21829481149507,112.42640318402388,7
2026-01-26 02:40:00+00:00,321.21829481149507,128.48731792459864,8
2026-01-26 02:40:00+00:00,321.21829481149507,144.5482326651734,9
2026-01-26 02:40:00+00:00,321.21829481149507,160.60914740574816,10
2026-01-26 02:40:00+00:00,321.21829481149507,176.67006214632292,11
2026-01-26 02:40:00+00:00,321.21829481149507,192.73097688689768,12
2026-01-26 02:40:00+00:00,321.21829481149507,208.79189162747244,13
2026-01-26 02:40:00+00:00,321.21829481149507,224.8528063680472,14
2026-01-26 02:40:00+00:00,321.21829481149507,240.91372110862196,15
2026-01-26 02:40:00+00:00,321.21829481149507,256.9746358491967,16
2026-01-26 02:41:00+00:00,321.21829481149507,273.03555058977145,17
2026-01-26 02:41:00+00:00,321.21829481149507,289.0964653303462,18
2026-01-26 02:41:00+00:00,321.21829481149507,305.1573800709209,19
2026-01-26 06:43:00+00:00,324.7516960544214,16.237584802721646,1
2026-01-26 06:43:00+00:00,324.7516960544214,32.475169605442716,2
2026-01-26 06:44:00+00:00,324.7516960544214,48.71275440816379,3
2026-01-26 06:44:00+00:00,324.7516960544214,64.95033921088486,4
2026-01-26 06:44:00+00:00,324.7516960544214,81.18792401360594,5
2026-01-26 06:44:00+00:00,324.7516960544214,97.42550881632701,6
2026-01-26 06:44:00+00:00,324.7516960544214,113.66309361904808,7
2026-01-26 06:44:00+00:00,324.7516960544214,129.90067842176916,8
2026-01-26 06:45:00+00:00,324.7516960544214,146.13826322449023,9
2026-01-26 06:45:00+00:00,324.7516960544214,162.3758480272113,10
2026-01-26 06:48:00+00:00,324.7516960544214,178.61343282993238,11
2026-01-26 06:48:00+00:00,324.7516960544214,194.85101763265345,12
2026-01-26 06:49:00+00:00,324.7516960544214,211.08860243537453,13
2026-01-26 06:49:00+00:00,324.7516960544214,227.3261872380956,14
2026-01-26 06:50:00+00:00,324.7516960544214,243.56377204081667,15
2026-01-26 06:50:00+00:00,324.7516960544214,259.80135684353775,16
2026-01-26 06:50:00+00:00,324.7516960544214,276.0389416462588,17
2026-01-26 06:50:00+00:00,324.7516960544214,292.2765264489799,18
2026-01-26 06:50:00+00:00,324.7516960544214,308.51411125170097,19
2026-01-26 10:43:00+00:00,330.597226583401,292.56880297542887,18
2026-01-26 10:43:00+00:00,330.597226583401,309.0986643045989,19
2026-01-26 10:43:00+00:00,330.597226583401,325.62852563376896,20
2026-01-26 10:45:00+00:00,340.98928085714243,212.7773112548575,13
2026-01-26 10:45:00+00:00,340.98928085714243,229.82677529771462,14
2026-01-26 10:45:00+00:00,340.98928085714243,246.87623934057174,15
2026-01-26 10:45:00+00:00,340.98928085714243,263.92570338342887,16
2026-01-26 10:47:00+00:00,340.98928085714243,280.97516742628596,17
2026-01-26 10:47:00+00:00,340.98928085714243,298.02463146914306,18
2026-01-26 10:47:00+00:00,340.98928085714243,315.07409551200016,19
2026-01-26 10:47:00+00:00,340.98928085714243,332.12355955485725,20
2026-01-26 10:50:00+00:00,325.07644775047584,202.2391187178914,12
2026-01-26 10:50:00+00:00,325.07644775047584,218.49294110541518,13
2026-01-26 10:51:00+00:00,325.07644775047584,234.74676349293898,14
2026-01-26 10:51:00+00:00,325.07644775047584,251.00058588046278,15
2026-01-26 10:51:00+00:00,325.07644775047584,267.25440826798655,16
2026-01-26 10:52:00+00:00,325.07644775047584,283.5082306555103,17
2026-01-26 10:52:00+00:00,325.07644775047584,299.7620530430341,18
2026-01-26 10:52:00+00:00,325.07644775047584,316.01587543055786,19
2026-01-26 14:43:00+00:00,334.0025728682276,283.1264200864591,17
2026-01-26 14:43:00+00:00,334.0025728682276,299.8265487298705,18
2026-01-26 14:43:00+00:00,334.0025728682276,316.5266773732819,19
2026-01-26 14:43:00+00:00,334.0025728682276,333.22680601669333,20
2026-01-26 14:45:00+00:00,332.63861574479904,281.6608806325049,17
2026-01-26 14:45:00+00:00,332.63861574479904,298.2928114197449,18
2026-01-26 14:45:00+00:00,332.63861574479904,314.9247422069849,19
2026-01-26 14:45:00+00:00,332.63861574479904,331.55667299422487,20
2026-01-26 14:47:00+00:00,344.9142298556561,280.6045283155793,17
2026-01-26 14:47:00+00:00,344.9142298556561,297.85023980836206,18
2026-01-26 14:47:00+00:00,344.9142298556561,315.09595130114485,19
2026-01-26 14:49:00+00:00,344.9142298556561,332.34166279392764,20
2026-01-26 14:52:00+00:00,361.81820513868075,220.4019939506714,13
2026-01-26 14:52:00+00:00,361.81820513868075,238.49290420760542,14
2026-01-26 14:52:00+00:00,361.81820513868075,256.58381446453944,15
2026-01-26 14:53:00+00:00,361.81820513868075,274.67472472147347,16
2026-01-26 14:53:00+00:00,361.81820513868075,292.7656349784075,17
2026-01-26 14:53:00+00:00,361.81820513868075,310.8565452353415,18
2026-01-26 14:54:00+00:00,361.81820513868075,328.94745549227554,19
2026-01-26 14:54:00+00:00,361.81820513868075,347.03836574920956,20
2026-01-26 18:44:00+00:00,360.48219484720784,298.26196091792434,17
2026-01-26 18:44:00+00:00,360.48219484720784,316.28607066028474,18
2026-01-26 18:47:00+00:00,374.8715846230102,216.7647922641269,12
2026-01-26 18:48:00+00:00,374.8715846230102,235.5083714952774,13
2026-01-26 18:48:00+00:00,374.8715846230102,254.2519507264279,14
2026-01-26 18:49:00+00:00,377.9758126917111,255.90502986823066,14
2026-01-26 18:49:00+00:00,377.9758126917111,274.8038205028162,15
2026-01-26 18:51:00+00:00,377.9758126917111,293.7026111374018,16
2026-01-26 18:51:00+00:00,377.9758126917111,312.60140177198736,17
2026-01-26 18:55:00+00:00,360.60853884505434,185.90454665876788,10
2026-01-26 18:55:00+00:00,360.60853884505434,203.9349736010206,11
2026-01-26 18:55:00+00:00,360.60853884505434,221.96540054327332,12
2026-01-26 18:55:00+00:00,360.60853884505434,239.99582748552604,13
2026-01-26 18:55:00+00:00,360.60853884505434,258.0262544277788,14
2026-01-26 18:57:00+00:00,360.60853884505434,276.05668137003147,15
2026-01-26 18:57:00+00:00,360.60853884505434,294.08710831228416,16
2026-01-26 18:57:00+00:00,360.60853884505434,312.11753525453685,17
2026-01-26 18:57:00+00:00,360.60853884505434,330.14796219678954,18
2026-01-26 18:57:00+00:00,360.60853884505434,348.1783891390422,19
2026-02-01 22:37:00+00:00,381.93906679383423,19.09695333969214,1
2026-02-01 22:37:00+00:00,381.93906679383423,38.19390667938385,2
2026-02-01 22:38:00+00:00,381.93906679383423,57.290860019075566,3
2026-02-01 22:38:00+00:00,381.93906679383423,76.38781335876727,4
2026-02-01 22:38:00+00:00,381.93906679383423,95.48476669845898,5
2026-02-01 22:38:00+00:00,381.93906679383423,114.58172003815069,6
2026-02-01 22:38:00+00:00,381.93906679383423,133.67867337784241,7
2026-02-01 22:38:00+00:00,381.93906679383423,152.77562671753412,8
2026-02-01 22:39:00+00:00,381.93906679383423,171.87258005722583,9
2026-02-01 22:39:00+00:00,381.93906679383423,190.96953339691754,10
2026-02-01 22:39:00+00:00,381.93906679383423,210.06648673660925,11
2026-02-01 22:40:00+00:00,381.93906679383423,229.16344007630096,12
2026-02-01 22:41:00+00:00,381.93906679383423,248.26039341599267,13
2026-02-01 22:45:00+00:00,381.93906679383423,267.3573467556844,14
2026-02-01 22:45:00+00:00,381.93906679383423,286.4543000953761,15
2026-02-01 22:45:00+00:00,381.93906679383423,305.5512534350678,16
2026-02-01 22:45:00+00:00,381.93906679383423,324.6482067747595,17
2026-02-01 22:45:00+00:00,381.93906679383423,343.7451601144512,18
2026-02-01 22:45:00+00:00,381.93906679383423,362.8421134541429,19
2026-02-02 02:48:00+00:00,447.25064721558005,22.36253236077945,1
2026-02-02 02:48:00+00:00,447.25064721558005,44.725064721558454,2
2026-02-02 02:48:00+00:00,447.25064721558005,67.08759708233745,3
2026-02-02 02:48:00+00:00,447.25064721558005,89.45012944311645,4
2026-02-02 02:48:00+00:00,447.25064721558005,111.81266180389545,5
2026-02-02 02:48:00+00:00,447.25064721558005,134.17519416467445,6
2026-02-02 02:49:00+00:00,447.25064721558005,156.53772652545345,7
2026-02-02 02:49:00+00:00,447.25064721558005,178.90025888623245,8
2026-02-02 02:49:00+00:00,447.25064721558005,201.26279124701145,9
2026-02-02 02:49:00+00:00,447.25064721558005,223.62532360779045,10
2026-02-02 02:49:00+00:00,447.25064721558005,245.98785596856945,11
2026-02-02 02:49:00+00:00,447.25064721558005,268.35038832934845,12
2026-02-02 02:49:00+00:00,447.25064721558005,290.7129206901275,13
2026-02-02 02:49:00+00:00,447.25064721558005,313.0754530509065,14
2026-02-02 02:49:00+00:00,447.25064721558005,335.43798541168553,15
2026-02-02 02:50:00+00:00,447.25064721558005,357.80051777246456,16
2026-02-02 02:50:00+00:00,447.25064721558005,380.1630501332436,17
2026-02-02 02:52:00+00:00,447.25064721558005,402.5255824940226,18
2026-02-02 02:52:00+00:00,447.25064721558005,424.88811485480164,19
2026-02-02 06:53:00+00:00,523.7305078894447,26.18652539447268,1
2026-02-02 06:55:00+00:00,523.7305078894447,52.373050788944916,2
2026-02-02 06:55:00+00:00,523.7305078894447,78.55957618341715,3
2026-02-02 06:55:00+00:00,523.7305078894447,104.74610157788939,4
2026-02-02 06:55:00+00:00,523.7305078894447,130.93262697236162,5
2026-02-02 06:56:00+00:00,523.7305078894447,157.11915236683384,6
2026-02-02 06:56:00+00:00,523.7305078894447,183.30567776130607,7
2026-02-02 06:56:00+00:00,523.7305078894447,209.4922031557783,8
2026-02-02 06:56:00+00:00,523.7305078894447,235.67872855025053,9
2026-02-02 06:56:00+00:00,523.7305078894447,261.8652539447228,10
2026-02-02 06:58:00+00:00,523.7305078894447,288.05177933919504,11
2026-02-02 06:58:00+00:00,523.7305078894447,314.2383047336673,12
2026-02-02 06:59:00+00:00,523.7305078894447,340.42483012813955,13
2026-02-02 06:59:00+00:00,523.7305078894447,366.6113555226118,14
2026-02-02 06:59:00+00:00,523.7305078894447,392.79788091708406,15
2026-02-02 07:00:00+00:00,523.7305078894447,418.9844063115563,16
2026-02-02 07:00:00+00:00,523.7305078894447,445.17093170602857,17
2026-02-02 07:02:00+00:00,523.7305078894447,471.3574571005008,18
2026-02-02 07:02:00+00:00,523.7305078894447,497.5439824949731,19
2026-02-02 11:00:00+00:00,603.8612755965294,82.56611456877143,3
2026-02-02 11:00:00+00:00,603.8612755965294,112.75917834859789,4
2026-02-02 11:00:00+00:00,603.8612755965294,142.95224212842436,5
2026-02-02 11:04:00+00:00,613.2884247385393,121.24361257640687,4
2026-02-02 11:06:00+00:00,613.2884247385393,151.90803381333384,5
2026-02-02 11:06:00+00:00,613.2884247385393,182.57245505026083,6
2026-02-02 11:11:00+00:00,613.2884247385393,213.23687628718778,7
2026-02-02 11:11:00+00:00,613.2884247385393,243.90129752411474,8
2026-02-02 11:12:00+00:00,613.2884247385393,274.5657187610417,9
2026-02-02 11:12:00+00:00,613.2884247385393,305.23013999796865,10
2026-02-02 11:12:00+00:00,613.2884247385393,335.8945612348956,11
2026-02-02 11:12:00+00:00,613.2884247385393,366.55898247182256,12
2026-02-02 11:13:00+00:00,613.2884247385393,397.2234037087495,13
2026-02-02 11:13:00+00:00,613.2884247385393,427.88782494567647,14
2026-02-02 11:13:00+00:00,613.2884247385393,458.5522461826034,15
2026-02-02 11:13:00+00:00,613.2884247385393,489.2166674195304,16
2026-02-02 11:14:00+00:00,613.2884247385393,519.8810886564573,17
2026-02-02 11:14:00+00:00,613.2884247385393,550.5455098933843,18
2026-02-02 11:14:00+00:00,613.2884247385393,581.2099311303112,19
2026-02-02 11:14:00+00:00,613.2884247385393,611.8743523672382,20
2026-02-02 15:01:00+00:00,629.5926791796455,552.774794986741,18
2026-02-02 15:01:00+00:00,629.5926791796455,584.2544289457232,19
2026-02-02 15:01:00+00:00,629.5926791796455,615.7340629047055,20
2026-02-02 15:09:00+00:00,609.3541611632736,554.2085072520883,18
2026-02-02 15:09:00+00:00,609.3541611632736,584.676215310252,19
2026-02-02 15:12:00+00:00,630.2059676043837,432.19998626890947,14
2026-02-02 15:12:00+00:00,630.2059676043837,463.71028464912865,15
2026-02-02 15:12:00+00:00,630.2059676043837,495.22058302934784,16
2026-02-02 15:12:00+00:00,630.2059676043837,526.730881409567,17
2026-02-02 15:13:00+00:00,652.2843508949709,436.68741400660775,14
2026-02-02 15:13:00+00:00,652.2843508949709,469.3016315513563,15
2026-02-02 15:13:00+00:00,652.2843508949709,501.91584909610486,16
2026-02-02 15:13:00+00:00,652.2843508949709,534.5300666408534,17
2026-02-02 15:13:00+00:00,652.2843508949709,567.1442841856019,18
2026-02-02 15:13:00+00:00,652.2843508949709,599.7585017303504,19
2026-02-02 15:13:00+00:00,652.2843508949709,632.3727192750989,20
2026-02-02 15:14:00+00:00,649.8311971960165,542.206594187192,17
2026-02-02 15:14:00+00:00,649.8311971960165,574.6981540469928,18
2026-02-02 15:14:00+00:00,649.8311971960165,607.1897139067937,19
2026-02-02 15:14:00+00:00,649.8311971960165,639.6812737665946,20
2026-02-02 19:01:00+00:00,666.830199533867,578.5838818663411,18
2026-02-02 19:01:00+00:00,666.830199533867,611.9253918430345,19
2026-02-02 19:01:00+00:00,666.830199533867,645.2669018197279,20
2026-02-02 19:09:00+00:00,677.7985744348059,618.2214144251408,19
2026-02-02 19:09:00+00:00,677.7985744348059,652.111343146881,20
2026-02-02 19:29:00+00:00,706.464487189373,203.12761173302982,6
2026-02-02 19:29:00+00:00,706.464487189373,238.4508360924985,7
2026-02-02 19:30:00+00:00,706.464487189373,273.77406045196716,8
2026-02-02 19:30:00+00:00,706.464487189373,309.0972848114358,9
2026-02-02 19:32:00+00:00,706.464487189373,344.4205091709045,10
2026-02-02 19:33:00+00:00,706.464487189373,379.74373353037316,11
2026-02-02 19:33:00+00:00,706.464487189373,415.06695788984183,12
2026-02-02 19:34:00+00:00,706.464487189373,450.3901822493105,13
2026-02-02 19:34:00+00:00,706.464487189373,485.71340660877917,14
2026-02-02 19:36:00+00:00,706.464487189373,521.0366309682478,15
2026-02-02 19:36:00+00:00,706.464487189373,556.3598553277164,16
2026-02-02 19:36:00+00:00,706.464487189373,591.6830796871851,17
2026-02-02 19:36:00+00:00,706.464487189373,627.0063040466538,18
2026-02-02 19:37:00+00:00,706.464487189373,662.3295284061224,19
2026-02-02 19:37:00+00:00,706.464487189373,697.6527527655911,20
2026-02-08 22:34:00+00:00,764.9202277377552,38.24601138688828,1
2026-02-08 22:34:00+00:00,764.9202277377552,76.49202277377604,2
2026-02-08 22:34:00+00:00,764.9202277377552,114.7380341606638,3
2026-02-08 22:34:00+00:00,764.9202277377552,152.98404554755157,4
2026-02-08 22:34:00+00:00,764.9202277377552,191.23005693443935,5
2026-02-08 22:34:00+00:00,764.9202277377552,229.47606832132712,6
2026-02-08 22:34:00+00:00,764.9202277377552,267.7220797082149,7
2026-02-08 22:34:00+00:00,764.9202277377552,305.96809109510264,8
2026-02-08 22:35:00+00:00,764.9202277377552,344.2141024819904,9
2026-02-08 22:35:00+00:00,764.9202277377552,382.4601138688781,10
2026-02-08 22:35:00+00:00,764.9202277377552,420.70612525576587,11
2026-02-08 22:35:00+00:00,764.9202277377552,458.9521366426536,12
2026-02-08 22:35:00+00:00,764.9202277377552,497.19814802954136,13
2026-02-08 22:35:00+00:00,764.9202277377552,535.4441594164291,14
2026-02-08 22:35:00+00:00,764.9202277377552,573.6901708033168,15
2026-02-08 22:35:00+00:00,764.9202277377552,611.9361821902046,16
2026-02-08 22:35:00+00:00,764.9202277377552,650.1821935770923,17
2026-02-08 22:35:00+00:00,764.9202277377552,688.4282049639801,18
2026-02-08 22:35:00+00:00,764.9202277377552,726.6742163508678,19
2026-02-09 02:34:00+00:00,789.3976750253631,460.17600900703405,12
2026-02-09 02:34:00+00:00,789.3976750253631,499.64589275830224,13
2026-02-09 02:35:00+00:00,712.1407320238499,114.5468041037294,3
2026-02-09 02:38:00+00:00,712.1407320238499,150.1538407049219,4
2026-02-09 02:39:00+00:00,712.1407320238499,185.76087730611437,5
2026-02-09 02:39:00+00:00,712.1407320238499,221.36791390730684,6
2026-02-09 02:39:00+00:00,712.1407320238499,256.9749505084993,7
2026-02-09 02:48:00+00:00,712.1407320238499,292.5819871096918,8
2026-02-09 02:51:00+00:00,712.1407320238499,328.18902371088427,9
2026-02-09 02:51:00+00:00,712.1407320238499,363.79606031207675,10
2026-02-09 02:51:00+00:00,712.1407320238499,399.4030969132692,11
2026-02-09 02:52:00+00:00,712.1407320238499,435.0101335144617,12
2026-02-09 02:52:00+00:00,712.1407320238499,470.6171701156542,13
2026-02-09 02:52:00+00:00,712.1407320238499,506.22420671684665,14
2026-02-09 02:53:00+00:00,712.1407320238499,541.8312433180391,15
2026-02-09 02:53:00+00:00,712.1407320238499,577.4382799192316,16
2026-02-09 02:53:00+00:00,712.1407320238499,613.0453165204241,17
2026-02-09 02:54:00+00:00,712.1407320238499,648.6523531216166,18
2026-02-09 02:54:00+00:00,712.1407320238499,684.259389722809,19
2026-02-09 06:38:00+00:00,693.3497017092442,568.7730341033499,16
2026-02-09 06:39:00+00:00,684.0918721929341,496.1565179094192,14
2026-02-09 06:39:00+00:00,684.0918721929341,530.361111519066,15
2026-02-09 06:39:00+00:00,684.0918721929341,564.5657051287127,16
2026-02-09 06:39:00+00:00,684.0918721929341,598.7702987383594,17
2026-02-09 06:39:00+00:00,684.0918721929341,632.9748923480062,18
2026-02-09 06:39:00+00:00,684.0918721929341,667.1794859576529,19
2026-02-09 06:49:00+00:00,690.5011387811488,666.0975062955179,19
2026-02-09 06:53:00+00:00,748.1845380750809,383.04340378853965,11
2026-02-09 06:53:00+00:00,748.1845380750809,420.4526306922937,12
2026-02-09 06:56:00+00:00,761.0030712515103,387.2887110524843,11
2026-02-09 06:56:00+00:00,761.0030712515103,425.33886461505983,12
2026-02-09 06:56:00+00:00,761.0030712515103,463.38901817763536,13
2026-02-09 06:57:00+00:00,761.0030712515103,501.4391717402109,14
2026-02-09 06:57:00+00:00,761.0030712515103,539.4893253027864,15
2026-02-09 06:57:00+00:00,761.0030712515103,577.5394788653618,16
2026-02-09 06:57:00+00:00,761.0030712515103,615.5896324279373,17
2026-02-09 06:57:00+00:00,761.0030712515103,653.6397859905128,18
2026-02-09 06:57:00+00:00,761.0030712515103,691.6899395530883,19
2026-02-09 06:57:00+00:00,761.0030712515103,729.7400931156637,20
2026-02-09 10:38:00+00:00,767.2432185668935,733.4347689585462,20
2026-02-09 10:40:00+00:00,776.8205047775945,567.0482325395456,15
2026-02-09 10:49:00+00:00,783.0350150266248,571.6749263518194,15
2026-02-09 10:53:00+00:00,796.5023367119762,536.6815893799101,14
2026-02-09 10:53:00+00:00,796.5023367119762,576.5067062155089,15
2026-02-09 10:53:00+00:00,796.5023367119762,616.3318230511077,16
2026-02-09 10:53:00+00:00,796.5023367119762,656.1569398867065,17
2026-02-09 10:54:00+00:00,796.5023367119762,695.9820567223053,18
2026-02-09 10:54:00+00:00,796.5023367119762,735.8071735579041,19
2026-02-09 10:54:00+00:00,796.5023367119762,775.6322903935029,20
2026-02-09 10:56:00+00:00,817.0494196357669,702.3343006875648,18
2026-02-09 10:56:00+00:00,817.0494196357669,743.1867716693531,19
2026-02-09 10:57:00+00:00,834.5524902745514,518.5633212450523,13
2026-02-09 10:57:00+00:00,834.5524902745514,560.2909457587798,14
2026-02-09 11:00:00+00:00,834.5524902745514,602.0185702725073,15
2026-02-09 11:00:00+00:00,834.5524902745514,643.7461947862348,16
2026-02-09 11:03:00+00:00,834.5524902745514,685.4738192999623,17
2026-02-09 11:05:00+00:00,834.5524902745514,727.2014438136898,18
2026-02-09 11:05:00+00:00,834.5524902745514,768.9290683274173,19
2026-02-09 11:07:00+00:00,834.5524902745514,810.6566928411448,20
2026-02-09 14:38:00+00:00,841.4576792416534,814.3674158748828,20
2026-02-09 14:41:00+00:00,848.4490637846518,817.9488438252356,20
2026-02-09 14:49:00+00:00,855.4963789198914,821.5719120198988,20
2026-02-09 14:55:00+00:00,873.8159326642668,586.4868908039206,14
2026-02-09 14:55:00+00:00,873.8159326642668,630.177687437134,15
2026-02-09 14:55:00+00:00,873.8159326642668,673.8684840703473,16
2026-02-09 14:55:00+00:00,873.8159326642668,717.5592807035607,17
2026-02-09 14:55:00+00:00,873.8159326642668,761.2500773367741,18
2026-02-09 14:55:00+00:00,873.8159326642668,804.9408739699875,19
2026-02-09 14:55:00+00:00,873.8159326642668,848.6316706032009,20
2026-02-09 14:56:00+00:00,855.8408454322799,809.7187709112383,19
2026-02-09 14:56:00+00:00,855.8408454322799,852.5108131828523,20
2026-02-09 14:57:00+00:00,854.1717404517309,811.7641511779838,19
2026-02-09 15:00:00+00:00,835.8115856656908,770.0994814338131,18
2026-02-09 15:00:00+00:00,835.8115856656908,811.8900607170976,19
2026-02-09 15:03:00+00:00,843.3225580781618,812.3285641072782,19
2026-02-09 15:06:00+00:00,858.3445029031038,771.7905402249784,18
2026-02-09 15:06:00+00:00,858.3445029031038,814.7077653701335,19
2026-02-09 15:06:00+00:00,858.3445029031038,857.6249905152887,20
2026-02-09 18:42:00+00:00,864.3735861973206,774.6207081601119,18
2026-02-09 18:42:00+00:00,864.3735861973206,817.839387469978,19
2026-02-09 18:42:00+00:00,864.3735861973206,861.058066779844,20
2026-02-09 18:55:00+00:00,840.1082551739091,554.4530841600513,13
2026-02-09 19:09:00+00:00,841.2945788054902,213.7261796285685,5
2026-02-09 19:12:00+00:00,841.2945788054902,255.790908568843,6
2026-02-09 19:12:00+00:00,841.2945788054902,297.8556375091175,7
2026-02-09 19:14:00+00:00,841.2945788054902,339.920366449392,8
2026-02-09 19:14:00+00:00,841.2945788054902,381.9850953896665,9
2026-02-09 19:15:00+00:00,841.2945788054902,424.04982432994103,10
2026-02-09 19:15:00+00:00,841.2945788054902,466.11455327021554,11
2026-02-09 19:15:00+00:00,841.2945788054902,508.17928221049004,12
2026-02-09 19:15:00+00:00,841.2945788054902,550.2440111507645,13
2026-02-09 19:15:00+00:00,841.2945788054902,592.308740091039,14
2026-02-09 19:15:00+00:00,841.2945788054902,634.3734690313136,15
2026-02-09 19:15:00+00:00,841.2945788054902,676.4381979715881,16
2026-02-09 19:15:00+00:00,841.2945788054902,718.5029269118627,17
2026-02-09 19:16:00+00:00,841.2945788054902,760.5676558521372,18
2026-02-09 19:16:00+00:00,841.2945788054902,802.6323847924118,19
2026-02-15 22:42:00+00:00,867.9871670353562,43.39935835176832,1
2026-02-15 22:42:00+00:00,867.9871670353562,86.79871670353613,2
2026-02-15 22:42:00+00:00,867.9871670353562,130.19807505530395,3
2026-02-15 22:42:00+00:00,867.9871670353562,173.59743340707175,4
2026-02-15 22:48:00+00:00,867.9871670353562,216.99679175883955,5
2026-02-15 22:49:00+00:00,867.9871670353562,260.3961501106074,6
2026-02-15 22:50:00+00:00,867.9871670353562,303.7955084623752,7
2026-02-15 22:50:00+00:00,867.9871670353562,347.19486681414304,8
2026-02-15 22:50:00+00:00,867.9871670353562,390.59422516591087,9
2026-02-15 22:51:00+00:00,867.9871670353562,433.9935835176787,10
2026-02-15 22:51:00+00:00,867.9871670353562,477.39294186944653,11
2026-02-15 22:52:00+00:00,867.9871670353562,520.7923002212143,12
2026-02-15 22:52:00+00:00,867.9871670353562,564.1916585729821,13
2026-02-15 22:52:00+00:00,867.9871670353562,607.5910169247499,14
2026-02-15 22:52:00+00:00,867.9871670353562,650.9903752765176,15
2026-02-15 22:52:00+00:00,867.9871670353562,694.3897336282854,16
2026-02-15 22:52:00+00:00,867.9871670353562,737.7890919800532,17
2026-02-15 22:52:00+00:00,867.9871670353562,781.188450331821,18
2026-02-15 22:52:00+00:00,867.9871670353562,824.5878086835887,19
2026-02-16 02:54:00+00:00,1016.4129725984019,50.82064862992059,1
2026-02-16 02:59:00+00:00,1016.4129725984019,101.64129725984068,2
2026-02-16 02:59:00+00:00,1016.4129725984019,152.46194588976078,3
2026-02-16 02:59:00+00:00,1016.4129725984019,203.28259451968088,4
2026-02-16 02:59:00+00:00,1016.4129725984019,254.10324314960098,5
2026-02-16 02:59:00+00:00,1016.4129725984019,304.92389177952106,6
2026-02-16 02:59:00+00:00,1016.4129725984019,355.74454040944113,7
2026-02-16 03:01:00+00:00,1016.4129725984019,406.5651890393612,8
2026-02-16 03:01:00+00:00,1016.4129725984019,457.3858376692813,9
2026-02-16 03:02:00+00:00,1016.4129725984019,508.20648629920134,10
2026-02-16 03:02:00+00:00,1016.4129725984019,559.0271349291214,11
2026-02-16 03:08:00+00:00,1016.4129725984019,609.8477835590415,12
2026-02-16 03:08:00+00:00,1016.4129725984019,660.6684321889617,13
2026-02-16 03:08:00+00:00,1016.4129725984019,711.4890808188818,14
2026-02-16 03:08:00+00:00,1016.4129725984019,762.3097294488019,15
2026-02-16 03:09:00+00:00,1016.4129725984019,813.1303780787221,16
2026-02-16 03:09:00+00:00,1016.4129725984019,863.9510267086422,17
2026-02-16 03:12:00+00:00,1016.4129725984019,914.7716753385623,18
2026-02-16 03:12:00+00:00,1016.4129725984019,965.5923239684824,19
2026-02-16 07:04:00+00:00,1106.8737271596592,461.90887539734416,9
2026-02-16 07:04:00+00:00,1106.8737271596592,517.2525617553272,10
2026-02-16 07:04:00+00:00,1106.8737271596592,572.5962481133101,11
2026-02-16 07:11:00+00:00,1080.4469898721004,321.69470582739467,6
2026-02-16 07:11:00+00:00,1080.4469898721004,375.7170553209997,7
2026-02-16 07:11:00+00:00,1080.4469898721004,429.7394048146047,8
2026-02-16 07:11:00+00:00,1080.4469898721004,483.76175430820973,9
2026-02-16 07:11:00+00:00,1080.4469898721004,537.7841038018148,10
2026-02-16 07:13:00+00:00,1058.0859044749354,489.04710176572144,9
2026-02-16 07:13:00+00:00,1058.0859044749354,541.9513969894682,10
2026-02-16 07:14:00+00:00,1058.0859044749354,594.855692213215,11
2026-02-16 07:14:00+00:00,1058.0859044749354,647.7599874369618,12
2026-02-16 07:14:00+00:00,1058.0859044749354,700.6642826607085,13
2026-02-16 07:14:00+00:00,1058.0859044749354,753.5685778844553,14
2026-02-16 07:14:00+00:00,1058.0859044749354,806.4728731082021,15
2026-02-16 07:15:00+00:00,1058.0859044749354,859.3771683319488,16
2026-02-16 07:15:00+00:00,1058.0859044749354,912.2814635556956,17
2026-02-16 07:15:00+00:00,1058.0859044749354,965.1857587794424,18
2026-02-16 07:15:00+00:00,1058.0859044749354,1018.0900540031892,19
2026-02-16 11:04:00+00:00,1087.9714951082462,906.4575696846525,17
2026-02-16 11:04:00+00:00,1087.9714951082462,960.8561444400648,18
2026-02-16 11:04:00+00:00,1087.9714951082462,1015.254719195477,19
2026-02-16 11:04:00+00:00,1087.9714951082462,1069.6532939508893,20
2026-02-16 11:11:00+00:00,1114.9826698550485,855.2906799756166,16
2026-02-16 11:11:00+00:00,1114.9826698550485,911.0398134683691,17
2026-02-16 11:11:00+00:00,1114.9826698550485,966.7889469611215,18
2026-02-16 11:11:00+00:00,1114.9826698550485,1022.5380804538739,19
2026-02-16 11:11:00+00:00,1114.9826698550485,1078.2872139466263,20
2026-02-16 11:14:00+00:00,1181.6420818369697,767.0392514722472,14
2026-02-16 11:18:00+00:00,1219.7331743980676,616.4087292971635,11
2026-02-16 11:18:00+00:00,1219.7331743980676,677.3953880170669,12
2026-02-16 11:21:00+00:00,1219.7331743980676,738.3820467369703,13
2026-02-16 11:21:00+00:00,1219.7331743980676,799.3687054568737,14
2026-02-16 11:23:00+00:00,1219.7331743980676,860.3553641767771,15
2026-02-16 11:23:00+00:00,1219.7331743980676,921.3420228966805,16
2026-02-16 11:24:00+00:00,1219.7331743980676,982.3286816165839,17
2026-02-16 11:24:00+00:00,1219.7331743980676,1043.3153403364872,18
2026-02-16 11:24:00+00:00,1219.7331743980676,1104.3019990563905,19
2026-02-16 11:24:00+00:00,1219.7331743980676,1165.2886577762938,20
2026-02-16 15:04:00+00:00,1258.9001482219646,1010.639366165743,17
2026-02-16 15:04:00+00:00,1258.9001482219646,1073.5843735768412,18
2026-02-16 15:04:00+00:00,1258.9001482219646,1136.5293809879395,19
2026-02-16 15:04:00+00:00,1258.9001482219646,1199.4743883990377,20
2026-02-16 15:12:00+00:00,1242.1754081741387,982.8374913439825,16
2026-02-16 15:12:00+00:00,1242.1754081741387,1044.9462617526895,17
2026-02-16 15:12:00+00:00,1242.1754081741387,1107.0550321613964,18
2026-02-16 15:12:00+00:00,1242.1754081741387,1169.1638025701034,19
2026-02-16 15:14:00+00:00,1229.1773452739321,1171.5405657419515,19
2026-02-16 15:18:00+00:00,1226.7378789251359,1110.9041422484017,18
2026-02-16 15:18:00+00:00,1226.7378789251359,1172.2410361946586,19
2026-02-16 15:21:00+00:00,1224.2984125763396,1111.482639383669,18
2026-02-16 15:21:00+00:00,1224.2984125763396,1172.697560012486,19
2026-02-16 15:28:00+00:00,1241.3746770179123,868.8463415439614,14
2026-02-16 15:28:00+00:00,1241.3746770179123,930.915075394857,15
2026-02-16 15:28:00+00:00,1241.3746770179123,992.9838092457526,16
2026-02-16 15:28:00+00:00,1241.3746770179123,1055.0525430966482,17
2026-02-16 15:29:00+00:00,1241.3746770179123,1117.1212769475437,18
2026-02-16 15:29:00+00:00,1241.3746770179123,1179.1900107984393,19
2026-02-16 15:29:00+00:00,1241.3746770179123,1241.2587446493349,20
2026-02-16 19:17:00+00:00,1142.3899486439493,736.704263538615,12
2026-02-16 19:19:00+00:00,1164.4712304646016,672.2540371693315,11
2026-02-16 19:20:00+00:00,1164.4712304646016,730.4775986925615,12
2026-02-16 19:21:00+00:00,1186.5086018909758,667.3731875294762,11
2026-02-16 19:21:00+00:00,1186.5086018909758,726.698617624025,12
2026-02-16 19:21:00+00:00,1186.5086018909758,786.0240477185738,13
2026-02-16 19:22:00+00:00,1186.5086018909758,845.3494778131226,14
2026-02-16 19:22:00+00:00,1186.5086018909758,904.6749079076714,15
2026-02-16 19:22:00+00:00,1186.5086018909758,964.0003380022201,16
2026-02-16 19:22:00+00:00,1186.5086018909758,1023.3257680967689,17
2026-02-16 19:23:00+00:00,1186.5086018909758,1082.6511981913177,18
2026-02-16 19:23:00+00:00,1186.5086018909758,1141.9766282858666,19
2026-02-16 19:30:00+00:00,1264.7152065431037,770.7312516567528,13
2026-02-16 19:30:00+00:00,1264.7152065431037,833.9670119839079,14
2026-02-16 19:37:00+00:00,1264.7152065431037,897.2027723110631,15
2026-02-16 20:20:00+00:00,1264.7152065431037,960.4385326382182,16
2026-02-16 20:32:00+00:00,1264.7152065431037,1023.6742929653734,17
2026-02-16 20:33:00+00:00,1264.7152065431037,1086.9100532925286,18
2026-02-16 21:10:00+00:00,1264.7152065431037,1150.1458136196838,19
2026-02-16 21:10:00+00:00,1264.7152065431037,1213.3815739468391,20
2026-02-22 22:34:00+00:00,1185.8487686553592,59.29243843276909,1
2026-02-22 22:53:00+00:00,1185.8487686553592,118.58487686553705,2
2026-02-22 22:53:00+00:00,1185.8487686553592,177.877315298305,3
2026-02-22 22:53:00+00:00,1185.8487686553592,237.16975373107297,4
2026-02-22 22:53:00+00:00,1185.8487686553592,296.46219216384094,5
2026-02-22 22:55:00+00:00,1185.8487686553592,355.7546305966089,6
2026-02-22 22:55:00+00:00,1185.8487686553592,415.04706902937687,7
2026-02-22 22:55:00+00:00,1185.8487686553592,474.33950746214487,8
2026-02-22 22:55:00+00:00,1185.8487686553592,533.6319458949129,9
2026-02-22 22:56:00+00:00,1185.8487686553592,592.9243843276809,10
2026-02-22 22:56:00+00:00,1185.8487686553592,652.2168227604488,11
2026-02-22 22:56:00+00:00,1185.8487686553592,711.5092611932168,12
2026-02-22 22:56:00+00:00,1185.8487686553592,770.8016996259848,13
2026-02-22 23:08:00+00:00,1185.8487686553592,830.0941380587528,14
2026-02-22 23:08:00+00:00,1185.8487686553592,889.3865764915208,15
2026-02-22 23:08:00+00:00,1185.8487686553592,948.6790149242888,16
2026-02-22 23:08:00+00:00,1185.8487686553592,1007.9714533570568,17
2026-02-22 23:08:00+00:00,1185.8487686553592,1067.2638917898248,18
2026-02-22 23:10:00+00:00,1185.8487686553592,1126.5563302225928,19
2026-02-23 02:35:00+00:00,1172.8044322001504,1125.9041133998323,19
2026-02-23 02:53:00+00:00,1168.061037125529,947.1374115250368,16
2026-02-23 02:53:00+00:00,1168.061037125529,1005.5404633813132,17
2026-02-23 03:05:00+00:00,1158.5742469762865,589.1296682679836,10
2026-02-23 03:05:00+00:00,1158.5742469762865,647.0583806167979,11
2026-02-23 03:05:00+00:00,1158.5742469762865,704.9870929656122,12
2026-02-23 03:05:00+00:00,1158.5742469762865,762.9158053144265,13
2026-02-23 03:05:00+00:00,1158.5742469762865,820.8445176632408,14
2026-02-23 03:05:00+00:00,1158.5742469762865,878.7732300120551,15
2026-02-23 03:05:00+00:00,1158.5742469762865,936.7019423608695,16
2026-02-23 03:05:00+00:00,1158.5742469762865,994.6306547096838,17
2026-02-23 03:05:00+00:00,1158.5742469762865,1052.559367058498,18
2026-02-23 03:05:00+00:00,1158.5742469762865,1110.4880794073124,19
2026-02-23 03:08:00+00:00,1188.2204661926705,873.4369105531059,15
2026-02-23 03:08:00+00:00,1188.2204661926705,932.8479338627394,16
2026-02-23 03:08:00+00:00,1188.2204661926705,992.2589571723729,17
2026-02-23 03:08:00+00:00,1188.2204661926705,1051.6699804820064,18
2026-02-23 03:08:00+00:00,1188.2204661926705,1111.08100379164,19
2026-02-23 03:08:00+00:00,1188.2204661926705,1170.4920271012734,20
2026-02-23 03:12:00+00:00,1198.8931051105687,1171.1442439240338,20
2026-02-23 06:35:00+00:00,1185.992256356367,1171.8036351318447,20
2026-02-23 06:53:00+00:00,1160.2949135396054,1113.0122770962719,19
2026-02-23 07:05:00+00:00,1218.2236258884197,594.6363349025497,10
2026-02-23 07:05:00+00:00,1218.2236258884197,655.5475161969707,11
2026-02-23 07:06:00+00:00,1218.2236258884197,716.4586974913917,12
2026-02-23 07:07:00+00:00,1218.2236258884197,777.3698787858127,13
2026-02-23 07:07:00+00:00,1218.2236258884197,838.2810600802337,14
2026-02-23 07:16:00+00:00,1221.6708882589007,482.9538093798493,8
2026-02-23 07:17:00+00:00,1221.6708882589007,544.0373537927943,9
2026-02-23 07:17:00+00:00,1221.6708882589007,605.1208982057393,10
2026-02-23 07:22:00+00:00,1221.6708882589007,666.2044426186843,11
2026-02-23 07:22:00+00:00,1221.6708882589007,727.2879870316293,12
2026-02-23 07:23:00+00:00,1221.6708882589007,788.3715314445743,13
2026-02-23 07:23:00+00:00,1221.6708882589007,849.4550758575193,14
2026-02-23 07:25:00+00:00,1221.6708882589007,910.5386202704643,15
2026-02-23 07:25:00+00:00,1221.6708882589007,971.6221646834093,16
2026-02-23 07:30:00+00:00,1221.6708882589007,1032.7057090963544,17
2026-02-23 07:30:00+00:00,1221.6708882589007,1093.7892535092994,18
2026-02-23 07:30:00+00:00,1221.6708882589007,1154.8727979222444,19
2026-02-23 07:35:00+00:00,1221.6708882589007,1215.9563423351894,20
2026-02-23 10:45:00+00:00,1232.344818566108,1218.2739704456765,20
2026-02-23 10:53:00+00:00,1242.7874727879644,1222.3985984080944,20
2026-02-23 11:05:00+00:00,1215.9865530184193,1161.3755634701736,19
2026-02-23 11:06:00+00:00,1202.5860931336467,1160.593686832435,19
2026-02-23 11:07:00+00:00,1175.7851733641016,1097.5605829117983,18
2026-02-23 11:07:00+00:00,1175.7851733641016,1156.3498415800034,19
2026-02-23 11:16:00+00:00,1162.3467935932538,1153.3836368467212,19
2026-02-23 11:17:00+00:00,1135.470034051558,1087.9900497234091,18
2026-02-23 11:22:00+00:00,1157.460110040218,1023.69596639953,17
2026-02-23 11:22:00+00:00,1157.460110040218,1081.5689719015409,18
2026-02-23 11:22:00+00:00,1157.460110040218,1139.4419774035518,19
2026-02-23 11:23:00+00:00,1155.0167682637002,1075.0257269908468,18
2026-02-23 11:23:00+00:00,1155.0167682637002,1132.7765654040318,19
2026-02-23 11:25:00+00:00,1128.1400087220045,1067.016477014242,18
2026-02-23 11:25:00+00:00,1128.1400087220045,1123.423477450342,19
2026-02-23 11:30:00+00:00,1112.2582871746388,995.785758570239,17
2026-02-23 11:30:00+00:00,1112.2582871746388,1051.3986729289709,18
2026-02-23 11:30:00+00:00,1112.2582871746388,1107.011587287703,19
2026-02-23 14:48:00+00:00,1109.911010770886,1039.8063524849968,18
2026-02-23 14:48:00+00:00,1109.911010770886,1095.301903023541,19
2026-02-23 14:55:00+00:00,1121.0960980259777,1089.2173342854417,19
2026-02-23 15:05:00+00:00,1132.0399770031433,1085.0200054846778,19
2026-02-23 15:06:00+00:00,1142.8632518413463,1082.0338634200627,19
2026-02-23 15:06:00+00:00,1142.8632518413463,1139.17702601213,20
2026-02-23 15:08:00+00:00,1164.0273849619,1079.7998779238148,19
2026-02-23 15:08:00+00:00,1164.0273849619,1138.0012471719099,20
2026-02-23 15:17:00+00:00,1138.751399857807,1080.0479757825594,19
2026-02-23 15:17:00+00:00,1138.751399857807,1136.9855457754497,20
2026-02-23 15:22:00+00:00,1146.8536206280885,1020.7092103008215,18
2026-02-23 15:22:00+00:00,1146.8536206280885,1078.051891332226,19
2026-02-23 15:22:00+00:00,1146.8536206280885,1135.3945723636305,20
2026-02-23 15:23:00+00:00,1167.643922456835,1078.2750916601024,19
2026-02-23 15:23:00+00:00,1167.643922456835,1136.6572877829442,20
2026-02-23 15:25:00+00:00,1187.9504426138312,1083.2408090414353,19
2026-02-23 15:26:00+00:00,1187.9504426138312,1142.638331172127,20
2026-02-23 15:30:00+00:00,1217.9814163675462,1036.6986589143082,18
2026-02-23 15:30:00+00:00,1217.9814163675462,1097.5977297326856,19
2026-02-23 15:38:00+00:00,1217.9814163675462,1158.496800551063,20
2026-02-23 18:52:00+00:00,1193.5633741305867,1107.1838681805039,19
2026-02-23 18:52:00+00:00,1193.5633741305867,1166.8620368870331,20
2026-02-23 18:55:00+00:00,1203.6532390128204,1170.9898939363752,20
2026-02-23 19:24:00+00:00,1166.7787636966577,539.3701942650488,9
2026-02-23 19:24:00+00:00,1166.7787636966577,597.7091324498816,10
2026-02-23 19:25:00+00:00,1153.7113088279057,595.9971757605854,10
2026-02-23 19:25:00+00:00,1153.7113088279057,653.6827412019807,11
2026-02-23 19:25:00+00:00,1153.7113088279057,711.368306643376,12
2026-02-23 19:25:00+00:00,1153.7113088279057,769.0538720847712,13
2026-02-23 19:25:00+00:00,1153.7113088279057,826.7394375261665,14
2026-02-23 19:26:00+00:00,1140.6438539591536,824.3741080934327,14
2026-02-23 19:26:00+00:00,1140.6438539591536,881.4063007913904,15
2026-02-23 19:27:00+00:00,1140.6438539591536,938.4384934893482,16
2026-02-23 19:27:00+00:00,1140.6438539591536,995.4706861873059,17
2026-02-23 19:29:00+00:00,1140.6438539591536,1052.5028788852635,18
2026-02-23 19:31:00+00:00,1113.8482627990675,986.3971503884621,17
2026-02-23 19:31:00+00:00,1113.8482627990675,1042.0895635284155,18
2026-02-23 19:31:00+00:00,1113.8482627990675,1097.7819766683688,19
2026-02-23 19:38:00+00:00,1100.4504672190244,1091.9054292109427,19
2026-03-01 22:34:00+00:00,1225.1778447315132,61.258892236577005,1
2026-03-01 22:34:00+00:00,1225.1778447315132,122.51778447315266,2
2026-03-01 22:35:00+00:00,1225.1778447315132,183.77667670972832,3
2026-03-01 22:35:00+00:00,1225.1778447315132,245.03556894630398,4
2026-03-01 22:41:00+00:00,1225.1778447315132,306.2944611828797,5
2026-03-01 22:41:00+00:00,1225.1778447315132,367.55335341945533,6
2026-03-01 22:41:00+00:00,1225.1778447315132,428.812245656031,7
2026-03-01 22:41:00+00:00,1225.1778447315132,490.07113789260666,8
2026-03-01 23:10:00+00:00,1225.1778447315132,551.3300301291823,9
2026-03-01 23:10:00+00:00,1225.1778447315132,612.588922365758,10
2026-03-02 00:05:00+00:00,1225.1778447315132,673.8478146023336,11
2026-03-02 00:05:00+00:00,1225.1778447315132,735.1067068389093,12
2026-03-02 00:05:00+00:00,1225.1778447315132,796.365599075485,13
2026-03-02 00:45:00+00:00,1225.1778447315132,857.6244913120606,14
2026-03-02 00:54:00+00:00,1225.1778447315132,918.8833835486363,15
2026-03-02 00:57:00+00:00,1225.1778447315132,980.142275785212,16
2026-03-02 00:57:00+00:00,1225.1778447315132,1041.4011680217877,17
2026-03-02 00:57:00+00:00,1225.1778447315132,1102.6600602583635,18
2026-03-02 00:57:00+00:00,1225.1778447315132,1163.9189524949393,19
2026-03-02 03:57:00+00:00,1237.429623178828,613.2015112881238,10
2026-03-02 03:57:00+00:00,1237.429623178828,675.0729924470652,11
2026-03-02 03:57:00+00:00,1237.429623178828,736.9444736060066,12
2026-03-02 03:57:00+00:00,1237.429623178828,798.815954764948,13
2026-03-02 03:59:00+00:00,1237.429623178828,860.6874359238893,14
2026-03-02 03:59:00+00:00,1237.429623178828,922.5589170828307,15
2026-03-02 03:59:00+00:00,1237.429623178828,984.4303982417721,16
2026-03-02 03:59:00+00:00,1237.429623178828,1046.3018794007135,17
2026-03-02 04:22:00+00:00,1196.998754302688,922.3751404061209,15
2026-03-02 04:22:00+00:00,1196.998754302688,982.2250781212553,16
2026-03-02 04:22:00+00:00,1196.998754302688,1042.0750158363896,17
2026-03-02 04:22:00+00:00,1196.998754302688,1101.9249535515241,18
2026-03-02 04:41:00+00:00,1196.998754302688,1161.7748912666586,19
2026-03-02 04:53:00+00:00,1208.0253549052716,1160.9172667753467,19
2026-03-02 04:55:00+00:00,1219.0519555078552,1160.610972314164,19
2026-03-02 04:57:00+00:00,1263.1583579181895,978.7333212637706,16
2026-03-02 04:57:00+00:00,1263.1583579181895,1041.89123915968,17
2026-03-02 04:57:00+00:00,1263.1583579181895,1105.0491570555896,18
2026-03-02 04:57:00+00:00,1263.1583579181895,1168.2070749514992,19
2026-03-02 04:58:00+00:00,1263.1583579181895,1231.3649928474088,20
2026-03-02 08:10:00+00:00,1154.264551078453,794.1063711298004,13
2026-03-02 08:15:00+00:00,1154.264551078453,851.8195986837231,14
2026-03-02 08:15:00+00:00,1154.264551078453,909.5328262376458,15
2026-03-02 08:26:00+00:00,1101.5966058891352,725.2129056715651,12
2026-03-02 08:32:00+00:00,1101.5966058891352,780.2927359660218,13
2026-03-02 08:32:00+00:00,1101.5966058891352,835.3725662604786,14
2026-03-02 08:32:00+00:00,1101.5966058891352,890.4523965549354,15
2026-03-02 08:32:00+00:00,1101.5966058891352,945.5322268493921,16
2026-03-02 08:32:00+00:00,1101.5966058891352,1000.6120571438489,17
2026-03-02 08:34:00+00:00,1101.5966058891352,1055.6918874383057,18
2026-03-02 08:44:00+00:00,1088.4296195918057,1050.2634307027615,18
2026-03-02 08:53:00+00:00,1099.3018477859532,1044.8272553467957,18
2026-03-02 08:56:00+00:00,1110.2733153855238,1039.388323340679,18
2026-03-02 08:56:00+00:00,1110.2733153855238,1094.9019891099554,19
2026-03-02 09:01:00+00:00,1141.852274333479,836.2050133470818,15
2026-03-02 09:02:00+00:00,1141.852274333479,893.2976270637557,16
2026-03-02 09:03:00+00:00,1141.852274333479,950.3902407804296,17
2026-03-02 09:03:00+00:00,1141.852274333479,1007.4828544971035,18
2026-03-02 09:03:00+00:00,1141.852274333479,1064.5754682137774,19
2026-03-02 09:04:00+00:00,1141.852274333479,1121.6680819304513,20
2026-03-02 12:10:00+00:00,1152.2406552931852,1121.5668871411879,20
2026-03-02 12:15:00+00:00,1173.0174172125976,1064.7913028939724,19
2026-03-02 12:15:00+00:00,1173.0174172125976,1123.4421737546022,20
2026-03-02 12:29:00+00:00,1182.9317866655997,1127.5089327934254,20
2026-03-02 12:32:00+00:00,1232.5036339306102,913.734963017672,16
2026-03-02 12:32:00+00:00,1232.5036339306102,975.3601447142025,17
2026-03-02 12:32:00+00:00,1232.5036339306102,1036.985326410733,18
2026-03-02 12:32:00+00:00,1232.5036339306102,1098.6105081072635,19
2026-03-02 12:33:00+00:00,1232.5036339306102,1160.235689803794,20
2026-03-02 12:33:00+00:00,1232.5036339306102,1221.8608715003245,21
2026-03-02 12:34:00+00:00,1242.4180033836124,1228.9019413750484,21
2026-03-02 12:45:00+00:00,1252.2138699599386,1237.091153893455,21
2026-03-02 12:58:00+00:00,1282.092506266952,1135.2033552789524,19
2026-03-02 12:58:00+00:00,1282.092506266952,1199.3079805923,20
2026-03-02 12:58:00+00:00,1282.092506266952,1263.4126059056478,21
2026-03-02 13:02:00+00:00,1256.9717562316152,1212.0759662838807,20
2026-03-02 13:09:00+00:00,1275.241392620951,1047.4675810482327,17
2026-03-02 13:17:00+00:00,1275.241392620951,1111.2296506792802,18
2026-03-02 13:17:00+00:00,1275.241392620951,1174.9917203103278,19
2026-03-02 13:17:00+00:00,1275.241392620951,1238.7537899413753,20
2026-03-02 16:10:00+00:00,1285.6115585185896,1245.4223351026455,20
2026-03-02 16:18:00+00:00,1306.7258720284165,1193.4568869828067,19
2026-03-02 16:30:00+00:00,1317.3722581084069,1200.1789105549472,19
2026-03-02 16:30:00+00:00,1317.3722581084069,1266.0475234603675,20
2026-03-02 16:32:00+00:00,1337.0923162512968,1086.4014124868104,17
2026-03-02 16:42:00+00:00,1321.1589983352758,967.0880988413326,15
2026-03-02 16:54:00+00:00,1332.4289231649152,971.0988515015813,15
2026-03-02 16:54:00+00:00,1332.4289231649152,1037.720297659827,16
2026-03-02 16:56:00+00:00,1332.4289231649152,1104.341743818073,17
2026-03-02 18:13:00+00:00,1348.1177659450916,661.5368898395137,10
2026-03-02 18:13:00+00:00,1348.1177659450916,728.9427781367683,11
2026-03-02 18:14:00+00:00,1348.1177659450916,796.3486664340229,12
2026-03-02 18:14:00+00:00,1348.1177659450916,863.7545547312775,13
2026-03-08 22:11:00+00:00,1304.1499467118197,65.20749733559317,1
2026-03-08 22:11:00+00:00,1304.1499467118197,130.41499467118416,2
2026-03-09 03:13:00+00:00,1327.6246457526322,66.38123228763381,1
2026-03-09 03:13:00+00:00,1327.6246457526322,132.76246457526543,2
2026-03-09 03:13:00+00:00,1327.6246457526322,199.14369686289706,3
2026-03-09 03:13:00+00:00,1327.6246457526322,265.5249291505287,4
2026-03-09 03:16:00+00:00,1327.6246457526322,331.9061614381603,5
2026-03-09 03:16:00+00:00,1327.6246457526322,398.28739372579196,6
2026-03-09 03:16:00+00:00,1327.6246457526322,464.6686260134236,7
2026-03-09 03:16:00+00:00,1327.6246457526322,531.0498583010552,8
2026-03-09 03:17:00+00:00,1327.6246457526322,597.4310905886869,9
2026-03-09 03:17:00+00:00,1327.6246457526322,663.8123228763185,10
2026-03-09 03:17:00+00:00,1327.6246457526322,730.1935551639501,11
2026-03-09 03:17:00+00:00,1327.6246457526322,796.5747874515818,12
2026-03-09 03:20:00+00:00,1327.6246457526322,862.9560197392134,13
2026-03-09 03:20:00+00:00,1327.6246457526322,929.337252026845,14
2026-03-09 03:20:00+00:00,1327.6246457526322,995.7184843144767,15
2026-03-09 03:20:00+00:00,1327.6246457526322,1062.0997166021082,16
2026-03-09 03:29:00+00:00,1327.6246457526322,1128.4809488897397,17
2026-03-09 03:29:00+00:00,1327.6246457526322,1194.8621811773712,18
2026-03-09 03:29:00+00:00,1327.6246457526322,1261.2434134650027,19
2026-03-09 07:35:00+00:00,1448.4384885161198,72.42192442580807,1
2026-03-09 07:35:00+00:00,1448.4384885161198,144.84384885161407,2
2026-03-09 07:35:00+00:00,1448.4384885161198,217.26577327742007,3
2026-03-09 07:36:00+00:00,1448.4384885161198,289.68769770322604,4
2026-03-09 07:36:00+00:00,1448.4384885161198,362.109622129032,5
2026-03-09 07:36:00+00:00,1448.4384885161198,434.531546554838,6
2026-03-09 07:37:00+00:00,1448.4384885161198,506.95347098064394,7
2026-03-09 07:38:00+00:00,1448.4384885161198,579.3753954064499,8
2026-03-09 07:38:00+00:00,1448.4384885161198,651.7973198322559,9
2026-03-09 07:38:00+00:00,1448.4384885161198,724.2192442580618,10
2026-03-09 07:38:00+00:00,1448.4384885161198,796.6411686838678,11
2026-03-09 07:38:00+00:00,1448.4384885161198,869.0630931096738,12
2026-03-09 07:38:00+00:00,1448.4384885161198,941.4850175354798,13
2026-03-09 07:38:00+00:00,1448.4384885161198,1013.9069419612857,14
2026-03-09 07:38:00+00:00,1448.4384885161198,1086.3288663870917,15
2026-03-09 07:38:00+00:00,1448.4384885161198,1158.7507908128978,16
2026-03-09 07:39:00+00:00,1448.4384885161198,1231.1727152387039,17
2026-03-09 07:39:00+00:00,1448.4384885161198,1303.59463966451,18
2026-03-09 07:39:00+00:00,1448.4384885161198,1376.016564090316,19
2026-03-09 11:57:00+00:00,1580.2463909710877,79.01231954855643,1
2026-03-09 11:58:00+00:00,1580.2463909710877,158.02463909711082,2
2026-03-09 11:58:00+00:00,1580.2463909710877,237.0369586456652,3
2026-03-09 11:58:00+00:00,1580.2463909710877,316.0492781942196,4
2026-03-09 12:05:00+00:00,1580.2463909710877,395.061597742774,5
2026-03-09 12:05:00+00:00,1580.2463909710877,474.07391729132837,6
2026-03-09 12:06:00+00:00,1580.2463909710877,553.0862368398828,7
2026-03-09 12:06:00+00:00,1580.2463909710877,632.0985563884371,8
2026-03-09 12:06:00+00:00,1580.2463909710877,711.1108759369915,9
2026-03-09 12:07:00+00:00,1580.2463909710877,790.1231954855459,10
2026-03-09 12:07:00+00:00,1580.2463909710877,869.1355150341003,11
2026-03-09 12:08:00+00:00,1580.2463909710877,948.1478345826547,12
2026-03-09 12:08:00+00:00,1580.2463909710877,1027.160154131209,13
2026-03-09 12:08:00+00:00,1580.2463909710877,1106.1724736797635,14
2026-03-09 12:09:00+00:00,1580.2463909710877,1185.1847932283179,15
2026-03-09 12:09:00+00:00,1580.2463909710877,1264.1971127768722,16
2026-03-09 12:09:00+00:00,1580.2463909710877,1343.2094323254266,17
2026-03-09 12:09:00+00:00,1580.2463909710877,1422.221751873981,18
2026-03-09 12:09:00+00:00,1580.2463909710877,1501.2340714225354,19
2026-03-09 15:57:00+00:00,1594.4686084898276,1501.9451822984724,19
2026-03-09 15:57:00+00:00,1594.4686084898276,1581.6686127229639,20
2026-03-09 16:21:00+00:00,1850.468523827145,251.97028704034216,3
2026-03-09 16:21:00+00:00,1850.468523827145,344.4937132316994,4
2026-03-09 16:26:00+00:00,1850.468523827145,437.0171394230567,5
2026-03-09 16:26:00+00:00,1850.468523827145,529.5405656144139,6
2026-03-09 16:29:00+00:00,1850.468523827145,622.0639918057711,7
2026-03-09 16:30:00+00:00,1850.468523827145,714.5874179971283,8
2026-03-09 16:30:00+00:00,1850.468523827145,807.1108441884855,9
2026-03-09 16:47:00+00:00,1850.468523827145,899.6342703798427,10
2026-03-09 16:47:00+00:00,1850.468523827145,992.1576965712,11
2026-03-09 16:48:00+00:00,1850.468523827145,1084.6811227625572,12
2026-03-09 16:49:00+00:00,1850.468523827145,1177.2045489539144,13
2026-03-09 16:49:00+00:00,1850.468523827145,1269.7279751452716,14
2026-03-09 17:24:00+00:00,1850.468523827145,1362.2514013366288,15
2026-03-09 17:24:00+00:00,1850.468523827145,1454.774827527986,16
2026-03-09 17:41:00+00:00,1850.468523827145,1547.2982537193432,17
2026-03-09 17:41:00+00:00,1850.468523827145,1639.8216799107004,18
2026-03-09 17:54:00+00:00,1850.468523827145,1732.3451061020576,19
2026-03-09 17:54:00+00:00,1850.468523827145,1824.8685322934148,20
2026-03-09 20:20:00+00:00,1879.168958779962,1759.38011938343,19
2026-03-09 20:20:00+00:00,1879.168958779962,1853.338567322428,20
2026-03-09 20:21:00+00:00,1912.4773922088507,1763.9155845501562,19
2026-03-09 20:21:00+00:00,1912.4773922088507,1859.5394541605988,20
2026-03-09 20:55:00+00:00,1893.9727069705798,1029.0038275955558,11
