instrument,ts,bid,ask
USD_JPY,1640000000.0,110.51481,110.52281
USD_JPY,1640000001.0,110.50968,110.51768
USD_JPY,1640000002.0,110.51037,110.51837
USD_JPY,1640000003.0,110.51166,110.51966
USD_JPY,1640000004.0,110.51243,110.52043
USD_JPY,1640000005.0,110.53854,110.54654
USD_JPY,1640000006.0,110.52917,110.53717
USD_JPY,1640000007.0,110.5683,110.5763
USD_JPY,1640000008.0,110.56977,110.57777
USD_JPY,1640000009.0,110.60643,110.61443
USD_JPY,1640000010.0,110.67052,110.67852
USD_JPY,1640000011.0,110.71087,110.71887
USD_JPY,1640000012.0,110.72834,110.73634
USD_JPY,1640000013.0,110.77334,110.78134
USD_JPY,1640000014.0,110.78634,110.79434
USD_JPY,1640000015.0,110.80587,110.81387
USD_JPY,1640000016.0,110.7819,110.7899
USD_JPY,1640000017.0,110.81529,110.82329
USD_JPY,1640000018.0,110.85626,110.86426
USD_JPY,1640000019.0,110.89336,110.90136
USD_JPY,1640000020.0,110.95342,110.96142
USD_JPY,1640000021.0,111.00067,111.00867
USD_JPY,1640000022.0,111.00263,111.01063
USD_JPY,1640000023.0,111.00493,111.01293
USD_JPY,1640000024.0,111.03304,111.04104
USD_JPY,1640000025.0,110.99614,111.00414
USD_JPY,1640000026.0,111.04355,111.05155
USD_JPY,1640000027.0,111.04338,111.05138
USD_JPY,1640000028.0,111.0446,111.0526
USD_JPY,1640000029.0,111.07047,111.07847
USD_JPY,1640000030.0,111.08236,111.09036
USD_JPY,1640000031.0,111.11867,111.12667
USD_JPY,1640000032.0,111.12005,111.12805
USD_JPY,1640000033.0,111.1342,111.1422
USD_JPY,1640000034.0,111.16005,111.16805
USD_JPY,1640000035.0,111.21916,111.22716
USD_JPY,1640000036.0,111.25066,111.25866
USD_JPY,1640000037.0,111.27296,111.28096
USD_JPY,1640000038.0,111.27495,111.28295
USD_JPY,1640000039.0,111.31835,111.32635
USD_JPY,1640000040.0,111.33569,111.34369
USD_JPY,1640000041.0,111.37629,111.38429
USD_JPY,1640000042.0,111.3929,111.4009
USD_JPY,1640000043.0,111.46013,111.46813
USD_JPY,1640000044.0,111.48571,111.49371
USD_JPY,1640000045.0,111.49469,111.50269
USD_JPY,1640000046.0,111.52256,111.53056
USD_JPY,1640000047.0,111.55815,111.56615
USD_JPY,1640000048.0,111.58078,111.58878
USD_JPY,1640000049.0,111.62424,111.63224
USD_JPY,1640000050.0,111.64875,111.65675
USD_JPY,1640000051.0,111.66828,111.67628
USD_JPY,1640000052.0,111.73655,111.74455
USD_JPY,1640000053.0,111.74134,111.74934
USD_JPY,1640000054.0,111.74238,111.75038
USD_JPY,1640000055.0,111.77075,111.77875
USD_JPY,1640000056.0,111.77564,111.78364
USD_JPY,1640000057.0,111.77857,111.78657
USD_JPY,1640000058.0,111.78426,111.79226
USD_JPY,1640000059.0,111.8287,111.8367
USD_JPY,1640000060.0,111.86065,111.86865
USD_JPY,1640000061.0,111.9148,111.9228
USD_JPY,1640000062.0,111.94313,111.95113
USD_JPY,1640000063.0,111.98127,111.98927
USD_JPY,1640000064.0,112.00915,112.01715
USD_JPY,1640000065.0,112.03583,112.04383
USD_JPY,1640000066.0,112.02823,112.03623
USD_JPY,1640000067.0,112.06587,112.07387
USD_JPY,1640000068.0,112.1441,112.1521
USD_JPY,1640000069.0,112.2005,112.2085
USD_JPY,1640000070.0,112.21818,112.22618
USD_JPY,1640000071.0,112.24385,112.25185
USD_JPY,1640000072.0,112.26533,112.27333
USD_JPY,1640000073.0,112.32234,112.33034
USD_JPY,1640000074.0,112.35413,112.36213
USD_JPY,1640000075.0,112.42317,112.43117
USD_JPY,1640000076.0,112.43372,112.44172
USD_JPY,1640000077.0,112.43395,112.44195
USD_JPY,1640000078.0,112.45484,112.46284
USD_JPY,1640000079.0,112.49099,112.49899
USD_JPY,1640000080.0,112.53891,112.54691
USD_JPY,1640000081.0,112.54447,112.55247
USD_JPY,1640000082.0,112.56382,112.57182
USD_JPY,1640000083.0,112.56496,112.57296
USD_JPY,1640000084.0,112.59619,112.60419
USD_JPY,1640000085.0,112.57577,112.58377
USD_JPY,1640000086.0,112.59172,112.59972
USD_JPY,1640000087.0,112.62053,112.62853
USD_JPY,1640000088.0,112.64886,112.65686
USD_JPY,1640000089.0,112.67109,112.67909
USD_JPY,1640000090.0,112.67063,112.67863
USD_JPY,1640000091.0,112.70389,112.71189
USD_JPY,1640000092.0,112.70341,112.71141
USD_JPY,1640000093.0,112.69924,112.70724
USD_JPY,1640000094.0,112.70856,112.71656
USD_JPY,1640000095.0,112.72804,112.73604
USD_JPY,1640000096.0,112.71666,112.72466
USD_JPY,1640000097.0,112.70375,112.71175
USD_JPY,1640000098.0,112.71507,112.72307
USD_JPY,1640000099.0,112.7455,112.7535
USD_JPY,1640000100.0,112.74218,112.75018
USD_JPY,1640000101.0,112.77032,112.77832
USD_JPY,1640000102.0,112.78981,112.79781
USD_JPY,1640000103.0,112.80712,112.81512
USD_JPY,1640000104.0,112.86969,112.87769
USD_JPY,1640000105.0,112.89057,112.89857
USD_JPY,1640000106.0,112.91525,112.92325
USD_JPY,1640000107.0,112.97671,112.98471
USD_JPY,1640000108.0,112.96084,112.96884
USD_JPY,1640000109.0,112.95236,112.96036
USD_JPY,1640000110.0,112.98477,112.99277
USD_JPY,1640000111.0,113.00742,113.01542
USD_JPY,1640000112.0,113.0282,113.0362
USD_JPY,1640000113.0,113.03911,113.04711
USD_JPY,1640000114.0,113.08579,113.09379
USD_JPY,1640000115.0,113.14157,113.14957
USD_JPY,1640000116.0,113.17779,113.18579
USD_JPY,1640000117.0,113.17979,113.18779
USD_JPY,1640000118.0,113.18223,113.19023
USD_JPY,1640000119.0,113.21414,113.22214
USD_JPY,1640000120.0,113.24215,113.25015
USD_JPY,1640000121.0,113.25637,113.26437
USD_JPY,1640000122.0,113.2868,113.2948
USD_JPY,1640000123.0,113.26029,113.26829
USD_JPY,1640000124.0,113.2915,113.2995
USD_JPY,1640000125.0,113.32376,113.33176
USD_JPY,1640000126.0,113.34422,113.35222
USD_JPY,1640000127.0,113.37084,113.37884
USD_JPY,1640000128.0,113.37906,113.38706
USD_JPY,1640000129.0,113.36593,113.37393
USD_JPY,1640000130.0,113.40634,113.41434
USD_JPY,1640000131.0,113.3824,113.3904
USD_JPY,1640000132.0,113.396,113.404
USD_JPY,1640000133.0,113.40088,113.40888
USD_JPY,1640000134.0,113.42716,113.43516
USD_JPY,1640000135.0,113.43307,113.44107
USD_JPY,1640000136.0,113.49072,113.49872
USD_JPY,1640000137.0,113.52358,113.53158
USD_JPY,1640000138.0,113.53031,113.53831
USD_JPY,1640000139.0,113.58361,113.59161
USD_JPY,1640000140.0,113.6476,113.6556
USD_JPY,1640000141.0,113.64988,113.65788
USD_JPY,1640000142.0,113.67531,113.68331
USD_JPY,1640000143.0,113.69342,113.70142
USD_JPY,1640000144.0,113.69419,113.70219
USD_JPY,1640000145.0,113.70024,113.70824
USD_JPY,1640000146.0,113.71636,113.72436
USD_JPY,1640000147.0,113.74613,113.75413
USD_JPY,1640000148.0,113.77266,113.78066
USD_JPY,1640000149.0,113.7754,113.7834
USD_JPY,1640000150.0,113.81244,113.82044
USD_JPY,1640000151.0,113.8414,113.8494
USD_JPY,1640000152.0,113.87045,113.87845
USD_JPY,1640000153.0,113.87495,113.88295
USD_JPY,1640000154.0,113.88291,113.89091
USD_JPY,1640000155.0,113.89012,113.89812
USD_JPY,1640000156.0,113.95632,113.96432
USD_JPY,1640000157.0,113.98855,113.99655
USD_JPY,1640000158.0,114.05326,114.06126
USD_JPY,1640000159.0,114.02106,114.02906
USD_JPY,1640000160.0,114.0545,114.0625
USD_JPY,1640000161.0,114.11661,114.12461
USD_JPY,1640000162.0,114.13291,114.14091
USD_JPY,1640000163.0,114.14292,114.15092
USD_JPY,1640000164.0,114.12834,114.13634
USD_JPY,1640000165.0,114.11257,114.12057
USD_JPY,1640000166.0,114.13209,114.14009
USD_JPY,1640000167.0,114.17023,114.17823
USD_JPY,1640000168.0,114.20587,114.21387
USD_JPY,1640000169.0,114.25805,114.26605
USD_JPY,1640000170.0,114.26886,114.27686
USD_JPY,1640000171.0,114.24709,114.25509
USD_JPY,1640000172.0,114.27636,114.28436
USD_JPY,1640000173.0,114.32467,114.33267
USD_JPY,1640000174.0,114.29878,114.30678
USD_JPY,1640000175.0,114.32166,114.32966
USD_JPY,1640000176.0,114.35157,114.35957
USD_JPY,1640000177.0,114.37732,114.38532
USD_JPY,1640000178.0,114.39091,114.39891
USD_JPY,1640000179.0,114.41456,114.42256
USD_JPY,1640000180.0,114.42652,114.43452
USD_JPY,1640000181.0,114.44534,114.45334
USD_JPY,1640000182.0,114.46437,114.47237
USD_JPY,1640000183.0,114.4867,114.4947
USD_JPY,1640000184.0,114.51363,114.52163
USD_JPY,1640000185.0,114.52934,114.53734
USD_JPY,1640000186.0,114.53038,114.53838
USD_JPY,1640000187.0,114.5395,114.5475
USD_JPY,1640000188.0,114.56379,114.57179
USD_JPY,1640000189.0,114.60836,114.61636
USD_JPY,1640000190.0,114.6186,114.6266
USD_JPY,1640000191.0,114.62484,114.63284
USD_JPY,1640000192.0,114.62589,114.63389
USD_JPY,1640000193.0,114.64204,114.65004
USD_JPY,1640000194.0,114.64878,114.65678
USD_JPY,1640000195.0,114.67268,114.68068
USD_JPY,1640000196.0,114.72108,114.72908
USD_JPY,1640000197.0,114.71509,114.72309
USD_JPY,1640000198.0,114.75114,114.75914
USD_JPY,1640000199.0,114.79134,114.79934
USD_JPY,1640000200.0,114.82172,114.82972
USD_JPY,1640000201.0,114.90706,114.91506
USD_JPY,1640000202.0,114.91671,114.92471
USD_JPY,1640000203.0,114.93408,114.94208
USD_JPY,1640000204.0,114.9916,114.9996
USD_JPY,1640000205.0,115.02,115.028
USD_JPY,1640000206.0,115.07105,115.07905
USD_JPY,1640000207.0,115.12718,115.13518
USD_JPY,1640000208.0,115.15738,115.16538
USD_JPY,1640000209.0,115.1501,115.1581
USD_JPY,1640000210.0,115.15942,115.16742
USD_JPY,1640000211.0,115.1795,115.1875
USD_JPY,1640000212.0,115.20374,115.21174
USD_JPY,1640000213.0,115.24937,115.25737
USD_JPY,1640000214.0,115.27023,115.27823
USD_JPY,1640000215.0,115.23706,115.24506
USD_JPY,1640000216.0,115.2534,115.2614
USD_JPY,1640000217.0,115.22938,115.23738
USD_JPY,1640000218.0,115.23943,115.24743
USD_JPY,1640000219.0,115.27024,115.27824
USD_JPY,1640000220.0,115.31338,115.32138
USD_JPY,1640000221.0,115.30759,115.31559
USD_JPY,1640000222.0,115.3179,115.3259
USD_JPY,1640000223.0,115.33121,115.33921
USD_JPY,1640000224.0,115.32418,115.33218
USD_JPY,1640000225.0,115.37507,115.38307
USD_JPY,1640000226.0,115.3994,115.4074
USD_JPY,1640000227.0,115.43516,115.44316
USD_JPY,1640000228.0,115.48086,115.48886
USD_JPY,1640000229.0,115.53034,115.53834
USD_JPY,1640000230.0,115.52006,115.52806
USD_JPY,1640000231.0,115.49625,115.50425
USD_JPY,1640000232.0,115.5091,115.5171
USD_JPY,1640000233.0,115.53359,115.54159
USD_JPY,1640000234.0,115.60511,115.61311
USD_JPY,1640000235.0,115.61358,115.62158
USD_JPY,1640000236.0,115.6369,115.6449
USD_JPY,1640000237.0,115.69142,115.69942
USD_JPY,1640000238.0,115.70853,115.71653
USD_JPY,1640000239.0,115.7526,115.7606
USD_JPY,1640000240.0,115.78381,115.79181
USD_JPY,1640000241.0,115.8494,115.8574
USD_JPY,1640000242.0,115.88069,115.88869
USD_JPY,1640000243.0,115.9586,115.9666
USD_JPY,1640000244.0,115.99569,116.00369
USD_JPY,1640000245.0,116.01609,116.02409
USD_JPY,1640000246.0,116.03791,116.04591
USD_JPY,1640000247.0,116.05024,116.05824
USD_JPY,1640000248.0,116.08229,116.09029
USD_JPY,1640000249.0,116.14519,116.15319
USD_JPY,1640000250.0,116.14894,116.15694
USD_JPY,1640000251.0,116.15058,116.15858
USD_JPY,1640000252.0,116.17458,116.18258
USD_JPY,1640000253.0,116.19153,116.19953
USD_JPY,1640000254.0,116.16986,116.17786
USD_JPY,1640000255.0,116.15895,116.16695
USD_JPY,1640000256.0,116.17629,116.18429
USD_JPY,1640000257.0,116.22186,116.22986
USD_JPY,1640000258.0,116.28765,116.29565
USD_JPY,1640000259.0,116.30466,116.31266
USD_JPY,1640000260.0,116.3419,116.3499
USD_JPY,1640000261.0,116.35758,116.36558
USD_JPY,1640000262.0,116.40481,116.41281
USD_JPY,1640000263.0,116.36898,116.37698
USD_JPY,1640000264.0,116.40962,116.41762
USD_JPY,1640000265.0,116.45078,116.45878
USD_JPY,1640000266.0,116.48938,116.49738
USD_JPY,1640000267.0,116.48531,116.49331
USD_JPY,1640000268.0,116.50395,116.51195
USD_JPY,1640000269.0,116.49071,116.49871
USD_JPY,1640000270.0,116.50692,116.51492
USD_JPY,1640000271.0,116.50114,116.50914
USD_JPY,1640000272.0,116.5358,116.5438
USD_JPY,1640000273.0,116.51764,116.52564
USD_JPY,1640000274.0,116.52766,116.53566
USD_JPY,1640000275.0,116.56321,116.57121
USD_JPY,1640000276.0,116.56893,116.57693
USD_JPY,1640000277.0,116.57952,116.58752
USD_JPY,1640000278.0,116.57734,116.58534
USD_JPY,1640000279.0,116.55243,116.56043
USD_JPY,1640000280.0,116.52922,116.53722
USD_JPY,1640000281.0,116.54869,116.55669
USD_JPY,1640000282.0,116.54328,116.55128
USD_JPY,1640000283.0,116.53897,116.54697
USD_JPY,1640000284.0,116.54218,116.55018
USD_JPY,1640000285.0,116.54838,116.55638
USD_JPY,1640000286.0,116.57499,116.58299
USD_JPY,1640000287.0,116.60267,116.61067
USD_JPY,1640000288.0,116.61724,116.62524
USD_JPY,1640000289.0,116.62918,116.63718
USD_JPY,1640000290.0,116.6531,116.6611
USD_JPY,1640000291.0,116.71647,116.72447
USD_JPY,1640000292.0,116.71589,116.72389
USD_JPY,1640000293.0,116.72541,116.73341
USD_JPY,1640000294.0,116.73751,116.74551
USD_JPY,1640000295.0,116.76971,116.77771
USD_JPY,1640000296.0,116.77793,116.78593
USD_JPY,1640000297.0,116.78952,116.79752
USD_JPY,1640000298.0,116.81198,116.81998
USD_JPY,1640000299.0,116.81296,116.82096
USD_JPY,1640000300.0,116.82716,116.83516
USD_JPY,1640000301.0,116.86885,116.87685
USD_JPY,1640000302.0,116.89356,116.90156
USD_JPY,1640000303.0,116.90925,116.91725
USD_JPY,1640000304.0,116.9387,116.9467
USD_JPY,1640000305.0,116.95745,116.96545
USD_JPY,1640000306.0,116.97489,116.98289
USD_JPY,1640000307.0,116.9541,116.9621
USD_JPY,1640000308.0,116.97118,116.97918
USD_JPY,1640000309.0,117.00913,117.01713
USD_JPY,1640000310.0,117.02939,117.03739
USD_JPY,1640000311.0,117.06675,117.07475
USD_JPY,1640000312.0,117.07434,117.08234
USD_JPY,1640000313.0,117.06704,117.07504
USD_JPY,1640000314.0,117.06849,117.07649
USD_JPY,1640000315.0,117.08547,117.09347
USD_JPY,1640000316.0,117.14169,117.14969
USD_JPY,1640000317.0,117.15461,117.16261
USD_JPY,1640000318.0,117.18613,117.19413
USD_JPY,1640000319.0,117.20333,117.21133
USD_JPY,1640000320.0,117.24787,117.25587
USD_JPY,1640000321.0,117.26787,117.27587
USD_JPY,1640000322.0,117.26575,117.27375
USD_JPY,1640000323.0,117.285,117.293
USD_JPY,1640000324.0,117.30787,117.31587
USD_JPY,1640000325.0,117.30315,117.31115
USD_JPY,1640000326.0,117.35329,117.36129
USD_JPY,1640000327.0,117.34839,117.35639
USD_JPY,1640000328.0,117.36653,117.37453
USD_JPY,1640000329.0,117.38128,117.38928
USD_JPY,1640000330.0,117.39267,117.40067
USD_JPY,1640000331.0,117.42691,117.43491
USD_JPY,1640000332.0,117.436,117.444
USD_JPY,1640000333.0,117.43452,117.44252
USD_JPY,1640000334.0,117.49003,117.49803
USD_JPY,1640000335.0,117.54863,117.55663
USD_JPY,1640000336.0,117.59132,117.59932
USD_JPY,1640000337.0,117.58522,117.59322
USD_JPY,1640000338.0,117.61935,117.62735
USD_JPY,1640000339.0,117.66097,117.66897
USD_JPY,1640000340.0,117.61002,117.61802
USD_JPY,1640000341.0,117.60405,117.61205
USD_JPY,1640000342.0,117.66557,117.67357
USD_JPY,1640000343.0,117.6864,117.6944
USD_JPY,1640000344.0,117.68131,117.68931
USD_JPY,1640000345.0,117.70637,117.71437
USD_JPY,1640000346.0,117.74021,117.74821
USD_JPY,1640000347.0,117.78746,117.79546
USD_JPY,1640000348.0,117.82143,117.82943
USD_JPY,1640000349.0,117.84,117.848
USD_JPY,1640000350.0,117.84851,117.85651
USD_JPY,1640000351.0,117.88804,117.89604
USD_JPY,1640000352.0,117.89993,117.90793
USD_JPY,1640000353.0,117.98013,117.98813
USD_JPY,1640000354.0,118.00644,118.01444
USD_JPY,1640000355.0,118.00831,118.01631
USD_JPY,1640000356.0,118.07992,118.08792
USD_JPY,1640000357.0,118.13208,118.14008
USD_JPY,1640000358.0,118.17126,118.17926
USD_JPY,1640000359.0,118.20304,118.21104
USD_JPY,1640000360.0,118.229,118.237
USD_JPY,1640000361.0,118.24194,118.24994
USD_JPY,1640000362.0,118.26351,118.27151
USD_JPY,1640000363.0,118.26407,118.27207
USD_JPY,1640000364.0,118.24824,118.25624
USD_JPY,1640000365.0,118.25728,118.26528
USD_JPY,1640000366.0,118.29008,118.29808
USD_JPY,1640000367.0,118.28026,118.28826
USD_JPY,1640000368.0,118.27933,118.28733
USD_JPY,1640000369.0,118.30957,118.31757
USD_JPY,1640000370.0,118.33844,118.34644
USD_JPY,1640000371.0,118.37457,118.38257
USD_JPY,1640000372.0,118.39339,118.40139
USD_JPY,1640000373.0,118.40615,118.41415
USD_JPY,1640000374.0,118.42804,118.43604
USD_JPY,1640000375.0,118.44733,118.45533
USD_JPY,1640000376.0,118.47566,118.48366
USD_JPY,1640000377.0,118.49646,118.50446
USD_JPY,1640000378.0,118.52869,118.53669
USD_JPY,1640000379.0,118.56094,118.56894
USD_JPY,1640000380.0,118.65295,118.66095
USD_JPY,1640000381.0,118.69409,118.70209
USD_JPY,1640000382.0,118.6955,118.7035
USD_JPY,1640000383.0,118.70827,118.71627
USD_JPY,1640000384.0,118.70411,118.71211
USD_JPY,1640000385.0,118.70502,118.71302
USD_JPY,1640000386.0,118.73573,118.74373
USD_JPY,1640000387.0,118.74765,118.75565
USD_JPY,1640000388.0,118.77638,118.78438
USD_JPY,1640000389.0,118.8065,118.8145
USD_JPY,1640000390.0,118.82857,118.83657
USD_JPY,1640000391.0,118.8611,118.8691
USD_JPY,1640000392.0,118.86165,118.86965
USD_JPY,1640000393.0,118.86498,118.87298
USD_JPY,1640000394.0,118.90087,118.90887
USD_JPY,1640000395.0,118.93141,118.93941
USD_JPY,1640000396.0,118.95398,118.96198
USD_JPY,1640000397.0,119.00027,119.00827
USD_JPY,1640000398.0,119.04082,119.04882
USD_JPY,1640000399.0,119.0299,119.0379
USD_JPY,1640000400.0,119.03936,119.04736
USD_JPY,1640000401.0,119.07078,119.07878
USD_JPY,1640000402.0,119.12615,119.13415
USD_JPY,1640000403.0,119.19036,119.19836
USD_JPY,1640000404.0,119.25244,119.26044
USD_JPY,1640000405.0,119.27544,119.28344
USD_JPY,1640000406.0,119.29829,119.30629
USD_JPY,1640000407.0,119.30451,119.31251
USD_JPY,1640000408.0,119.31574,119.32374
USD_JPY,1640000409.0,119.34915,119.35715
USD_JPY,1640000410.0,119.36666,119.37466
USD_JPY,1640000411.0,119.41143,119.41943
USD_JPY,1640000412.0,119.45998,119.46798
USD_JPY,1640000413.0,119.52428,119.53228
USD_JPY,1640000414.0,119.53756,119.54556
USD_JPY,1640000415.0,119.53558,119.54358
USD_JPY,1640000416.0,119.53593,119.54393
USD_JPY,1640000417.0,119.56915,119.57715
USD_JPY,1640000418.0,119.60953,119.61753
USD_JPY,1640000419.0,119.63424,119.64224
USD_JPY,1640000420.0,119.64556,119.65356
USD_JPY,1640000421.0,119.66355,119.67155
USD_JPY,1640000422.0,119.68191,119.68991
USD_JPY,1640000423.0,119.65443,119.66243
USD_JPY,1640000424.0,119.67529,119.68329
USD_JPY,1640000425.0,119.67181,119.67981
USD_JPY,1640000426.0,119.67804,119.68604
USD_JPY,1640000427.0,119.7437,119.7517
USD_JPY,1640000428.0,119.76813,119.77613
USD_JPY,1640000429.0,119.78449,119.79249
USD_JPY,1640000430.0,119.79814,119.80614
USD_JPY,1640000431.0,119.82686,119.83486
USD_JPY,1640000432.0,119.84772,119.85572
USD_JPY,1640000433.0,119.85915,119.86715
USD_JPY,1640000434.0,119.86636,119.87436
USD_JPY,1640000435.0,119.87996,119.88796
USD_JPY,1640000436.0,119.85843,119.86643
USD_JPY,1640000437.0,119.88021,119.88821
USD_JPY,1640000438.0,119.91599,119.92399
USD_JPY,1640000439.0,119.97458,119.98258
USD_JPY,1640000440.0,120.00858,120.01658
USD_JPY,1640000441.0,120.03232,120.04032
USD_JPY,1640000442.0,120.07763,120.08563
USD_JPY,1640000443.0,120.10948,120.11748
USD_JPY,1640000444.0,120.08456,120.09256
USD_JPY,1640000445.0,120.10699,120.11499
USD_JPY,1640000446.0,120.13075,120.13875
USD_JPY,1640000447.0,120.14944,120.15744
USD_JPY,1640000448.0,120.1686,120.1766
USD_JPY,1640000449.0,120.22458,120.23258
USD_JPY,1640000450.0,120.27206,120.28006
USD_JPY,1640000451.0,120.24316,120.25116
USD_JPY,1640000452.0,120.27362,120.28162
USD_JPY,1640000453.0,120.26491,120.27291
USD_JPY,1640000454.0,120.27776,120.28576
USD_JPY,1640000455.0,120.26977,120.27777
USD_JPY,1640000456.0,120.31326,120.32126
USD_JPY,1640000457.0,120.35703,120.36503
USD_JPY,1640000458.0,120.40384,120.41184
USD_JPY,1640000459.0,120.43201,120.44001
USD_JPY,1640000460.0,120.45335,120.46135
USD_JPY,1640000461.0,120.49546,120.50346
USD_JPY,1640000462.0,120.52566,120.53366
USD_JPY,1640000463.0,120.56024,120.56824
USD_JPY,1640000464.0,120.57915,120.58715
USD_JPY,1640000465.0,120.61091,120.61891
USD_JPY,1640000466.0,120.66232,120.67032
USD_JPY,1640000467.0,120.73559,120.74359
USD_JPY,1640000468.0,120.74067,120.74867
USD_JPY,1640000469.0,120.75878,120.76678
USD_JPY,1640000470.0,120.81071,120.81871
USD_JPY,1640000471.0,120.82539,120.83339
USD_JPY,1640000472.0,120.83347,120.84147
USD_JPY,1640000473.0,120.80939,120.81739
USD_JPY,1640000474.0,120.84905,120.85705
USD_JPY,1640000475.0,120.87232,120.88032
USD_JPY,1640000476.0,120.84822,120.85622
USD_JPY,1640000477.0,120.8451,120.8531
USD_JPY,1640000478.0,120.8962,120.9042
USD_JPY,1640000479.0,120.89285,120.90085
USD_JPY,1640000480.0,120.90974,120.91774
USD_JPY,1640000481.0,120.97267,120.98067
USD_JPY,1640000482.0,121.0173,121.0253
USD_JPY,1640000483.0,121.01787,121.02587
USD_JPY,1640000484.0,121.08117,121.08917
USD_JPY,1640000485.0,121.11338,121.12138
USD_JPY,1640000486.0,121.12142,121.12942
USD_JPY,1640000487.0,121.16127,121.16927
USD_JPY,1640000488.0,121.148,121.156
USD_JPY,1640000489.0,121.17282,121.18082
USD_JPY,1640000490.0,121.1796,121.1876
USD_JPY,1640000491.0,121.22772,121.23572
USD_JPY,1640000492.0,121.27626,121.28426
USD_JPY,1640000493.0,121.26828,121.27628
USD_JPY,1640000494.0,121.30829,121.31629
USD_JPY,1640000495.0,121.31966,121.32766
USD_JPY,1640000496.0,121.29481,121.30281
USD_JPY,1640000497.0,121.28553,121.29353
USD_JPY,1640000498.0,121.30912,121.31712
USD_JPY,1640000499.0,121.3444,121.3524
USD_JPY,1640000500.0,121.37694,121.38494
USD_JPY,1640000501.0,121.40436,121.41236
USD_JPY,1640000502.0,121.46568,121.47368
USD_JPY,1640000503.0,121.44695,121.45495
USD_JPY,1640000504.0,121.44853,121.45653
USD_JPY,1640000505.0,121.46327,121.47127
USD_JPY,1640000506.0,121.48011,121.48811
USD_JPY,1640000507.0,121.46823,121.47623
USD_JPY,1640000508.0,121.47846,121.48646
USD_JPY,1640000509.0,121.48122,121.48922
USD_JPY,1640000510.0,121.4727,121.4807
USD_JPY,1640000511.0,121.50157,121.50957
USD_JPY,1640000512.0,121.52298,121.53098
USD_JPY,1640000513.0,121.53725,121.54525
USD_JPY,1640000514.0,121.55267,121.56067
USD_JPY,1640000515.0,121.54512,121.55312
USD_JPY,1640000516.0,121.52574,121.53374
USD_JPY,1640000517.0,121.56673,121.57473
USD_JPY,1640000518.0,121.59156,121.59956
USD_JPY,1640000519.0,121.57925,121.58725
USD_JPY,1640000520.0,121.61234,121.62034
USD_JPY,1640000521.0,121.63778,121.64578
USD_JPY,1640000522.0,121.60837,121.61637
USD_JPY,1640000523.0,121.61158,121.61958
USD_JPY,1640000524.0,121.62303,121.63103
USD_JPY,1640000525.0,121.60917,121.61717
USD_JPY,1640000526.0,121.61477,121.62277
USD_JPY,1640000527.0,121.6811,121.6891
USD_JPY,1640000528.0,121.73173,121.73973
USD_JPY,1640000529.0,121.74413,121.75213
USD_JPY,1640000530.0,121.79379,121.80179
USD_JPY,1640000531.0,121.85235,121.86035
USD_JPY,1640000532.0,121.85568,121.86368
USD_JPY,1640000533.0,121.84059,121.84859
USD_JPY,1640000534.0,121.83975,121.84775
USD_JPY,1640000535.0,121.85266,121.86066
USD_JPY,1640000536.0,121.88585,121.89385
USD_JPY,1640000537.0,121.94378,121.95178
USD_JPY,1640000538.0,121.96864,121.97664
USD_JPY,1640000539.0,122.01759,122.02559
USD_JPY,1640000540.0,122.02707,122.03507
USD_JPY,1640000541.0,122.03028,122.03828
USD_JPY,1640000542.0,122.02836,122.03636
USD_JPY,1640000543.0,122.05227,122.06027
USD_JPY,1640000544.0,122.07893,122.08693
USD_JPY,1640000545.0,122.12341,122.13141
USD_JPY,1640000546.0,122.13766,122.14566
USD_JPY,1640000547.0,122.19294,122.20094
USD_JPY,1640000548.0,122.20159,122.20959
USD_JPY,1640000549.0,122.23001,122.23801
USD_JPY,1640000550.0,122.23515,122.24315
USD_JPY,1640000551.0,122.24693,122.25493
USD_JPY,1640000552.0,122.28458,122.29258
USD_JPY,1640000553.0,122.30617,122.31417
USD_JPY,1640000554.0,122.32948,122.33748
USD_JPY,1640000555.0,122.29349,122.30149
USD_JPY,1640000556.0,122.33287,122.34087
USD_JPY,1640000557.0,122.35966,122.36766
USD_JPY,1640000558.0,122.37065,122.37865
USD_JPY,1640000559.0,122.37993,122.38793
USD_JPY,1640000560.0,122.40522,122.41322
USD_JPY,1640000561.0,122.44963,122.45763
USD_JPY,1640000562.0,122.49952,122.50752
USD_JPY,1640000563.0,122.49712,122.50512
USD_JPY,1640000564.0,122.54478,122.55278
USD_JPY,1640000565.0,122.55755,122.56555
USD_JPY,1640000566.0,122.56041,122.56841
USD_JPY,1640000567.0,122.59108,122.59908
USD_JPY,1640000568.0,122.61777,122.62577
USD_JPY,1640000569.0,122.6441,122.6521
USD_JPY,1640000570.0,122.6144,122.6224
USD_JPY,1640000571.0,122.65897,122.66697
USD_JPY,1640000572.0,122.73695,122.74495
USD_JPY,1640000573.0,122.73704,122.74504
USD_JPY,1640000574.0,122.78347,122.79147
USD_JPY,1640000575.0,122.82181,122.82981
USD_JPY,1640000576.0,122.87877,122.88677
USD_JPY,1640000577.0,122.85113,122.85913
USD_JPY,1640000578.0,122.88008,122.88808
USD_JPY,1640000579.0,122.87477,122.88277
USD_JPY,1640000580.0,122.91034,122.91834
USD_JPY,1640000581.0,122.94111,122.94911
USD_JPY,1640000582.0,122.9743,122.9823
USD_JPY,1640000583.0,122.99773,123.00573
USD_JPY,1640000584.0,123.03401,123.04201
USD_JPY,1640000585.0,123.06964,123.07764
USD_JPY,1640000586.0,123.13575,123.14375
USD_JPY,1640000587.0,123.14472,123.15272
USD_JPY,1640000588.0,123.15401,123.16201
USD_JPY,1640000589.0,123.16232,123.17032
USD_JPY,1640000590.0,123.15958,123.16758
USD_JPY,1640000591.0,123.21297,123.22097
USD_JPY,1640000592.0,123.23372,123.24172
USD_JPY,1640000593.0,123.26385,123.27185
USD_JPY,1640000594.0,123.28581,123.29381
USD_JPY,1640000595.0,123.31199,123.31999
USD_JPY,1640000596.0,123.33904,123.34704
USD_JPY,1640000597.0,123.30006,123.30806
USD_JPY,1640000598.0,123.27877,123.28677
USD_JPY,1640000599.0,123.2849,123.2929
USD_JPY,1640000600.0,123.29026,123.29826
USD_JPY,1640000601.0,123.28221,123.29021
USD_JPY,1640000602.0,123.3253,123.3333
USD_JPY,1640000603.0,123.36364,123.37164
USD_JPY,1640000604.0,123.3951,123.4031
USD_JPY,1640000605.0,123.41323,123.42123
USD_JPY,1640000606.0,123.41772,123.42572
USD_JPY,1640000607.0,123.41451,123.42251
USD_JPY,1640000608.0,123.45222,123.46022
USD_JPY,1640000609.0,123.5224,123.5304
USD_JPY,1640000610.0,123.52203,123.53003
USD_JPY,1640000611.0,123.50746,123.51546
USD_JPY,1640000612.0,123.5007,123.5087
USD_JPY,1640000613.0,123.51258,123.52058
USD_JPY,1640000614.0,123.58992,123.59792
USD_JPY,1640000615.0,123.59696,123.60496
USD_JPY,1640000616.0,123.61624,123.62424
USD_JPY,1640000617.0,123.5747,123.5827
USD_JPY,1640000618.0,123.63162,123.63962
USD_JPY,1640000619.0,123.62865,123.63665
USD_JPY,1640000620.0,123.64264,123.65064
USD_JPY,1640000621.0,123.63082,123.63882
USD_JPY,1640000622.0,123.64228,123.65028
USD_JPY,1640000623.0,123.7241,123.7321
USD_JPY,1640000624.0,123.73697,123.74497
USD_JPY,1640000625.0,123.7991,123.8071
USD_JPY,1640000626.0,123.815,123.823
USD_JPY,1640000627.0,123.77973,123.78773
USD_JPY,1640000628.0,123.83623,123.84423
USD_JPY,1640000629.0,123.84473,123.85273
USD_JPY,1640000630.0,123.87582,123.88382
USD_JPY,1640000631.0,123.88029,123.88829
USD_JPY,1640000632.0,123.85011,123.85811
USD_JPY,1640000633.0,123.90932,123.91732
USD_JPY,1640000634.0,123.99562,124.00362
USD_JPY,1640000635.0,124.00777,124.01577
USD_JPY,1640000636.0,124.00907,124.01707
USD_JPY,1640000637.0,124.03939,124.04739
USD_JPY,1640000638.0,124.09333,124.10133
USD_JPY,1640000639.0,124.14537,124.15337
USD_JPY,1640000640.0,124.16568,124.17368
USD_JPY,1640000641.0,124.20382,124.21182
USD_JPY,1640000642.0,124.18669,124.19469
USD_JPY,1640000643.0,124.20433,124.21233
USD_JPY,1640000644.0,124.26203,124.27003
USD_JPY,1640000645.0,124.30149,124.30949
USD_JPY,1640000646.0,124.26114,124.26914
USD_JPY,1640000647.0,124.28803,124.29603
USD_JPY,1640000648.0,124.27647,124.28447
USD_JPY,1640000649.0,124.33713,124.34513
USD_JPY,1640000650.0,124.3511,124.3591
USD_JPY,1640000651.0,124.31585,124.32385
USD_JPY,1640000652.0,124.29984,124.30784
USD_JPY,1640000653.0,124.28678,124.29478
USD_JPY,1640000654.0,124.25066,124.25866
USD_JPY,1640000655.0,124.23295,124.24095
USD_JPY,1640000656.0,124.22532,124.23332
USD_JPY,1640000657.0,124.18428,124.19228
USD_JPY,1640000658.0,124.12386,124.13186
USD_JPY,1640000659.0,124.10808,124.11608
USD_JPY,1640000660.0,124.05333,124.06133
USD_JPY,1640000661.0,124.0123,124.0203
USD_JPY,1640000662.0,123.98393,123.99193
USD_JPY,1640000663.0,123.96597,123.97397
USD_JPY,1640000664.0,123.91084,123.91884
USD_JPY,1640000665.0,123.94334,123.95134
USD_JPY,1640000666.0,123.92959,123.93759
USD_JPY,1640000667.0,123.90221,123.91021
USD_JPY,1640000668.0,123.87336,123.88136
USD_JPY,1640000669.0,123.83337,123.84137
USD_JPY,1640000670.0,123.81229,123.82029
USD_JPY,1640000671.0,123.80072,123.80872
USD_JPY,1640000672.0,123.79102,123.79902
USD_JPY,1640000673.0,123.80266,123.81066
USD_JPY,1640000674.0,123.7615,123.7695
USD_JPY,1640000675.0,123.73689,123.74489
USD_JPY,1640000676.0,123.70525,123.71325
USD_JPY,1640000677.0,123.65638,123.66438
USD_JPY,1640000678.0,123.62125,123.62925
USD_JPY,1640000679.0,123.60783,123.61583
USD_JPY,1640000680.0,123.65856,123.66656
USD_JPY,1640000681.0,123.65,123.658
USD_JPY,1640000682.0,123.65366,123.66166
USD_JPY,1640000683.0,123.6189,123.6269
USD_JPY,1640000684.0,123.61871,123.62671
USD_JPY,1640000685.0,123.59222,123.60022
USD_JPY,1640000686.0,123.55899,123.56699
USD_JPY,1640000687.0,123.52625,123.53425
USD_JPY,1640000688.0,123.46812,123.47612
USD_JPY,1640000689.0,123.44921,123.45721
USD_JPY,1640000690.0,123.42839,123.43639
USD_JPY,1640000691.0,123.37836,123.38636
USD_JPY,1640000692.0,123.32278,123.33078
USD_JPY,1640000693.0,123.30919,123.31719
USD_JPY,1640000694.0,123.2849,123.2929
USD_JPY,1640000695.0,123.30322,123.31122
USD_JPY,1640000696.0,123.29061,123.29861
USD_JPY,1640000697.0,123.24394,123.25194
USD_JPY,1640000698.0,123.21506,123.22306
USD_JPY,1640000699.0,123.18663,123.19463
USD_JPY,1640000700.0,123.15742,123.16542
USD_JPY,1640000701.0,123.12494,123.13294
USD_JPY,1640000702.0,123.06579,123.07379
USD_JPY,1640000703.0,123.04868,123.05668
USD_JPY,1640000704.0,123.04395,123.05195
USD_JPY,1640000705.0,123.03657,123.04457
USD_JPY,1640000706.0,122.97394,122.98194
USD_JPY,1640000707.0,122.9346,122.9426
USD_JPY,1640000708.0,122.89362,122.90162
USD_JPY,1640000709.0,122.86751,122.87551
USD_JPY,1640000710.0,122.84905,122.85705
USD_JPY,1640000711.0,122.83516,122.84316
USD_JPY,1640000712.0,122.82779,122.83579
USD_JPY,1640000713.0,122.79409,122.80209
USD_JPY,1640000714.0,122.74535,122.75335
USD_JPY,1640000715.0,122.72611,122.73411
USD_JPY,1640000716.0,122.74448,122.75248
USD_JPY,1640000717.0,122.76097,122.76897
USD_JPY,1640000718.0,122.73558,122.74358
USD_JPY,1640000719.0,122.68229,122.69029
USD_JPY,1640000720.0,122.69351,122.70151
USD_JPY,1640000721.0,122.65856,122.66656
USD_JPY,1640000722.0,122.66991,122.67791
USD_JPY,1640000723.0,122.62142,122.62942
USD_JPY,1640000724.0,122.60709,122.61509
USD_JPY,1640000725.0,122.54683,122.55483
USD_JPY,1640000726.0,122.50365,122.51165
USD_JPY,1640000727.0,122.48604,122.49404
USD_JPY,1640000728.0,122.49511,122.50311
USD_JPY,1640000729.0,122.46756,122.47556
USD_JPY,1640000730.0,122.40768,122.41568
USD_JPY,1640000731.0,122.41187,122.41987
USD_JPY,1640000732.0,122.37197,122.37997
USD_JPY,1640000733.0,122.31982,122.32782
USD_JPY,1640000734.0,122.33983,122.34783
USD_JPY,1640000735.0,122.29347,122.30147
USD_JPY,1640000736.0,122.28728,122.29528
USD_JPY,1640000737.0,122.20739,122.21539
USD_JPY,1640000738.0,122.21439,122.22239
USD_JPY,1640000739.0,122.19689,122.20489
USD_JPY,1640000740.0,122.14598,122.15398
USD_JPY,1640000741.0,122.12533,122.13333
USD_JPY,1640000742.0,122.10141,122.10941
USD_JPY,1640000743.0,122.07686,122.08486
USD_JPY,1640000744.0,122.05789,122.06589
USD_JPY,1640000745.0,122.04554,122.05354
USD_JPY,1640000746.0,122.01186,122.01986
USD_JPY,1640000747.0,121.994,122.002
USD_JPY,1640000748.0,121.97823,121.98623
USD_JPY,1640000749.0,121.94356,121.95156
USD_JPY,1640000750.0,121.9287,121.9367
USD_JPY,1640000751.0,121.92326,121.93126
USD_JPY,1640000752.0,121.86775,121.87575
USD_JPY,1640000753.0,121.82179,121.82979
USD_JPY,1640000754.0,121.77696,121.78496
USD_JPY,1640000755.0,121.79353,121.80153
USD_JPY,1640000756.0,121.78138,121.78938
USD_JPY,1640000757.0,121.73066,121.73866
USD_JPY,1640000758.0,121.6988,121.7068
USD_JPY,1640000759.0,121.70025,121.70825
USD_JPY,1640000760.0,121.64888,121.65688
USD_JPY,1640000761.0,121.61107,121.61907
USD_JPY,1640000762.0,121.59093,121.59893
USD_JPY,1640000763.0,121.56805,121.57605
USD_JPY,1640000764.0,121.59161,121.59961
USD_JPY,1640000765.0,121.51896,121.52696
USD_JPY,1640000766.0,121.52218,121.53018
USD_JPY,1640000767.0,121.53124,121.53924
USD_JPY,1640000768.0,121.4615,121.4695
USD_JPY,1640000769.0,121.38812,121.39612
USD_JPY,1640000770.0,121.34723,121.35523
USD_JPY,1640000771.0,121.31081,121.31881
USD_JPY,1640000772.0,121.29204,121.30004
USD_JPY,1640000773.0,121.23884,121.24684
USD_JPY,1640000774.0,121.23883,121.24683
USD_JPY,1640000775.0,121.20902,121.21702
USD_JPY,1640000776.0,121.1898,121.1978
USD_JPY,1640000777.0,121.1618,121.1698
USD_JPY,1640000778.0,121.15659,121.16459
USD_JPY,1640000779.0,121.13547,121.14347
USD_JPY,1640000780.0,121.07383,121.08183
USD_JPY,1640000781.0,121.04202,121.05002
USD_JPY,1640000782.0,120.9852,120.9932
USD_JPY,1640000783.0,120.95257,120.96057
USD_JPY,1640000784.0,120.91889,120.92689
USD_JPY,1640000785.0,120.92335,120.93135
USD_JPY,1640000786.0,120.89429,120.90229
USD_JPY,1640000787.0,120.88969,120.89769
USD_JPY,1640000788.0,120.86877,120.87677
USD_JPY,1640000789.0,120.85629,120.86429
USD_JPY,1640000790.0,120.89136,120.89936
USD_JPY,1640000791.0,120.84284,120.85084
USD_JPY,1640000792.0,120.8327,120.8407
USD_JPY,1640000793.0,120.82594,120.83394
USD_JPY,1640000794.0,120.78826,120.79626
USD_JPY,1640000795.0,120.7305,120.7385
USD_JPY,1640000796.0,120.67983,120.68783
USD_JPY,1640000797.0,120.6386,120.6466
USD_JPY,1640000798.0,120.59,120.598
USD_JPY,1640000799.0,120.58303,120.59103
USD_JPY,1640000800.0,120.56232,120.57032
USD_JPY,1640000801.0,120.50751,120.51551
USD_JPY,1640000802.0,120.49918,120.50718
USD_JPY,1640000803.0,120.47774,120.48574
USD_JPY,1640000804.0,120.47868,120.48668
USD_JPY,1640000805.0,120.47283,120.48083
USD_JPY,1640000806.0,120.4602,120.4682
USD_JPY,1640000807.0,120.44134,120.44934
USD_JPY,1640000808.0,120.39547,120.40347
USD_JPY,1640000809.0,120.37908,120.38708
USD_JPY,1640000810.0,120.35136,120.35936
USD_JPY,1640000811.0,120.30405,120.31205
USD_JPY,1640000812.0,120.28105,120.28905
USD_JPY,1640000813.0,120.23209,120.24009
USD_JPY,1640000814.0,120.22756,120.23556
USD_JPY,1640000815.0,120.19066,120.19866
USD_JPY,1640000816.0,120.14524,120.15324
USD_JPY,1640000817.0,120.11242,120.12042
USD_JPY,1640000818.0,120.0656,120.0736
USD_JPY,1640000819.0,120.06714,120.07514
USD_JPY,1640000820.0,120.0359,120.0439
USD_JPY,1640000821.0,119.9998,120.0078
USD_JPY,1640000822.0,120.04013,120.04813
USD_JPY,1640000823.0,119.99813,120.00613
USD_JPY,1640000824.0,119.98957,119.99757
USD_JPY,1640000825.0,119.98777,119.99577
USD_JPY,1640000826.0,120.00799,120.01599
USD_JPY,1640000827.0,119.98999,119.99799
USD_JPY,1640000828.0,119.94744,119.95544
USD_JPY,1640000829.0,119.93701,119.94501
USD_JPY,1640000830.0,119.88407,119.89207
USD_JPY,1640000831.0,119.86416,119.87216
USD_JPY,1640000832.0,119.81075,119.81875
USD_JPY,1640000833.0,119.80417,119.81217
USD_JPY,1640000834.0,119.75106,119.75906
USD_JPY,1640000835.0,119.77704,119.78504
USD_JPY,1640000836.0,119.73891,119.74691
USD_JPY,1640000837.0,119.73176,119.73976
USD_JPY,1640000838.0,119.7525,119.7605
USD_JPY,1640000839.0,119.70187,119.70987
USD_JPY,1640000840.0,119.70195,119.70995
USD_JPY,1640000841.0,119.70917,119.71717
USD_JPY,1640000842.0,119.69752,119.70552
USD_JPY,1640000843.0,119.67048,119.67848
USD_JPY,1640000844.0,119.64497,119.65297
USD_JPY,1640000845.0,119.60968,119.61768
USD_JPY,1640000846.0,119.56579,119.57379
USD_JPY,1640000847.0,119.57097,119.57897
USD_JPY,1640000848.0,119.60513,119.61313
USD_JPY,1640000849.0,119.58961,119.59761
USD_JPY,1640000850.0,119.56094,119.56894
USD_JPY,1640000851.0,119.54513,119.55313
USD_JPY,1640000852.0,119.51913,119.52713
USD_JPY,1640000853.0,119.48049,119.48849
USD_JPY,1640000854.0,119.47721,119.48521
USD_JPY,1640000855.0,119.43092,119.43892
USD_JPY,1640000856.0,119.38485,119.39285
USD_JPY,1640000857.0,119.36434,119.37234
USD_JPY,1640000858.0,119.34949,119.35749
USD_JPY,1640000859.0,119.31717,119.32517
USD_JPY,1640000860.0,119.29688,119.30488
USD_JPY,1640000861.0,119.25764,119.26564
USD_JPY,1640000862.0,119.19978,119.20778
USD_JPY,1640000863.0,119.19622,119.20422
USD_JPY,1640000864.0,119.20562,119.21362
USD_JPY,1640000865.0,119.19697,119.20497
USD_JPY,1640000866.0,119.16109,119.16909
USD_JPY,1640000867.0,119.13436,119.14236
USD_JPY,1640000868.0,119.11009,119.11809
USD_JPY,1640000869.0,119.09792,119.10592
USD_JPY,1640000870.0,119.07242,119.08042
USD_JPY,1640000871.0,119.05908,119.06708
USD_JPY,1640000872.0,119.02278,119.03078
USD_JPY,1640000873.0,119.04075,119.04875
USD_JPY,1640000874.0,119.05143,119.05943
USD_JPY,1640000875.0,119.02284,119.03084
USD_JPY,1640000876.0,119.0063,119.0143
USD_JPY,1640000877.0,118.99275,119.00075
USD_JPY,1640000878.0,119.00584,119.01384
USD_JPY,1640000879.0,118.96431,118.97231
USD_JPY,1640000880.0,118.94447,118.95247
USD_JPY,1640000881.0,118.91488,118.92288
USD_JPY,1640000882.0,118.92082,118.92882
USD_JPY,1640000883.0,118.92391,118.93191
USD_JPY,1640000884.0,118.92035,118.92835
USD_JPY,1640000885.0,118.86193,118.86993
USD_JPY,1640000886.0,118.8134,118.8214
USD_JPY,1640000887.0,118.78371,118.79171
USD_JPY,1640000888.0,118.75028,118.75828
USD_JPY,1640000889.0,118.71904,118.72704
USD_JPY,1640000890.0,118.68755,118.69555
USD_JPY,1640000891.0,118.66427,118.67227
USD_JPY,1640000892.0,118.62288,118.63088
USD_JPY,1640000893.0,118.60963,118.61763
USD_JPY,1640000894.0,118.56757,118.57557
USD_JPY,1640000895.0,118.53221,118.54021
USD_JPY,1640000896.0,118.53231,118.54031
USD_JPY,1640000897.0,118.52988,118.53788
USD_JPY,1640000898.0,118.51106,118.51906
USD_JPY,1640000899.0,118.55067,118.55867
USD_JPY,1640000900.0,118.54086,118.54886
USD_JPY,1640000901.0,118.55194,118.55994
USD_JPY,1640000902.0,118.52593,118.53393
USD_JPY,1640000903.0,118.50688,118.51488
USD_JPY,1640000904.0,118.52364,118.53164
USD_JPY,1640000905.0,118.49879,118.50679
USD_JPY,1640000906.0,118.50482,118.51282
USD_JPY,1640000907.0,118.46709,118.47509
USD_JPY,1640000908.0,118.44198,118.44998
USD_JPY,1640000909.0,118.40632,118.41432
USD_JPY,1640000910.0,118.41358,118.42158
USD_JPY,1640000911.0,118.37835,118.38635
USD_JPY,1640000912.0,118.35032,118.35832
USD_JPY,1640000913.0,118.31204,118.32004
USD_JPY,1640000914.0,118.28505,118.29305
USD_JPY,1640000915.0,118.25921,118.26721
USD_JPY,1640000916.0,118.23401,118.24201
USD_JPY,1640000917.0,118.20609,118.21409
USD_JPY,1640000918.0,118.16713,118.17513
USD_JPY,1640000919.0,118.16328,118.17128
USD_JPY,1640000920.0,118.17516,118.18316
USD_JPY,1640000921.0,118.15469,118.16269
USD_JPY,1640000922.0,118.1174,118.1254
USD_JPY,1640000923.0,118.10883,118.11683
USD_JPY,1640000924.0,118.11152,118.11952
USD_JPY,1640000925.0,118.11339,118.12139
USD_JPY,1640000926.0,118.09622,118.10422
USD_JPY,1640000927.0,118.06782,118.07582
USD_JPY,1640000928.0,118.03511,118.04311
USD_JPY,1640000929.0,117.99989,118.00789
USD_JPY,1640000930.0,117.96624,117.97424
USD_JPY,1640000931.0,117.94285,117.95085
USD_JPY,1640000932.0,117.93302,117.94102
USD_JPY,1640000933.0,117.87689,117.88489
USD_JPY,1640000934.0,117.89756,117.90556
USD_JPY,1640000935.0,117.88753,117.89553
USD_JPY,1640000936.0,117.8515,117.8595
USD_JPY,1640000937.0,117.85498,117.86298
USD_JPY,1640000938.0,117.85093,117.85893
USD_JPY,1640000939.0,117.84064,117.84864
USD_JPY,1640000940.0,117.81303,117.82103
USD_JPY,1640000941.0,117.82704,117.83504
USD_JPY,1640000942.0,117.80104,117.80904
USD_JPY,1640000943.0,117.78978,117.79778
USD_JPY,1640000944.0,117.77974,117.78774
USD_JPY,1640000945.0,117.78445,117.79245
USD_JPY,1640000946.0,117.77988,117.78788
USD_JPY,1640000947.0,117.76788,117.77588
USD_JPY,1640000948.0,117.74825,117.75625
USD_JPY,1640000949.0,117.71061,117.71861
USD_JPY,1640000950.0,117.69793,117.70593
USD_JPY,1640000951.0,117.70023,117.70823
USD_JPY,1640000952.0,117.72756,117.73556
USD_JPY,1640000953.0,117.68962,117.69762
USD_JPY,1640000954.0,117.6429,117.6509
USD_JPY,1640000955.0,117.63181,117.63981
USD_JPY,1640000956.0,117.56124,117.56924
USD_JPY,1640000957.0,117.5679,117.5759
USD_JPY,1640000958.0,117.50566,117.51366
USD_JPY,1640000959.0,117.47698,117.48498
USD_JPY,1640000960.0,117.49213,117.50013
USD_JPY,1640000961.0,117.48742,117.49542
USD_JPY,1640000962.0,117.47713,117.48513
USD_JPY,1640000963.0,117.47556,117.48356
USD_JPY,1640000964.0,117.44861,117.45661
USD_JPY,1640000965.0,117.42772,117.43572
USD_JPY,1640000966.0,117.383,117.391
USD_JPY,1640000967.0,117.4174,117.4254
USD_JPY,1640000968.0,117.42616,117.43416
USD_JPY,1640000969.0,117.40887,117.41687
USD_JPY,1640000970.0,117.42332,117.43132
USD_JPY,1640000971.0,117.39496,117.40296
USD_JPY,1640000972.0,117.37314,117.38114
USD_JPY,1640000973.0,117.41123,117.41923
USD_JPY,1640000974.0,117.38595,117.39395
USD_JPY,1640000975.0,117.37554,117.38354
USD_JPY,1640000976.0,117.40025,117.40825
USD_JPY,1640000977.0,117.39503,117.40303
USD_JPY,1640000978.0,117.36865,117.37665
USD_JPY,1640000979.0,117.36646,117.37446
USD_JPY,1640000980.0,117.3234,117.3314
USD_JPY,1640000981.0,117.32412,117.33212
USD_JPY,1640000982.0,117.30667,117.31467
USD_JPY,1640000983.0,117.2795,117.2875
USD_JPY,1640000984.0,117.21834,117.22634
USD_JPY,1640000985.0,117.20177,117.20977
USD_JPY,1640000986.0,117.17849,117.18649
USD_JPY,1640000987.0,117.10999,117.11799
USD_JPY,1640000988.0,117.06916,117.07716
USD_JPY,1640000989.0,117.04054,117.04854
USD_JPY,1640000990.0,117.02116,117.02916
USD_JPY,1640000991.0,117.0209,117.0289
USD_JPY,1640000992.0,117.00799,117.01599
USD_JPY,1640000993.0,116.96126,116.96926
USD_JPY,1640000994.0,116.99889,117.00689
USD_JPY,1640000995.0,117.02477,117.03277
USD_JPY,1640000996.0,117.01406,117.02206
USD_JPY,1640000997.0,117.00532,117.01332
USD_JPY,1640000998.0,116.97928,116.98728
USD_JPY,1640000999.0,116.96936,116.97736
USD_JPY,1640001000.0,116.91877,116.92677
USD_JPY,1640001001.0,116.90821,116.91621
USD_JPY,1640001002.0,116.91696,116.92496
USD_JPY,1640001003.0,116.88175,116.88975
USD_JPY,1640001004.0,116.87932,116.88732
USD_JPY,1640001005.0,116.86267,116.87067
USD_JPY,1640001006.0,116.80276,116.81076
USD_JPY,1640001007.0,116.7986,116.8066
USD_JPY,1640001008.0,116.79442,116.80242
USD_JPY,1640001009.0,116.76656,116.77456
USD_JPY,1640001010.0,116.76501,116.77301
USD_JPY,1640001011.0,116.79265,116.80065
USD_JPY,1640001012.0,116.76028,116.76828
USD_JPY,1640001013.0,116.72965,116.73765
USD_JPY,1640001014.0,116.71317,116.72117
USD_JPY,1640001015.0,116.69398,116.70198
USD_JPY,1640001016.0,116.64228,116.65028
USD_JPY,1640001017.0,116.64527,116.65327
USD_JPY,1640001018.0,116.61581,116.62381
USD_JPY,1640001019.0,116.58298,116.59098
USD_JPY,1640001020.0,116.53608,116.54408
USD_JPY,1640001021.0,116.48923,116.49723
USD_JPY,1640001022.0,116.43476,116.44276
USD_JPY,1640001023.0,116.41179,116.41979
USD_JPY,1640001024.0,116.36119,116.36919
USD_JPY,1640001025.0,116.37862,116.38662
USD_JPY,1640001026.0,116.38336,116.39136
USD_JPY,1640001027.0,116.36244,116.37044
USD_JPY,1640001028.0,116.33605,116.34405
USD_JPY,1640001029.0,116.3517,116.3597
USD_JPY,1640001030.0,116.30863,116.31663
USD_JPY,1640001031.0,116.24313,116.25113
USD_JPY,1640001032.0,116.24722,116.25522
USD_JPY,1640001033.0,116.24682,116.25482
USD_JPY,1640001034.0,116.26256,116.27056
USD_JPY,1640001035.0,116.26396,116.27196
USD_JPY,1640001036.0,116.20174,116.20974
USD_JPY,1640001037.0,116.16322,116.17122
USD_JPY,1640001038.0,116.14295,116.15095
USD_JPY,1640001039.0,116.15306,116.16106
USD_JPY,1640001040.0,116.16825,116.17625
USD_JPY,1640001041.0,116.16184,116.16984
USD_JPY,1640001042.0,116.142,116.15
USD_JPY,1640001043.0,116.10744,116.11544
USD_JPY,1640001044.0,116.06176,116.06976
USD_JPY,1640001045.0,116.02499,116.03299
USD_JPY,1640001046.0,115.99489,116.00289
USD_JPY,1640001047.0,115.96633,115.97433
USD_JPY,1640001048.0,115.94316,115.95116
USD_JPY,1640001049.0,115.94692,115.95492
USD_JPY,1640001050.0,115.93791,115.94591
USD_JPY,1640001051.0,115.93402,115.94202
USD_JPY,1640001052.0,115.92165,115.92965
USD_JPY,1640001053.0,115.96244,115.97044
USD_JPY,1640001054.0,115.94283,115.95083
USD_JPY,1640001055.0,115.92567,115.93367
USD_JPY,1640001056.0,115.90406,115.91206
USD_JPY,1640001057.0,115.85682,115.86482
USD_JPY,1640001058.0,115.82983,115.83783
USD_JPY,1640001059.0,115.80711,115.81511
USD_JPY,1640001060.0,115.76404,115.77204
USD_JPY,1640001061.0,115.75862,115.76662
USD_JPY,1640001062.0,115.7355,115.7435
USD_JPY,1640001063.0,115.69618,115.70418
USD_JPY,1640001064.0,115.65405,115.66205
USD_JPY,1640001065.0,115.63793,115.64593
USD_JPY,1640001066.0,115.62465,115.63265
USD_JPY,1640001067.0,115.60384,115.61184
USD_JPY,1640001068.0,115.60423,115.61223
USD_JPY,1640001069.0,115.57047,115.57847
USD_JPY,1640001070.0,115.59543,115.60343
USD_JPY,1640001071.0,115.59131,115.59931
USD_JPY,1640001072.0,115.54371,115.55171
USD_JPY,1640001073.0,115.53465,115.54265
USD_JPY,1640001074.0,115.55726,115.56526
USD_JPY,1640001075.0,115.55519,115.56319
USD_JPY,1640001076.0,115.53774,115.54574
USD_JPY,1640001077.0,115.52171,115.52971
USD_JPY,1640001078.0,115.50289,115.51089
USD_JPY,1640001079.0,115.41332,115.42132
USD_JPY,1640001080.0,115.41448,115.42248
USD_JPY,1640001081.0,115.44443,115.45243
USD_JPY,1640001082.0,115.4152,115.4232
USD_JPY,1640001083.0,115.4422,115.4502
USD_JPY,1640001084.0,115.40634,115.41434
USD_JPY,1640001085.0,115.39298,115.40098
USD_JPY,1640001086.0,115.42722,115.43522
USD_JPY,1640001087.0,115.42667,115.43467
USD_JPY,1640001088.0,115.42507,115.43307
USD_JPY,1640001089.0,115.41548,115.42348
USD_JPY,1640001090.0,115.39302,115.40102
USD_JPY,1640001091.0,115.37866,115.38666
USD_JPY,1640001092.0,115.35004,115.35804
USD_JPY,1640001093.0,115.33862,115.34662
USD_JPY,1640001094.0,115.33793,115.34593
USD_JPY,1640001095.0,115.32593,115.33393
USD_JPY,1640001096.0,115.29985,115.30785
USD_JPY,1640001097.0,115.26058,115.26858
USD_JPY,1640001098.0,115.25918,115.26718
USD_JPY,1640001099.0,115.21063,115.21863
USD_JPY,1640001100.0,115.19121,115.19921
USD_JPY,1640001101.0,115.17992,115.18792
USD_JPY,1640001102.0,115.16601,115.17401
USD_JPY,1640001103.0,115.1403,115.1483
USD_JPY,1640001104.0,115.10895,115.11695
USD_JPY,1640001105.0,115.13026,115.13826
USD_JPY,1640001106.0,115.09077,115.09877
USD_JPY,1640001107.0,115.06163,115.06963
USD_JPY,1640001108.0,115.03072,115.03872
USD_JPY,1640001109.0,115.02893,115.03693
USD_JPY,1640001110.0,115.01854,115.02654
USD_JPY,1640001111.0,114.99875,115.00675
USD_JPY,1640001112.0,114.96705,114.97505
USD_JPY,1640001113.0,114.97032,114.97832
USD_JPY,1640001114.0,114.97446,114.98246
USD_JPY,1640001115.0,114.93071,114.93871
USD_JPY,1640001116.0,114.95153,114.95953
USD_JPY,1640001117.0,114.91304,114.92104
USD_JPY,1640001118.0,114.8832,114.8912
USD_JPY,1640001119.0,114.82974,114.83774
USD_JPY,1640001120.0,114.82189,114.82989
USD_JPY,1640001121.0,114.76885,114.77685
USD_JPY,1640001122.0,114.73764,114.74564
USD_JPY,1640001123.0,114.69712,114.70512
USD_JPY,1640001124.0,114.66721,114.67521
USD_JPY,1640001125.0,114.63727,114.64527
USD_JPY,1640001126.0,114.63739,114.64539
USD_JPY,1640001127.0,114.62662,114.63462
USD_JPY,1640001128.0,114.55676,114.56476
USD_JPY,1640001129.0,114.5185,114.5265
USD_JPY,1640001130.0,114.51741,114.52541
USD_JPY,1640001131.0,114.49629,114.50429
USD_JPY,1640001132.0,114.47065,114.47865
USD_JPY,1640001133.0,114.44088,114.44888
USD_JPY,1640001134.0,114.46291,114.47091
USD_JPY,1640001135.0,114.42317,114.43117
USD_JPY,1640001136.0,114.44095,114.44895
USD_JPY,1640001137.0,114.40418,114.41218
USD_JPY,1640001138.0,114.38478,114.39278
USD_JPY,1640001139.0,114.40155,114.40955
USD_JPY,1640001140.0,114.38441,114.39241
USD_JPY,1640001141.0,114.3893,114.3973
USD_JPY,1640001142.0,114.36234,114.37034
USD_JPY,1640001143.0,114.37513,114.38313
USD_JPY,1640001144.0,114.36618,114.37418
USD_JPY,1640001145.0,114.3368,114.3448
USD_JPY,1640001146.0,114.30698,114.31498
USD_JPY,1640001147.0,114.27263,114.28063
USD_JPY,1640001148.0,114.2662,114.2742
USD_JPY,1640001149.0,114.25261,114.26061
USD_JPY,1640001150.0,114.21813,114.22613
USD_JPY,1640001151.0,114.20401,114.21201
USD_JPY,1640001152.0,114.21849,114.22649
USD_JPY,1640001153.0,114.22808,114.23608
USD_JPY,1640001154.0,114.22741,114.23541
USD_JPY,1640001155.0,114.22,114.228
USD_JPY,1640001156.0,114.1911,114.1991
USD_JPY,1640001157.0,114.19336,114.20136
USD_JPY,1640001158.0,114.21176,114.21976
USD_JPY,1640001159.0,114.20526,114.21326
USD_JPY,1640001160.0,114.1496,114.1576
USD_JPY,1640001161.0,114.12737,114.13537
USD_JPY,1640001162.0,114.10602,114.11402
USD_JPY,1640001163.0,114.04674,114.05474
USD_JPY,1640001164.0,114.00835,114.01635
USD_JPY,1640001165.0,113.98227,113.99027
USD_JPY,1640001166.0,114.03031,114.03831
USD_JPY,1640001167.0,114.04428,114.05228
USD_JPY,1640001168.0,114.04697,114.05497
USD_JPY,1640001169.0,114.03614,114.04414
USD_JPY,1640001170.0,114.00778,114.01578
USD_JPY,1640001171.0,114.01463,114.02263
USD_JPY,1640001172.0,113.97248,113.98048
USD_JPY,1640001173.0,113.9822,113.9902
USD_JPY,1640001174.0,114.01286,114.02086
USD_JPY,1640001175.0,113.97437,113.98237
USD_JPY,1640001176.0,113.9392,113.9472
USD_JPY,1640001177.0,113.96259,113.97059
USD_JPY,1640001178.0,113.92724,113.93524
USD_JPY,1640001179.0,113.91554,113.92354
USD_JPY,1640001180.0,113.8907,113.8987
USD_JPY,1640001181.0,113.86733,113.87533
USD_JPY,1640001182.0,113.84129,113.84929
USD_JPY,1640001183.0,113.76513,113.77313
USD_JPY,1640001184.0,113.71515,113.72315
USD_JPY,1640001185.0,113.72264,113.73064
USD_JPY,1640001186.0,113.68695,113.69495
USD_JPY,1640001187.0,113.65197,113.65997
USD_JPY,1640001188.0,113.64641,113.65441
USD_JPY,1640001189.0,113.67162,113.67962
USD_JPY,1640001190.0,113.63513,113.64313
USD_JPY,1640001191.0,113.6099,113.6179
USD_JPY,1640001192.0,113.6123,113.6203
USD_JPY,1640001193.0,113.60026,113.60826
USD_JPY,1640001194.0,113.58047,113.58847
USD_JPY,1640001195.0,113.59335,113.60135
USD_JPY,1640001196.0,113.58094,113.58894
USD_JPY,1640001197.0,113.51689,113.52489
USD_JPY,1640001198.0,113.53062,113.53862
USD_JPY,1640001199.0,113.52077,113.52877
USD_JPY,1640001200.0,113.49893,113.50693
USD_JPY,1640001201.0,113.53075,113.53875
USD_JPY,1640001202.0,113.49043,113.49843
USD_JPY,1640001203.0,113.44248,113.45048
USD_JPY,1640001204.0,113.41486,113.42286
USD_JPY,1640001205.0,113.43077,113.43877
USD_JPY,1640001206.0,113.42638,113.43438
USD_JPY,1640001207.0,113.41243,113.42043
USD_JPY,1640001208.0,113.37482,113.38282
USD_JPY,1640001209.0,113.33095,113.33895
USD_JPY,1640001210.0,113.33076,113.33876
USD_JPY,1640001211.0,113.30539,113.31339
USD_JPY,1640001212.0,113.31679,113.32479
USD_JPY,1640001213.0,113.25511,113.26311
USD_JPY,1640001214.0,113.24043,113.24843
USD_JPY,1640001215.0,113.187,113.195
USD_JPY,1640001216.0,113.19009,113.19809
USD_JPY,1640001217.0,113.20097,113.20897
USD_JPY,1640001218.0,113.1605,113.1685
USD_JPY,1640001219.0,113.15636,113.16436
USD_JPY,1640001220.0,113.11291,113.12091
USD_JPY,1640001221.0,113.06584,113.07384
USD_JPY,1640001222.0,113.01343,113.02143
USD_JPY,1640001223.0,112.99773,113.00573
USD_JPY,1640001224.0,112.97871,112.98671
USD_JPY,1640001225.0,112.93252,112.94052
USD_JPY,1640001226.0,112.92761,112.93561
USD_JPY,1640001227.0,112.91519,112.92319
USD_JPY,1640001228.0,112.90244,112.91044
USD_JPY,1640001229.0,112.86789,112.87589
USD_JPY,1640001230.0,112.87399,112.88199
USD_JPY,1640001231.0,112.8703,112.8783
USD_JPY,1640001232.0,112.88525,112.89325
USD_JPY,1640001233.0,112.8713,112.8793
USD_JPY,1640001234.0,112.84844,112.85644
USD_JPY,1640001235.0,112.83478,112.84278
USD_JPY,1640001236.0,112.81071,112.81871
USD_JPY,1640001237.0,112.79739,112.80539
USD_JPY,1640001238.0,112.76582,112.77382
USD_JPY,1640001239.0,112.74922,112.75722
USD_JPY,1640001240.0,112.73254,112.74054
USD_JPY,1640001241.0,112.68186,112.68986
USD_JPY,1640001242.0,112.69891,112.70691
USD_JPY,1640001243.0,112.70387,112.71187
USD_JPY,1640001244.0,112.68037,112.68837
USD_JPY,1640001245.0,112.67195,112.67995
USD_JPY,1640001246.0,112.68919,112.69719
USD_JPY,1640001247.0,112.67064,112.67864
USD_JPY,1640001248.0,112.63491,112.64291
USD_JPY,1640001249.0,112.59716,112.60516
USD_JPY,1640001250.0,112.53847,112.54647
USD_JPY,1640001251.0,112.48687,112.49487
USD_JPY,1640001252.0,112.47311,112.48111
USD_JPY,1640001253.0,112.43462,112.44262
USD_JPY,1640001254.0,112.38692,112.39492
USD_JPY,1640001255.0,112.37442,112.38242
USD_JPY,1640001256.0,112.35399,112.36199
USD_JPY,1640001257.0,112.37236,112.38036
USD_JPY,1640001258.0,112.33891,112.34691
USD_JPY,1640001259.0,112.3473,112.3553
USD_JPY,1640001260.0,112.31615,112.32415
USD_JPY,1640001261.0,112.32082,112.32882
USD_JPY,1640001262.0,112.31815,112.32615
USD_JPY,1640001263.0,112.30542,112.31342
USD_JPY,1640001264.0,112.25768,112.26568
USD_JPY,1640001265.0,112.25894,112.26694
USD_JPY,1640001266.0,112.23672,112.24472
USD_JPY,1640001267.0,112.22403,112.23203
USD_JPY,1640001268.0,112.18893,112.19693
USD_JPY,1640001269.0,112.1608,112.1688
USD_JPY,1640001270.0,112.153,112.161
USD_JPY,1640001271.0,112.10529,112.11329
USD_JPY,1640001272.0,112.06851,112.07651
USD_JPY,1640001273.0,112.08739,112.09539
USD_JPY,1640001274.0,112.05177,112.05977
USD_JPY,1640001275.0,112.08187,112.08987
USD_JPY,1640001276.0,112.07304,112.08104
USD_JPY,1640001277.0,112.0362,112.0442
USD_JPY,1640001278.0,112.01213,112.02013
USD_JPY,1640001279.0,112.00075,112.00875
USD_JPY,1640001280.0,111.99585,112.00385
USD_JPY,1640001281.0,111.97224,111.98024
USD_JPY,1640001282.0,111.93136,111.93936
USD_JPY,1640001283.0,111.9206,111.9286
USD_JPY,1640001284.0,111.91041,111.91841
USD_JPY,1640001285.0,111.87624,111.88424
USD_JPY,1640001286.0,111.85271,111.86071
USD_JPY,1640001287.0,111.85929,111.86729
USD_JPY,1640001288.0,111.82671,111.83471
USD_JPY,1640001289.0,111.8387,111.8467
USD_JPY,1640001290.0,111.79966,111.80766
USD_JPY,1640001291.0,111.78244,111.79044
USD_JPY,1640001292.0,111.77694,111.78494
USD_JPY,1640001293.0,111.78859,111.79659
USD_JPY,1640001294.0,111.74524,111.75324
USD_JPY,1640001295.0,111.71194,111.71994
USD_JPY,1640001296.0,111.70106,111.70906
USD_JPY,1640001297.0,111.70036,111.70836
USD_JPY,1640001298.0,111.65111,111.65911
USD_JPY,1640001299.0,111.61757,111.62557
