timestamp,price,session,weekday,mfe_up_pips,mfe_down_pips,tau_up_min,tau_down_min,mae_up_pips,mae_down_pips,up_exists,down_exists,direction,early_impulse,efficiency,early_mae,breakout_strength,zone_label,zone_type
2024-01-15T08:00:00.000000000Z,1.09568,london,monday,6.8,11.7,3,62,0.0,6.8,1,1,LONG,0.6176,0.3208,0.0,0.0,BAD,CONTINUATION
2024-01-15T08:01:00.000000000Z,1.0957,london,monday,6.6,11.9,2,61,0.0,6.6,1,1,LONG,0.5152,0.3056,0.0,0.0,BAD,CONTINUATION
2024-01-15T08:02:00.000000000Z,1.09582,london,monday,5.4,13.1,7,60,0.3,5.4,1,1,LONG,0.6111,0.2512,0.0,0.0,BAD,CONTINUATION
2024-01-15T08:03:00.000000000Z,1.09602,london,monday,3.4,15.1,8,57,2.3,3.4,1,1,LONG,0.1176,0.1667,0.0002,0.0,BAD,CONTINUATION
2024-01-15T08:04:00.000000000Z,1.09596,london,monday,4.0,14.5,7,56,1.7,4.0,1,1,LONG,0.425,0.1951,0.0002,0.0,BAD,CONTINUATION
2024-01-15T08:05:00.000000000Z,1.09601,london,monday,3.5,15.0,6,55,2.2,3.5,1,1,LONG,1.0,0.157,0.0002,0.0,BAD,CONTINUATION
2024-01-15T08:06:00.000000000Z,1.09593,london,monday,4.3,14.2,3,55,1.4,4.3,1,1,LONG,0.9535,0.1982,0.0001,0.0,BAD,CONTINUATION
2024-01-15T08:07:00.000000000Z,1.09579,london,monday,5.7,13.6,2,55,0.0,5.7,1,1,LONG,0.9649,0.2808,0.0,0.0,BAD,CONTINUATION
2024-01-15T08:08:00.000000000Z,1.09599,london,monday,3.7,15.6,3,52,0.0,3.7,1,1,LONG,0.8378,0.1979,0.0,0.0,BAD,CONTINUATION
2024-01-15T08:09:00.000000000Z,1.0962,london,monday,1.6,17.7,,21,0.0,1.6,0,1,SHORT,0.0226,0.9833,0.0002,0.0,BAD,CONTINUATION
2024-01-15T08:10:00.000000000Z,1.0962,london,monday,1.6,17.7,,20,0.0,1.6,0,1,SHORT,0.0226,0.9415,0.0002,0.0,BAD,CONTINUATION
2024-01-15T08:11:00.000000000Z,1.09634,london,monday,0.2,19.1,,5,0.0,0.0,0,1,SHORT,0.2304,0.9183,0.0,0.0,BAD,CONTINUATION
2024-01-15T08:12:00.000000000Z,1.09613,london,monday,2.3,17.0,,20,0.0,2.3,0,1,SHORT,0.0882,0.8718,0.0002,0.0,BAD,CONTINUATION
2024-01-15T08:13:00.000000000Z,1.09612,london,monday,2.4,16.9,,19,0.0,2.4,0,1,SHORT,0.1657,0.8125,0.0002,0.0,BAD,CONTINUATION
2024-01-15T08:14:00.000000000Z,1.0963,london,monday,0.6,18.7,,2,0.0,0.4,0,1,SHORT,0.2406,0.9791,0.0,0.0,BAD,CONTINUATION
2024-01-15T08:15:00.000000000Z,1.09634,london,monday,0.2,19.1,,1,0.0,0.0,0,1,SHORT,0.2618,1.016,0.0,0.0,BAD,CONTINUATION
2024-01-15T08:16:00.000000000Z,1.09601,london,monday,3.5,15.8,8,44,0.0,3.5,1,1,LONG,0.4571,0.2244,0.0,0.0,BAD,CONTINUATION
2024-01-15T08:17:00.000000000Z,1.0961,london,monday,2.6,16.7,7,15,0.6,2.6,1,1,LONG,1.1538,0.1711,0.0001,0.0,BAD,CONTINUATION
2024-01-15T08:18:00.000000000Z,1.09608,london,monday,2.8,16.5,6,18,0.4,2.8,1,1,LONG,0.8214,0.1806,0.0,0.0,BAD,CONTINUATION
2024-01-15T08:19:00.000000000Z,1.0961,london,monday,2.6,16.7,5,13,0.6,2.6,1,1,LONG,0.5769,0.1595,0.0001,0.0,BAD,CONTINUATION
2024-01-15T08:20:00.000000000Z,1.09604,london,monday,3.2,16.3,4,40,0.0,3.2,1,1,LONG,0.0313,0.1916,0.0,0.0,BAD,CONTINUATION
2024-01-15T08:21:00.000000000Z,1.09615,london,monday,2.1,17.4,,11,0.0,2.1,0,1,SHORT,0.0805,1.0875,0.0002,0.0,BAD,CONTINUATION
2024-01-15T08:22:00.000000000Z,1.09606,london,monday,3.0,17.6,2,14,0.0,3.0,1,1,LONG,0.8,0.1765,0.0,0.0,BAD,CONTINUATION
2024-01-15T08:23:00.000000000Z,1.09613,london,monday,2.3,19.3,,9,0.0,2.3,0,1,SHORT,0.1192,1.1287,0.0002,0.0,BAD,CONTINUATION
2024-01-15T08:24:00.000000000Z,1.09636,london,monday,0.0,23.1,,6,0.0,0.0,0,1,SHORT,0.1645,1.4808,0.0,0.0,BAD,CONTINUATION
2024-01-15T08:25:00.000000000Z,1.09634,london,monday,0.0,22.9,,5,0.0,0.0,0,1,SHORT,0.1441,1.4586,0.0,0.0,BAD,CONTINUATION
2024-01-15T08:26:00.000000000Z,1.09634,london,monday,0.0,22.9,,4,0.0,0.0,0,1,SHORT,0.2183,1.3161,0.0,0.0,BAD,CONTINUATION
2024-01-15T08:27:00.000000000Z,1.0963,london,monday,0.0,22.5,,3,0.0,0.0,0,1,SHORT,0.1511,1.2363,0.0,0.0,BAD,CONTINUATION
2024-01-15T08:28:00.000000000Z,1.09616,london,monday,0.8,21.1,,2,0.0,0.8,0,1,SHORT,0.0758,1.2267,0.0001,0.0,BAD,CONTINUATION
2024-01-15T08:29:00.000000000Z,1.09624,london,monday,0.0,23.0,,1,0.0,0.0,0,1,SHORT,0.1696,1.2849,0.0,0.0,BAD,CONTINUATION
2024-01-15T08:30:00.000000000Z,1.0959,london,monday,1.5,20.6,,31,0.0,1.5,0,1,SHORT,0.0097,1.3919,0.0001,0.0,BAD,CONTINUATION
2024-01-15T08:31:00.000000000Z,1.09598,london,monday,0.7,21.4,,29,0.0,0.7,0,1,SHORT,0.0093,1.4459,0.0001,0.0,BAD,CONTINUATION
2024-01-15T08:32:00.000000000Z,1.09584,london,monday,2.1,20.6,,30,0.0,2.1,0,1,SHORT,0.0583,1.5373,0.0002,0.0,BAD,CONTINUATION
2024-01-15T08:33:00.000000000Z,1.09585,london,monday,2.0,20.7,,28,0.0,2.0,0,1,SHORT,0.0531,1.5564,0.0002,0.0,BAD,CONTINUATION
2024-01-15T08:34:00.000000000Z,1.09584,london,monday,2.1,20.6,,28,0.0,2.1,0,1,SHORT,0.0388,1.5147,0.0002,0.0,BAD,CONTINUATION
2024-01-15T08:35:00.000000000Z,1.09585,london,monday,2.0,21.3,,26,0.0,2.0,0,1,SHORT,0.0469,1.5435,0.0002,0.0,BAD,CONTINUATION
2024-01-15T08:36:00.000000000Z,1.0958,london,monday,2.5,21.0,,26,0.0,2.5,0,1,SHORT,0.0095,1.4384,0.0003,0.0,BAD,CONTINUATION
2024-01-15T08:37:00.000000000Z,1.09585,london,monday,2.0,22.7,,24,0.0,2.0,0,1,SHORT,0.022,1.5874,0.0002,0.0,BAD,CONTINUATION
2024-01-15T08:38:00.000000000Z,1.09595,london,monday,1.0,25.4,,22,0.0,1.0,0,1,SHORT,0.0591,1.9098,0.0001,0.0,BAD,CONTINUATION
2024-01-15T08:39:00.000000000Z,1.09605,london,monday,0.0,26.4,,21,0.0,0.0,0,1,SHORT,0.0795,2.0787,0.0,0.0,BAD,CONTINUATION
2024-01-15T08:40:00.000000000Z,1.09601,london,monday,0.0,26.0,,20,0.0,0.0,0,1,SHORT,0.0731,2.08,0.0,0.0,BAD,CONTINUATION
2024-01-15T08:41:00.000000000Z,1.09582,london,monday,1.9,24.1,,21,0.0,1.9,0,1,SHORT,0.0498,2.0424,0.0002,0.0,BAD,CONTINUATION
2024-01-15T08:42:00.000000000Z,1.0959,london,monday,1.1,25.2,,19,0.0,1.1,0,1,SHORT,0.123,2.0826,0.0001,0.0,BAD,CONTINUATION
2024-01-15T08:43:00.000000000Z,1.09598,london,monday,0.3,26.0,,17,0.0,0.3,0,1,SHORT,0.2308,1.9403,0.0,0.0,BAD,CONTINUATION
2024-01-15T08:44:00.000000000Z,1.09601,london,monday,0.0,26.3,,16,0.0,0.0,0,1,SHORT,0.2281,1.9627,0.0,0.0,BAD,CONTINUATION
2024-01-15T08:45:00.000000000Z,1.09584,london,monday,1.6,24.6,,17,0.0,1.6,0,1,SHORT,0.1545,2.0164,0.0002,0.0,BAD,CONTINUATION
2024-01-15T08:46:00.000000000Z,1.09596,london,monday,0.4,25.8,,14,0.0,0.4,0,1,SHORT,0.1938,2.3455,0.0,0.0,BAD,CONTINUATION
2024-01-15T08:47:00.000000000Z,1.096,london,monday,0.0,26.2,,13,0.0,0.0,0,1,SHORT,0.1679,2.2586,0.0,0.0,BAD,CONTINUATION
2024-01-15T08:48:00.000000000Z,1.09585,london,monday,1.1,24.7,,13,0.0,1.1,0,1,SHORT,0.1377,2.3302,0.0001,0.0,BAD,CONTINUATION
2024-01-15T08:49:00.000000000Z,1.09588,london,monday,0.8,25.0,,12,0.0,0.8,0,1,SHORT,0.176,2.2727,0.0001,0.0,BAD,CONTINUATION
2024-01-15T08:50:00.000000000Z,1.09596,london,monday,0.0,25.8,,10,0.0,0.0,0,1,SHORT,0.1783,2.3889,0.0,0.0,BAD,CONTINUATION
2024-01-15T08:51:00.000000000Z,1.09596,london,monday,0.0,25.8,,9,0.0,0.0,0,1,SHORT,0.1705,2.3455,0.0,0.0,BAD,CONTINUATION
2024-01-15T08:52:00.000000000Z,1.09596,london,monday,0.0,25.8,,8,0.0,0.0,0,1,SHORT,0.1589,2.2832,0.0,0.0,BAD,CONTINUATION
2024-01-15T08:53:00.000000000Z,1.09592,london,monday,0.3,25.4,,8,0.0,0.3,0,1,SHORT,0.1339,2.2679,0.0,0.0,BAD,CONTINUATION
2024-01-15T08:54:00.000000000Z,1.09595,london,monday,0.0,25.7,,6,0.0,0.0,0,1,SHORT,0.2101,2.0397,0.0,0.0,BAD,CONTINUATION
2024-01-15T08:55:00.000000000Z,1.09582,london,monday,0.2,24.4,,7,0.0,0.2,0,1,SHORT,0.127,1.9837,0.0,0.0,BAD,CONTINUATION
2024-01-15T08:56:00.000000000Z,1.0958,london,monday,0.4,24.2,,6,0.0,0.4,0,1,SHORT,0.1488,1.8906,0.0,0.0,BAD,CONTINUATION
2024-01-15T08:57:00.000000000Z,1.0958,london,monday,0.4,24.2,,5,0.0,0.4,0,1,SHORT,0.1901,1.7536,0.0,0.0,BAD,CONTINUATION
2024-01-15T08:58:00.000000000Z,1.09584,london,monday,0.0,24.6,,4,0.0,0.0,0,1,SHORT,0.2236,1.7698,0.0,0.0,BAD,CONTINUATION
2024-01-15T08:59:00.000000000Z,1.09582,london,monday,0.0,24.4,,3,0.0,0.0,0,1,SHORT,0.2377,1.7183,0.0,0.0,BAD,CONTINUATION
2024-01-15T09:00:00.000000000Z,1.0957,london,monday,0.0,23.2,,2,0.0,0.0,0,1,SHORT,0.1552,1.6571,0.0,0.0,BAD,CONTINUATION
2024-01-15T09:01:00.000000000Z,1.09559,london,monday,0.0,22.1,,15,0.0,0.0,0,1,SHORT,0.1267,1.6742,0.0,0.0,BAD,CONTINUATION
2024-01-15T09:02:00.000000000Z,1.09538,london,monday,2.1,20.0,,33,0.0,2.1,0,1,SHORT,0.05,1.5625,0.0002,0.0,BAD,CONTINUATION
2024-01-15T09:03:00.000000000Z,1.09541,london,monday,1.8,20.3,,32,0.0,1.8,0,1,SHORT,0.0296,1.6111,0.0002,0.0,BAD,CONTINUATION
2024-01-15T09:04:00.000000000Z,1.09546,london,monday,1.3,20.8,,31,0.0,1.3,0,1,SHORT,0.0192,1.6508,0.0001,0.0,BAD,CONTINUATION
2024-01-15T09:05:00.000000000Z,1.09546,london,monday,1.3,20.8,,30,0.0,1.3,0,1,SHORT,0.0288,1.625,0.0001,0.0,BAD,CONTINUATION
2024-01-15T09:06:00.000000000Z,1.09556,london,monday,0.3,21.8,,11,0.0,0.2,0,1,SHORT,0.1101,1.7302,0.0,0.0,BAD,CONTINUATION
2024-01-15T09:07:00.000000000Z,1.09551,london,monday,0.8,21.3,,11,0.0,0.7,0,1,SHORT,0.0329,1.6015,0.0001,0.0,BAD,CONTINUATION
2024-01-15T09:08:00.000000000Z,1.09544,london,monday,1.5,20.6,,27,0.0,1.5,0,1,SHORT,0.0,1.6349,0.0001,0.0,BAD,CONTINUATION
2024-01-15T09:09:00.000000000Z,1.0955,london,monday,0.9,21.2,,9,0.0,0.8,0,1,SHORT,0.0472,1.7097,0.0001,0.0,BAD,CONTINUATION
2024-01-15T09:10:00.000000000Z,1.09552,london,monday,0.7,21.4,,8,0.0,0.6,0,1,SHORT,0.0607,1.7398,0.0001,0.0,BAD,CONTINUATION
2024-01-15T09:11:00.000000000Z,1.09555,london,monday,0.4,21.7,,6,0.0,0.3,0,1,SHORT,0.0184,1.55,0.0,0.0,BAD,CONTINUATION
2024-01-15T09:12:00.000000000Z,1.09558,london,monday,0.1,22.0,,5,0.0,0.0,0,1,SHORT,0.0636,1.4474,0.0,0.0,BAD,CONTINUATION
2024-01-15T09:13:00.000000000Z,1.09541,london,monday,1.8,20.3,,22,0.0,1.8,0,1,SHORT,0.0049,1.4604,0.0002,0.0,BAD,CONTINUATION
2024-01-15T09:14:00.000000000Z,1.09551,london,monday,0.8,21.3,,4,0.0,0.0,0,1,SHORT,0.0516,1.6512,0.0,0.0,BAD,CONTINUATION
2024-01-15T09:15:00.000000000Z,1.09544,london,monday,1.5,20.6,,20,0.0,1.5,0,1,SHORT,0.1068,1.4714,0.0001,0.0,BAD,CONTINUATION
2024-01-15T09:16:00.000000000Z,1.09534,london,monday,2.5,19.6,14,19,1.0,2.5,1,1,LONG,1.48,0.1613,0.0001,0.0,BAD,CONTINUATION
2024-01-15T09:17:00.000000000Z,1.09529,london,monday,3.0,19.1,13,18,0.5,3.0,1,1,LONG,1.1,0.1987,0.0001,0.0,BAD,CONTINUATION
2024-01-15T09:18:00.000000000Z,1.09524,london,monday,3.5,18.6,12,17,0.0,3.5,1,1,LONG,1.7143,0.1966,0.0,0.0,BAD,CONTINUATION
2024-01-15T09:19:00.000000000Z,1.09534,london,monday,2.5,19.6,11,16,0.3,2.5,1,1,LONG,3.32,0.1381,0.0,0.0,BAD,CONTINUATION
2024-01-15T09:20:00.000000000Z,1.09531,london,monday,2.8,19.3,10,15,0.0,2.8,1,1,LONG,2.0714,0.14,0.0,0.0,BAD,CONTINUATION
2024-01-15T09:21:00.000000000Z,1.09548,london,monday,1.1,21.0,,13,0.0,1.1,0,1,SHORT,0.3714,1.129,0.0001,0.0,BAD,CONTINUATION
2024-01-15T09:22:00.000000000Z,1.09547,london,monday,1.2,20.9,,13,0.0,1.2,0,1,SHORT,0.3445,1.1,0.0001,0.0,BAD,CONTINUATION
2024-01-15T09:23:00.000000000Z,1.09542,london,monday,1.7,20.4,,12,0.0,1.7,0,1,SHORT,0.348,1.0794,0.0002,0.0,BAD,CONTINUATION
2024-01-15T09:24:00.000000000Z,1.0954,london,monday,1.9,20.2,,11,0.0,1.9,0,1,SHORT,0.3564,1.0632,0.0002,0.0,BAD,CONTINUATION
2024-01-15T09:25:00.000000000Z,1.09532,london,monday,2.7,19.4,5,10,0.0,2.7,1,1,LONG,2.7407,0.1406,0.0,0.0,BAD,CONTINUATION
2024-01-15T09:26:00.000000000Z,1.09544,london,monday,1.5,20.6,,9,0.0,1.5,0,1,SHORT,0.3689,1.0842,0.0001,0.0,BAD,CONTINUATION
2024-01-15T09:27:00.000000000Z,1.09544,london,monday,1.5,20.6,,8,0.0,1.5,0,1,SHORT,0.3835,1.0674,0.0001,0.0,BAD,CONTINUATION
2024-01-15T09:28:00.000000000Z,1.0954,london,monday,1.9,20.2,,7,0.0,1.9,0,1,SHORT,0.4802,0.9573,0.0002,0.0,BAD,CONTINUATION
2024-01-15T09:29:00.000000000Z,1.09539,london,monday,2.0,20.1,,6,0.0,2.0,0,1,SHORT,0.4328,0.9178,0.0002,0.0,BAD,CONTINUATION
2024-01-15T09:30:00.000000000Z,1.09559,london,monday,0.0,22.1,,4,0.0,0.0,0,1,SHORT,0.4027,1.0184,0.0,0.0,BAD,CONTINUATION
2024-01-15T09:31:00.000000000Z,1.09544,london,monday,0.0,20.6,,4,0.0,0.0,0,1,SHORT,0.4029,0.9763,0.0,0.0,BAD,CONTINUATION
2024-01-15T09:32:00.000000000Z,1.0954,london,monday,0.0,20.2,,3,0.0,0.0,0,1,SHORT,0.4653,0.9099,0.0,0.0,BAD,CONTINUATION
2024-01-15T09:33:00.000000000Z,1.0954,london,monday,0.0,20.2,,2,0.0,0.0,0,1,SHORT,0.4455,0.8938,0.0,0.0,BAD,CONTINUATION
2024-01-15T09:34:00.000000000Z,1.09522,london,monday,0.0,18.4,,1,0.0,0.0,0,1,SHORT,0.3587,0.8598,0.0,0.0,BAD,CONTINUATION
2024-01-15T09:35:00.000000000Z,1.09497,london,monday,0.0,15.9,,2,0.0,0.0,0,1,SHORT,0.2327,0.8238,0.0,0.0,BAD,CONTINUATION
2024-01-15T09:36:00.000000000Z,1.09496,london,monday,0.0,15.8,,1,0.0,0.0,0,1,SHORT,0.1013,0.7453,0.0,0.0,BAD,CONTINUATION
2024-01-15T09:37:00.000000000Z,1.09464,london,monday,1.6,12.6,,25,0.0,1.6,0,1,SHORT,0.1111,0.6923,0.0002,0.0,BAD,CONTINUATION
2024-01-15T09:38:00.000000000Z,1.09451,london,monday,2.9,11.3,17,25,0.8,2.9,1,1,LONG,0.5862,0.162,0.0001,0.0,BAD,CONTINUATION
2024-01-15T09:39:00.000000000Z,1.09473,london,monday,0.7,13.5,,8,0.0,0.2,0,1,SHORT,0.0963,0.8182,0.0,0.0,BAD,CONTINUATION
2024-01-15T09:40:00.000000000Z,1.0947,london,monday,1.0,13.2,,7,0.0,0.5,0,1,SHORT,0.0152,0.7765,0.0001,0.0,BAD,CONTINUATION
2024-01-15T09:41:00.000000000Z,1.09475,london,monday,0.5,13.7,,6,0.0,0.0,0,1,SHORT,0.2482,0.7135,0.0,0.0,BAD,CONTINUATION
2024-01-15T09:42:00.000000000Z,1.09471,london,monday,0.9,13.3,,5,0.0,0.0,0,1,SHORT,0.2256,0.7074,0.0,0.0,BAD,CONTINUATION
2024-01-15T09:43:00.000000000Z,1.09468,london,monday,1.2,13.0,,4,0.0,0.0,0,1,SHORT,0.2923,0.6633,0.0,0.0,BAD,CONTINUATION
2024-01-15T09:44:00.000000000Z,1.09458,london,monday,2.2,12.0,,18,0.0,2.2,0,1,SHORT,0.3167,0.6122,0.0002,0.0,BAD,CONTINUATION
2024-01-15T09:45:00.000000000Z,1.09468,london,monday,1.2,13.0,,2,0.0,0.0,0,1,SHORT,0.4846,0.6468,0.0,0.0,BAD,CONTINUATION
2024-01-15T09:46:00.000000000Z,1.09465,london,monday,1.5,12.7,,16,0.0,1.5,0,1,SHORT,0.4331,0.6256,0.0001,0.0,BAD,CONTINUATION
2024-01-15T09:47:00.000000000Z,1.09443,london,monday,3.7,10.5,2,17,0.0,3.7,1,1,LONG,0.7027,0.1968,0.0,0.0,BAD,CONTINUATION
2024-01-15T09:48:00.000000000Z,1.09452,london,monday,2.8,11.4,7,15,0.6,2.8,1,1,LONG,1.3214,0.1547,0.0001,0.0,BAD,CONTINUATION
2024-01-15T09:49:00.000000000Z,1.0947,london,monday,1.0,13.2,,11,0.0,1.0,0,1,SHORT,0.4242,0.8049,0.0001,0.0,BAD,CONTINUATION
2024-01-15T09:50:00.000000000Z,1.09461,london,monday,1.9,12.3,,12,0.0,1.9,0,1,SHORT,0.5447,0.7029,0.0002,0.0,BAD,CONTINUATION
2024-01-15T09:51:00.000000000Z,1.09446,london,monday,3.4,10.8,4,12,0.0,3.4,1,1,LONG,1.8235,0.2,0.0,0.0,BAD,CONTINUATION
2024-01-15T09:52:00.000000000Z,1.0945,london,monday,3.0,11.2,3,11,0.0,3.0,1,1,LONG,1.9333,0.1724,0.0,0.0,BAD,CONTINUATION
2024-01-15T09:53:00.000000000Z,1.09456,london,monday,2.4,11.8,,9,0.0,2.4,0,1,SHORT,0.661,0.6484,0.0002,0.0,BAD,CONTINUATION
2024-01-15T09:54:00.000000000Z,1.0946,london,monday,2.0,12.2,,8,0.0,2.0,0,1,SHORT,0.6557,0.6778,0.0002,0.0,BAD,CONTINUATION
2024-01-15T09:55:00.000000000Z,1.0948,london,monday,0.0,14.2,,5,0.0,0.0,0,1,SHORT,0.6549,0.8503,0.0,0.0,BAD,CONTINUATION
2024-01-15T09:56:00.000000000Z,1.09478,london,monday,0.0,14.0,,4,0.0,0.0,0,1,SHORT,0.7571,0.7778,0.0,0.0,BAD,CONTINUATION
2024-01-15T09:57:00.000000000Z,1.09468,london,monday,0.0,13.0,,3,0.0,0.0,0,1,SHORT,0.7538,0.7558,0.0,0.0,BAD,CONTINUATION
2024-01-15T09:58:00.000000000Z,1.0946,london,monday,2.1,12.2,,4,0.0,0.8,0,1,SHORT,0.8361,0.6932,0.0001,0.0,BAD,CONTINUATION
2024-01-15T09:59:00.000000000Z,1.09468,london,monday,1.3,13.0,,1,0.0,0.0,0,1,SHORT,0.9769,0.7027,0.0,0.0,BAD,CONTINUATION
2024-01-15T10:00:00.000000000Z,1.09441,london,monday,4.8,10.3,92,4,10.3,0.0,1,1,LONG,1.8958,0.2874,0.001,0.0,BAD,CONTINUATION
2024-01-15T10:01:00.000000000Z,1.09441,london,monday,4.8,10.3,91,3,10.3,0.0,1,1,LONG,2.0625,0.2743,0.001,0.0,BAD,CONTINUATION
2024-01-15T10:02:00.000000000Z,1.0943,london,monday,5.9,9.2,87,2,9.2,0.0,1,1,LONG,1.4237,0.3512,0.0009,0.0,BAD,CONTINUATION
2024-01-15T10:03:00.000000000Z,1.0942,london,monday,6.9,8.2,83,6,8.2,0.0,1,1,LONG,1.1884,0.4157,0.0008,0.0,BAD,CONTINUATION
2024-01-15T10:04:00.000000000Z,1.09405,london,monday,8.4,6.7,79,8,6.7,1.2,1,1,LONG,0.75,0.5419,0.0007,0.0,BAD,CONTINUATION
2024-01-15T10:05:00.000000000Z,1.0941,london,monday,7.9,7.2,80,5,7.2,0.7,1,1,LONG,0.7975,0.5097,0.0007,0.0,BAD,CONTINUATION
2024-01-15T10:06:00.000000000Z,1.09417,london,monday,7.2,7.9,79,4,7.9,0.0,1,1,LONG,0.8333,0.4557,0.0008,0.0,BAD,CONTINUATION
2024-01-15T10:07:00.000000000Z,1.09415,london,monday,7.4,7.7,78,3,7.7,0.0,1,1,LONG,0.8514,0.4596,0.0008,0.0,BAD,CONTINUATION
2024-01-15T10:08:00.000000000Z,1.09414,london,monday,7.5,7.6,77,2,7.6,0.0,1,1,LONG,0.8133,0.4658,0.0008,0.0,BAD,CONTINUATION
2024-01-15T10:09:00.000000000Z,1.09394,london,monday,9.5,5.6,55,8,5.6,0.0,1,1,LONG,0.3368,0.6333,0.0006,0.0,BAD,CONTINUATION
2024-01-15T10:10:00.000000000Z,1.09384,london,monday,10.5,4.6,46,7,4.6,0.8,1,1,LONG,0.2762,0.7143,0.0005,0.0,BAD,CONTINUATION
2024-01-15T10:11:00.000000000Z,1.09392,london,monday,9.7,5.4,50,6,5.4,0.0,1,1,LONG,0.0825,0.5774,0.0005,0.0,BAD,CONTINUATION
2024-01-15T10:12:00.000000000Z,1.09378,london,monday,11.1,4.0,44,6,4.0,0.9,1,1,LONG,0.0541,0.6687,0.0004,0.0,BAD,CONTINUATION
2024-01-15T10:13:00.000000000Z,1.0938,london,monday,10.9,4.2,43,5,4.2,0.7,1,1,LONG,0.0734,0.6646,0.0004,0.0,BAD,CONTINUATION
2024-01-15T10:14:00.000000000Z,1.09387,london,monday,10.2,4.9,43,3,4.9,0.0,1,1,LONG,0.0882,0.6258,0.0005,0.0,BAD,CONTINUATION
2024-01-15T10:15:00.000000000Z,1.09372,london,monday,11.7,3.4,40,3,3.4,0.0,1,1,LONG,0.0855,0.7134,0.0003,0.0,BAD,CONTINUATION
2024-01-15T10:16:00.000000000Z,1.0937,london,monday,11.9,3.2,39,2,3.2,0.0,1,1,LONG,0.1345,0.7,0.0003,0.0,BAD,CONTINUATION
2024-01-15T10:17:00.000000000Z,1.09358,london,monday,13.1,2.0,13,,2.0,0.0,1,0,LONG,0.0305,0.8291,0.0002,0.0,BAD,CONTINUATION
2024-01-15T10:18:00.000000000Z,1.09341,london,monday,14.8,0.3,12,,0.3,0.0,1,0,LONG,0.1419,0.9933,0.0,0.0,BAD,CONTINUATION
2024-01-15T10:19:00.000000000Z,1.0935,london,monday,13.9,1.2,11,,1.2,0.0,1,0,LONG,0.0863,0.9929,0.0001,0.0,BAD,CONTINUATION
2024-01-15T10:20:00.000000000Z,1.09342,london,monday,14.7,0.4,10,,0.4,0.0,1,0,LONG,0.2041,1.0352,0.0,0.0,BAD,CONTINUATION
2024-01-15T10:21:00.000000000Z,1.09346,london,monday,14.3,0.8,9,,0.8,0.0,1,0,LONG,0.1469,1.0,0.0001,0.0,BAD,CONTINUATION
2024-01-15T10:22:00.000000000Z,1.09338,london,monday,15.1,0.0,8,,0.0,0.0,1,0,LONG,0.1854,1.1103,0.0,0.0,BAD,CONTINUATION
2024-01-15T10:23:00.000000000Z,1.09342,london,monday,14.7,0.0,7,,0.0,0.0,1,0,LONG,0.1905,1.0809,0.0,0.0,BAD,CONTINUATION
2024-01-15T10:24:00.000000000Z,1.09347,london,monday,14.2,0.0,6,,0.0,0.0,1,0,LONG,0.0775,0.993,0.0,0.0,BAD,CONTINUATION
2024-01-15T10:25:00.000000000Z,1.09357,london,monday,14.1,0.5,5,,0.5,0.0,1,0,LONG,0.0426,1.0217,0.0001,0.0,BAD,CONTINUATION
2024-01-15T10:26:00.000000000Z,1.09352,london,monday,14.6,0.0,4,,0.0,0.0,1,0,LONG,0.0753,1.0977,0.0,0.0,BAD,CONTINUATION
2024-01-15T10:27:00.000000000Z,1.09353,london,monday,14.5,0.0,3,,0.0,0.0,1,0,LONG,0.0,1.0211,0.0,0.0,BAD,CONTINUATION
2024-01-15T10:28:00.000000000Z,1.09362,london,monday,13.6,0.9,23,,0.9,0.0,1,0,LONG,0.0662,1.0226,0.0001,0.0,BAD,CONTINUATION
2024-01-15T10:29:00.000000000Z,1.09355,london,monday,15.8,0.2,1,,0.0,0.0,1,0,LONG,0.0063,1.2248,0.0,0.0,BAD,CONTINUATION
2024-01-15T10:30:00.000000000Z,1.09384,london,monday,13.2,3.1,26,5,3.1,0.0,1,1,LONG,0.1591,1.2336,0.0003,0.0,BAD,CONTINUATION
2024-01-15T10:31:00.000000000Z,1.09372,london,monday,14.8,1.9,24,,1.9,0.0,1,0,LONG,0.0,1.4231,0.0002,0.0,BAD,CONTINUATION
2024-01-15T10:32:00.000000000Z,1.09372,london,monday,15.5,1.9,23,,1.9,0.0,1,0,LONG,0.1355,1.24,0.0002,0.0,BAD,CONTINUATION
2024-01-15T10:33:00.000000000Z,1.09378,london,monday,16.4,2.5,23,13,2.5,0.0,1,1,LONG,0.0366,1.2812,0.0003,0.0,BAD,CONTINUATION
2024-01-15T10:34:00.000000000Z,1.09362,london,monday,18.6,0.9,17,,0.9,0.0,1,0,LONG,0.129,1.6316,0.0001,0.0,BAD,CONTINUATION
2024-01-15T10:35:00.000000000Z,1.09354,london,monday,19.4,0.1,16,,0.1,0.0,1,0,LONG,0.1701,1.8131,0.0,0.0,BAD,CONTINUATION
2024-01-15T10:36:00.000000000Z,1.09354,london,monday,19.4,0.1,15,,0.1,0.0,1,0,LONG,0.2216,1.6581,0.0,0.0,BAD,CONTINUATION
2024-01-15T10:37:00.000000000Z,1.09362,london,monday,19.8,0.9,14,,0.9,0.0,1,0,LONG,0.2475,1.6098,0.0001,0.0,BAD,CONTINUATION
2024-01-15T10:38:00.000000000Z,1.09362,london,monday,20.4,0.9,13,,0.9,0.0,1,0,LONG,0.2451,1.6452,0.0001,0.0,BAD,CONTINUATION
2024-01-15T10:39:00.000000000Z,1.09372,london,monday,19.4,1.9,16,,1.9,0.0,1,0,LONG,0.2062,1.7018,0.0002,0.0,BAD,CONTINUATION
2024-01-15T10:40:00.000000000Z,1.09367,london,monday,19.9,1.4,11,,1.4,0.0,1,0,LONG,0.1759,1.6723,0.0001,0.0,BAD,CONTINUATION
2024-01-15T10:41:00.000000000Z,1.09366,london,monday,20.0,1.3,10,,1.3,0.0,1,0,LONG,0.24,1.5385,0.0001,0.0,BAD,CONTINUATION
2024-01-15T10:42:00.000000000Z,1.0937,london,monday,19.6,1.7,13,,1.7,0.0,1,0,LONG,0.2449,1.5077,0.0002,0.0,BAD,CONTINUATION
2024-01-15T10:43:00.000000000Z,1.09358,london,monday,20.8,0.5,8,,0.5,0.0,1,0,LONG,0.2644,1.6911,0.0001,0.0,BAD,CONTINUATION
2024-01-15T10:44:00.000000000Z,1.09363,london,monday,20.3,1.0,7,,1.0,0.0,1,0,LONG,0.2709,1.6504,0.0001,0.0,BAD,CONTINUATION
2024-01-15T10:45:00.000000000Z,1.09363,london,monday,20.3,1.0,6,,1.0,0.0,1,0,LONG,0.2808,1.624,0.0001,0.0,BAD,CONTINUATION
2024-01-15T10:46:00.000000000Z,1.09353,london,monday,21.3,0.0,5,,0.0,0.0,1,0,LONG,0.277,1.7317,0.0,0.0,BAD,CONTINUATION
2024-01-15T10:47:00.000000000Z,1.09353,london,monday,21.3,0.0,4,,0.0,0.0,1,0,LONG,0.2676,1.704,0.0,0.0,BAD,CONTINUATION
2024-01-15T10:48:00.000000000Z,1.09356,london,monday,21.0,0.0,3,,0.0,0.0,1,0,LONG,0.2571,1.7213,0.0,0.0,BAD,CONTINUATION
2024-01-15T10:49:00.000000000Z,1.09363,london,monday,20.3,0.0,2,,0.0,0.0,1,0,LONG,0.2808,1.624,0.0,0.0,BAD,CONTINUATION
2024-01-15T10:50:00.000000000Z,1.09372,london,monday,19.4,0.0,5,,0.0,0.0,1,0,LONG,0.2268,1.6167,0.0,0.0,BAD,CONTINUATION
2024-01-15T10:51:00.000000000Z,1.09393,london,monday,17.3,0.9,13,,0.9,0.0,1,0,LONG,0.1387,1.73,0.0001,0.0,BAD,CONTINUATION
2024-01-15T10:52:00.000000000Z,1.09384,london,monday,18.2,0.0,4,,0.0,0.0,1,0,LONG,0.1429,1.8571,0.0,0.0,BAD,CONTINUATION
2024-01-15T10:53:00.000000000Z,1.09386,london,monday,18.0,0.0,4,,0.0,0.0,1,0,LONG,0.1667,1.7647,0.0,0.0,BAD,CONTINUATION
2024-01-15T10:54:00.000000000Z,1.09387,london,monday,17.9,0.0,3,,0.0,0.0,1,0,LONG,0.2067,1.6422,0.0,0.0,BAD,CONTINUATION
2024-01-15T10:55:00.000000000Z,1.09397,london,monday,16.9,0.0,18,,0.0,0.0,1,0,LONG,0.1716,1.6733,0.0,0.0,BAD,CONTINUATION
2024-01-15T10:56:00.000000000Z,1.09411,london,monday,15.5,0.9,29,,0.9,0.0,1,0,LONG,0.0645,1.6848,0.0001,0.0,BAD,CONTINUATION
2024-01-15T10:57:00.000000000Z,1.09412,london,monday,15.4,1.0,28,,1.0,0.0,1,0,LONG,0.0909,1.6042,0.0001,0.0,BAD,CONTINUATION
2024-01-15T10:58:00.000000000Z,1.09412,london,monday,15.4,1.0,27,,1.0,0.0,1,0,LONG,0.0909,1.6042,0.0001,0.0,BAD,CONTINUATION
2024-01-15T10:59:00.000000000Z,1.09402,london,monday,16.4,0.0,19,,0.0,0.0,1,0,LONG,0.1585,1.8636,0.0,0.0,BAD,CONTINUATION
2024-01-15T11:00:00.000000000Z,1.09414,london,monday,15.2,0.4,25,,0.4,0.0,1,0,LONG,0.0066,1.6703,0.0,0.0,BAD,CONTINUATION
2024-01-15T11:01:00.000000000Z,1.09418,london,monday,16.4,0.8,24,,0.8,0.0,1,0,LONG,0.0061,1.8022,0.0001,0.0,BAD,CONTINUATION
2024-01-15T11:02:00.000000000Z,1.09413,london,monday,16.9,0.3,23,,0.3,0.0,1,0,LONG,0.0414,1.8989,0.0,0.0,BAD,CONTINUATION
2024-01-15T11:03:00.000000000Z,1.09418,london,monday,16.4,0.8,22,,0.8,0.0,1,0,LONG,0.0244,1.8222,0.0001,0.0,BAD,CONTINUATION
2024-01-15T11:04:00.000000000Z,1.0942,london,monday,16.2,1.0,22,,1.0,0.0,1,0,LONG,0.0741,1.5283,0.0001,0.0,BAD,CONTINUATION
2024-01-15T11:05:00.000000000Z,1.09412,london,monday,17.0,0.2,20,,0.2,0.0,1,0,LONG,0.1059,1.7,0.0,0.0,BAD,CONTINUATION
2024-01-15T11:06:00.000000000Z,1.0941,london,monday,17.2,0.0,19,,0.0,0.0,1,0,LONG,0.1977,1.5357,0.0,0.0,BAD,CONTINUATION
2024-01-15T11:07:00.000000000Z,1.0941,london,monday,17.2,0.0,18,,0.0,0.0,1,0,LONG,0.2093,1.5088,0.0,0.0,BAD,CONTINUATION
2024-01-15T11:08:00.000000000Z,1.0942,london,monday,16.2,1.0,18,,1.0,0.0,1,0,LONG,0.179,1.514,0.0001,0.0,BAD,CONTINUATION
2024-01-15T11:09:00.000000000Z,1.09416,london,monday,16.6,0.6,16,,0.6,0.0,1,0,LONG,0.1867,1.581,0.0001,0.0,BAD,CONTINUATION
2024-01-15T11:10:00.000000000Z,1.09417,london,monday,16.5,0.7,15,,0.7,0.0,1,0,LONG,0.2848,1.3636,0.0001,0.0,BAD,CONTINUATION
2024-01-15T11:11:00.000000000Z,1.0941,london,monday,17.2,0.0,14,,0.0,0.0,1,0,LONG,0.2791,1.4333,0.0,0.0,BAD,CONTINUATION
2024-01-15T11:12:00.000000000Z,1.09416,london,monday,16.6,0.3,13,,0.3,0.0,1,0,LONG,0.3012,1.3607,0.0,0.0,BAD,CONTINUATION
2024-01-15T11:13:00.000000000Z,1.09424,london,monday,15.8,1.1,16,,1.1,0.0,1,0,LONG,0.2785,1.3621,0.0001,0.0,BAD,CONTINUATION
2024-01-15T11:14:00.000000000Z,1.09426,london,monday,15.6,1.3,15,,1.3,0.0,1,0,LONG,0.2051,1.2581,0.0001,0.0,BAD,CONTINUATION
2024-01-15T11:15:00.000000000Z,1.09421,london,monday,16.1,0.8,11,,0.8,0.0,1,0,LONG,0.1242,1.1838,0.0001,0.0,BAD,CONTINUATION
2024-01-15T11:16:00.000000000Z,1.09426,london,monday,15.6,1.3,13,,1.3,0.0,1,0,LONG,0.1026,1.1818,0.0001,0.0,BAD,CONTINUATION
2024-01-15T11:17:00.000000000Z,1.09426,london,monday,15.6,1.3,12,,1.3,0.0,1,0,LONG,0.2308,1.0263,0.0001,0.0,BAD,CONTINUATION
2024-01-15T11:18:00.000000000Z,1.09428,london,monday,15.4,1.5,11,,1.5,0.0,1,0,LONG,0.2597,0.9872,0.0001,0.0,BAD,CONTINUATION
2024-01-15T11:19:00.000000000Z,1.09413,london,monday,16.9,0.0,6,,0.0,0.0,1,0,LONG,0.4024,1.0974,0.0,0.0,BAD,CONTINUATION
2024-01-15T11:20:00.000000000Z,1.09417,london,monday,16.5,0.3,5,,0.3,0.0,1,0,LONG,0.3818,1.0927,0.0,0.0,BAD,CONTINUATION
2024-01-15T11:21:00.000000000Z,1.0942,london,monday,16.2,0.6,5,,0.6,0.0,1,0,LONG,0.4259,1.0318,0.0001,0.0,BAD,CONTINUATION
2024-01-15T11:22:00.000000000Z,1.09414,london,monday,16.8,0.0,3,,0.0,0.0,1,0,LONG,0.2738,0.9333,0.0,0.0,BAD,CONTINUATION
2024-01-15T11:23:00.000000000Z,1.09432,london,monday,15.0,1.2,6,,0.2,0.0,1,0,LONG,0.1933,0.9202,0.0,0.0,BAD,CONTINUATION
2024-01-15T11:24:00.000000000Z,1.0943,london,monday,15.2,1.0,5,,0.0,0.0,1,0,LONG,0.2368,0.9157,0.0,0.0,BAD,CONTINUATION
2024-01-15T11:25:00.000000000Z,1.09444,london,monday,13.8,2.4,13,,0.3,0.0,1,0,LONG,0.1449,0.8961,0.0,0.0,BAD,CONTINUATION
2024-01-15T11:26:00.000000000Z,1.09446,london,monday,13.6,2.6,12,26,0.5,4.3,1,1,LONG,0.0147,0.7907,0.0001,0.0,BAD,CONTINUATION
2024-01-15T11:27:00.000000000Z,1.09449,london,monday,13.3,2.9,11,25,0.8,4.0,1,1,LONG,0.1128,0.743,0.0001,0.0,BAD,CONTINUATION
2024-01-15T11:28:00.000000000Z,1.09447,london,monday,13.5,2.7,10,24,0.6,4.2,1,1,LONG,0.0963,0.665,0.0001,0.0,BAD,CONTINUATION
2024-01-15T11:29:00.000000000Z,1.09464,london,monday,11.8,4.4,36,17,4.4,2.5,1,1,LONG,0.0254,0.631,0.0004,0.0,BAD,CONTINUATION
2024-01-15T11:30:00.000000000Z,1.09458,london,monday,12.4,3.8,10,22,1.7,3.1,1,1,LONG,0.0968,0.6327,0.0002,0.0,BAD,CONTINUATION
2024-01-15T11:31:00.000000000Z,1.09466,london,monday,11.6,4.6,34,15,4.6,2.3,1,1,LONG,0.1724,0.617,0.0005,0.0,BAD,CONTINUATION
2024-01-15T11:32:00.000000000Z,1.09468,london,monday,11.4,4.8,33,2,4.8,0.0,1,1,LONG,0.2018,0.6096,0.0005,0.0,BAD,CONTINUATION
2024-01-15T11:33:00.000000000Z,1.09458,london,monday,12.4,3.8,7,19,1.7,3.1,1,1,LONG,0.3065,0.6139,0.0002,0.0,BAD,CONTINUATION
2024-01-15T11:34:00.000000000Z,1.09441,london,monday,14.1,2.1,3,,0.0,0.0,1,0,LONG,0.1064,0.7382,0.0,0.0,BAD,CONTINUATION
2024-01-15T11:35:00.000000000Z,1.09442,london,monday,14.0,2.2,2,,0.0,0.0,1,0,LONG,0.1,0.7292,0.0,0.0,BAD,CONTINUATION
2024-01-15T11:36:00.000000000Z,1.09462,london,monday,12.0,4.2,4,10,0.0,2.7,1,1,LONG,0.2583,0.6857,0.0,0.0,BAD,CONTINUATION
2024-01-15T11:37:00.000000000Z,1.09468,london,monday,11.4,4.8,28,9,4.8,2.1,1,1,LONG,0.193,0.6196,0.0005,0.0,BAD,CONTINUATION
2024-01-15T11:38:00.000000000Z,1.09481,london,monday,10.1,6.1,31,7,6.1,0.8,1,1,LONG,0.1782,0.5372,0.0006,0.0,BAD,CONTINUATION
2024-01-15T11:39:00.000000000Z,1.0948,london,monday,10.2,6.0,30,6,6.0,0.9,1,1,LONG,0.1176,0.5313,0.0006,0.0,BAD,CONTINUATION
2024-01-15T11:40:00.000000000Z,1.09489,london,monday,9.3,6.9,30,1,6.9,0.0,1,1,LONG,0.3763,0.4721,0.0007,0.0,BAD,CONTINUATION
2024-01-15T11:41:00.000000000Z,1.0946,london,monday,12.2,4.0,24,5,4.0,0.6,1,1,LONG,0.0738,0.7135,0.0004,0.0,BAD,CONTINUATION
2024-01-15T11:42:00.000000000Z,1.09461,london,monday,12.1,4.1,23,4,4.1,0.5,1,1,LONG,0.1074,0.6994,0.0004,0.0,BAD,CONTINUATION
2024-01-15T11:43:00.000000000Z,1.09466,london,monday,11.6,4.6,22,3,4.6,0.0,1,1,LONG,0.1379,0.6824,0.0005,0.0,BAD,CONTINUATION
2024-01-15T11:44:00.000000000Z,1.09464,london,monday,11.8,4.4,21,2,4.4,0.0,1,1,LONG,0.1356,0.6941,0.0004,0.0,BAD,CONTINUATION
2024-01-15T11:45:00.000000000Z,1.09444,london,monday,13.8,2.4,19,,2.4,0.0,1,0,LONG,0.2826,0.7459,0.0002,0.0,BAD,CONTINUATION
2024-01-15T11:46:00.000000000Z,1.09434,london,monday,14.8,1.4,1,,0.0,0.0,1,0,LONG,0.4324,0.7789,0.0,0.0,BAD,CONTINUATION
2024-01-15T11:47:00.000000000Z,1.0946,london,monday,12.2,4.0,18,5,4.0,0.1,1,1,LONG,0.2869,0.7305,0.0004,0.0,BAD,CONTINUATION
2024-01-15T11:48:00.000000000Z,1.09461,london,monday,12.1,4.1,17,4,4.1,0.0,1,1,LONG,0.2397,0.7076,0.0004,0.0,BAD,CONTINUATION
2024-01-15T11:49:00.000000000Z,1.09446,london,monday,13.6,2.6,15,3,2.6,0.0,1,1,LONG,0.3529,0.85,0.0003,0.0,BAD,CONTINUATION
2024-01-15T11:50:00.000000000Z,1.09446,london,monday,13.6,2.6,14,2,2.6,0.0,1,1,LONG,0.4926,0.7598,0.0003,0.0,BAD,CONTINUATION
2024-01-15T11:51:00.000000000Z,1.09445,london,monday,13.7,2.5,13,,2.5,0.0,1,0,LONG,0.5182,0.7569,0.0003,0.0,BAD,CONTINUATION
2024-01-15T11:52:00.000000000Z,1.0942,london,monday,16.2,0.0,4,,0.0,0.0,1,0,LONG,0.6173,1.0125,0.0,0.0,BAD,CONTINUATION
2024-01-15T11:53:00.000000000Z,1.09426,london,monday,15.6,0.0,4,,0.0,0.0,1,0,LONG,0.6474,0.9689,0.0,0.0,BAD,CONTINUATION
2024-01-15T11:54:00.000000000Z,1.09428,london,monday,15.4,0.0,3,,0.0,0.0,1,0,LONG,0.7403,0.8851,0.0,0.0,BAD,CONTINUATION
2024-01-15T11:55:00.000000000Z,1.09431,london,monday,15.1,0.0,2,,0.0,0.0,1,0,LONG,0.7748,0.8531,0.0,0.0,BAD,CONTINUATION
2024-01-15T11:56:00.000000000Z,1.09446,london,monday,13.6,0.0,8,,0.0,0.0,1,0,LONG,0.75,0.8395,0.0,0.0,BAD,CONTINUATION
2024-01-15T11:57:00.000000000Z,1.09463,london,monday,11.9,1.5,8,,1.5,0.0,1,0,LONG,0.7059,0.8151,0.0001,0.0,BAD,CONTINUATION
2024-01-15T11:58:00.000000000Z,1.09468,london,monday,11.4,2.0,7,,2.0,0.0,1,0,LONG,0.807,0.7403,0.0002,0.0,BAD,CONTINUATION
2024-01-15T11:59:00.000000000Z,1.09454,london,monday,12.8,0.6,5,,0.6,0.0,1,0,LONG,0.875,0.8767,0.0001,0.0,BAD,CONTINUATION
2024-01-15T12:00:00.000000000Z,1.09451,london,monday,13.1,0.3,4,,0.3,0.0,1,0,LONG,0.7023,0.7892,0.0,0.0,BAD,CONTINUATION
2024-01-15T12:01:00.000000000Z,1.09448,london,monday,13.4,0.0,3,,0.0,0.0,1,0,LONG,0.7164,0.8171,0.0,0.0,BAD,CONTINUATION
2024-01-15T12:02:00.000000000Z,1.0945,london,monday,13.2,0.2,2,,0.2,0.0,1,0,LONG,0.7576,0.7857,0.0,0.0,BAD,CONTINUATION
2024-01-15T12:03:00.000000000Z,1.09448,london,monday,13.4,0.0,1,,0.0,0.0,1,0,LONG,0.6866,0.7614,0.0,0.0,BAD,CONTINUATION
2024-01-15T12:04:00.000000000Z,1.09483,london,monday,9.9,3.5,5,65,0.0,9.9,1,1,LONG,0.4141,0.6306,0.0,0.0,BAD,CONTINUATION
2024-01-15T12:05:00.000000000Z,1.09498,london,monday,8.4,5.0,7,28,0.8,6.8,1,1,LONG,0.2619,0.5753,0.0001,0.0,BAD,CONTINUATION
2024-01-15T12:06:00.000000000Z,1.09495,london,monday,8.7,4.7,6,27,0.5,7.1,1,1,LONG,0.2414,0.5918,0.0001,0.0,BAD,CONTINUATION
2024-01-15T12:07:00.000000000Z,1.0949,london,monday,9.2,4.2,3,62,0.0,9.2,1,1,LONG,0.4891,0.5714,0.0,0.0,BAD,CONTINUATION
2024-01-15T12:08:00.000000000Z,1.09494,london,monday,8.8,4.6,3,61,0.0,8.8,1,1,LONG,0.2273,0.4944,0.0,0.0,BAD,CONTINUATION
2024-01-15T12:09:00.000000000Z,1.09513,london,monday,6.9,6.5,4,24,0.0,5.3,1,1,LONG,0.1014,0.4132,0.0,0.0,BAD,CONTINUATION
2024-01-15T12:10:00.000000000Z,1.09516,london,monday,6.6,6.8,3,23,0.0,5.0,1,1,LONG,0.1515,0.4024,0.0,0.0,BAD,CONTINUATION
2024-01-15T12:11:00.000000000Z,1.0952,london,monday,6.2,7.2,3,19,0.0,4.6,1,1,LONG,0.4194,0.3605,0.0,0.0,BAD,CONTINUATION
2024-01-15T12:12:00.000000000Z,1.09527,london,monday,5.5,7.9,5,18,0.0,3.9,1,1,LONG,0.6364,0.3293,0.0,0.0,BAD,CONTINUATION
2024-01-15T12:13:00.000000000Z,1.09542,london,monday,4.0,9.4,28,12,7.2,2.4,1,1,LONG,1.2,0.2597,0.0007,0.0,BAD,CONTINUATION
2024-01-15T12:14:00.000000000Z,1.09548,london,monday,3.4,10.0,27,10,7.8,1.8,1,1,LONG,2.2941,0.1977,0.0008,0.0,BAD,CONTINUATION
2024-01-15T12:15:00.000000000Z,1.09548,london,monday,3.4,10.0,26,9,7.8,1.8,1,1,LONG,1.0588,0.1589,0.0008,0.0,BAD,CONTINUATION
2024-01-15T12:16:00.000000000Z,1.09547,london,monday,3.5,9.9,25,8,7.7,1.9,1,1,LONG,1.2857,0.157,0.0008,0.0,BAD,CONTINUATION
2024-01-15T12:17:00.000000000Z,1.0956,london,monday,2.2,11.2,,6,0.0,0.6,0,1,SHORT,0.4554,0.5161,0.0001,0.0,BAD,CONTINUATION
2024-01-15T12:18:00.000000000Z,1.09566,london,monday,1.6,11.8,,4,0.0,0.0,0,1,SHORT,0.5593,0.5364,0.0,0.0,BAD,CONTINUATION
2024-01-15T12:19:00.000000000Z,1.09543,london,monday,3.9,9.5,22,6,7.3,0.7,1,1,LONG,1.6154,0.1797,0.0007,0.0,BAD,CONTINUATION
2024-01-15T12:20:00.000000000Z,1.09544,london,monday,3.8,9.6,21,5,7.4,0.6,1,1,LONG,0.7368,0.1508,0.0007,0.0,BAD,CONTINUATION
2024-01-15T12:21:00.000000000Z,1.0955,london,monday,3.2,10.2,20,2,8.0,0.0,1,1,LONG,0.1875,0.1119,0.0008,0.0,BAD,CONTINUATION
2024-01-15T12:22:00.000000000Z,1.0954,london,monday,4.2,9.2,19,5,7.0,0.0,1,1,LONG,1.0,0.1391,0.0007,0.0,BAD,CONTINUATION
2024-01-15T12:23:00.000000000Z,1.09524,london,monday,5.8,7.6,17,7,5.4,1.1,1,1,LONG,0.5,0.1841,0.0005,0.0,BAD,CONTINUATION
2024-01-15T12:24:00.000000000Z,1.0952,london,monday,6.2,7.2,16,6,5.0,1.5,1,1,LONG,0.7742,0.1902,0.0005,0.0,BAD,CONTINUATION
2024-01-15T12:25:00.000000000Z,1.09516,london,monday,6.6,8.0,15,8,4.6,1.9,1,1,LONG,0.4242,0.1908,0.0005,0.0,BAD,CONTINUATION
2024-01-15T12:26:00.000000000Z,1.09535,london,monday,4.7,12.1,15,2,6.5,0.0,1,1,LONG,0.1489,0.1429,0.0006,0.0,BAD,CONTINUATION
2024-01-15T12:27:00.000000000Z,1.09514,london,monday,6.8,10.5,13,6,4.4,0.0,1,1,LONG,0.1765,0.2099,0.0004,0.0,BAD,CONTINUATION
2024-01-15T12:28:00.000000000Z,1.09506,london,monday,7.6,10.4,12,5,3.6,0.0,1,1,LONG,0.3947,0.2331,0.0004,0.0,BAD,CONTINUATION
2024-01-15T12:29:00.000000000Z,1.09506,london,monday,7.6,10.4,11,4,3.6,0.0,1,1,LONG,0.4474,0.2303,0.0004,0.0,BAD,CONTINUATION
2024-01-15T12:30:00.000000000Z,1.09494,london,monday,8.8,9.2,10,39,2.4,8.8,1,1,LONG,0.6818,0.2651,0.0002,0.0,BAD,CONTINUATION
2024-01-15T12:31:00.000000000Z,1.09492,london,monday,9.0,9.0,9,38,2.2,9.0,1,1,LONG,0.7889,0.2655,0.0002,0.0,BAD,CONTINUATION
2024-01-15T12:32:00.000000000Z,1.09494,london,monday,8.8,9.2,8,37,2.4,8.8,1,1,LONG,0.6136,0.25,0.0002,0.0,BAD,CONTINUATION
2024-01-15T12:33:00.000000000Z,1.0947,london,monday,11.2,6.8,1,92,0.0,11.2,1,1,LONG,0.8036,0.3294,0.0,0.0,BAD,CONTINUATION
2024-01-15T12:34:00.000000000Z,1.09512,london,monday,7.0,11.3,6,4,3.2,0.0,1,1,LONG,0.8286,0.2273,0.0003,0.0,BAD,CONTINUATION
2024-01-15T12:35:00.000000000Z,1.09502,london,monday,8.0,10.3,5,33,2.2,8.0,1,1,LONG,0.85,0.2685,0.0002,0.0,BAD,CONTINUATION
2024-01-15T12:36:00.000000000Z,1.09509,london,monday,7.3,11.0,4,2,2.9,0.0,1,1,LONG,0.6438,0.2393,0.0003,0.0,BAD,CONTINUATION
2024-01-15T12:37:00.000000000Z,1.095,london,monday,8.2,10.1,3,31,2.0,8.2,1,1,LONG,0.6341,0.2733,0.0002,0.0,BAD,CONTINUATION
2024-01-15T12:38:00.000000000Z,1.0948,london,monday,10.2,8.1,1,31,0.0,10.2,1,1,LONG,0.4706,0.3355,0.0,0.0,BAD,CONTINUATION
2024-01-15T12:39:00.000000000Z,1.09516,london,monday,6.6,12.2,1,28,0.0,6.6,1,1,LONG,0.2424,0.2426,0.0,0.0,BAD,CONTINUATION
2024-01-15T12:40:00.000000000Z,1.09556,london,monday,2.6,16.2,1,6,0.0,2.6,1,1,LONG,0.6923,0.1092,0.0,0.0,BAD,CONTINUATION
2024-01-15T12:41:00.000000000Z,1.09582,london,monday,0.0,19.0,,1,0.0,0.0,0,1,SHORT,0.3842,0.7884,0.0,0.0,BAD,CONTINUATION
2024-01-15T12:42:00.000000000Z,1.09553,london,monday,1.7,16.1,,4,0.0,1.5,0,1,SHORT,0.1925,0.7156,0.0001,0.0,BAD,CONTINUATION
2024-01-15T12:43:00.000000000Z,1.09568,london,monday,0.2,17.6,,2,0.0,0.0,0,1,SHORT,0.2841,0.8224,0.0,0.0,BAD,CONTINUATION
2024-01-15T12:44:00.000000000Z,1.09544,london,monday,2.6,15.2,9,16,1.8,2.6,1,1,LONG,1.3846,0.13,0.0002,0.0,BAD,CONTINUATION
2024-01-15T12:45:00.000000000Z,1.09542,london,monday,2.8,15.0,8,15,1.6,2.8,1,1,LONG,1.7143,0.1321,0.0002,0.0,BAD,CONTINUATION
2024-01-15T12:46:00.000000000Z,1.09526,london,monday,4.4,13.4,3,18,0.0,4.4,1,1,LONG,0.4091,0.2095,0.0,0.0,BAD,CONTINUATION
2024-01-15T12:47:00.000000000Z,1.09536,london,monday,3.4,14.4,3,13,0.0,3.4,1,1,LONG,1.2941,0.1574,0.0,0.0,BAD,CONTINUATION
2024-01-15T12:48:00.000000000Z,1.0954,london,monday,3.0,14.8,5,12,0.0,3.0,1,1,LONG,1.7333,0.1389,0.0,0.0,BAD,CONTINUATION
2024-01-15T12:49:00.000000000Z,1.09554,london,monday,1.6,16.2,,8,0.0,1.6,0,1,SHORT,0.4938,0.75,0.0002,0.0,BAD,CONTINUATION
2024-01-15T12:50:00.000000000Z,1.09563,london,monday,0.7,17.1,,7,0.0,0.7,0,1,SHORT,0.6725,0.7339,0.0001,0.0,BAD,CONTINUATION
2024-01-15T12:51:00.000000000Z,1.09548,london,monday,2.2,15.6,,9,0.0,2.2,0,1,SHORT,0.5256,0.661,0.0002,0.0,BAD,CONTINUATION
2024-01-15T12:52:00.000000000Z,1.0956,london,monday,1.0,16.8,,5,0.0,1.0,0,1,SHORT,0.4762,0.7059,0.0001,0.0,BAD,CONTINUATION
2024-01-15T12:53:00.000000000Z,1.0957,london,monday,0.0,17.8,,4,0.0,0.0,0,1,SHORT,0.573,0.7417,0.0,0.0,BAD,CONTINUATION
2024-01-15T12:54:00.000000000Z,1.0957,london,monday,0.0,17.8,,3,0.0,0.0,0,1,SHORT,0.618,0.7177,0.0,0.0,BAD,CONTINUATION
2024-01-15T12:55:00.000000000Z,1.09556,london,monday,0.0,16.4,,2,0.0,0.0,0,1,SHORT,0.5854,0.7009,0.0,0.0,BAD,CONTINUATION
2024-01-15T12:56:00.000000000Z,1.09552,london,monday,0.0,16.0,,4,0.0,0.0,0,1,SHORT,0.6125,0.678,0.0,0.0,BAD,CONTINUATION
2024-01-15T12:57:00.000000000Z,1.09528,london,monday,1.0,13.6,,7,0.0,1.0,0,1,SHORT,0.3824,0.5812,0.0001,0.0,BAD,CONTINUATION
2024-01-15T12:58:00.000000000Z,1.09532,london,monday,0.6,14.0,,6,0.0,0.6,0,1,SHORT,0.3286,0.5833,0.0001,0.0,BAD,CONTINUATION
2024-01-15T12:59:00.000000000Z,1.09538,london,monday,0.0,14.6,,1,0.0,0.0,0,1,SHORT,0.363,0.6213,0.0,0.0,BAD,CONTINUATION
2024-01-15T13:00:00.000000000Z,1.09509,london,monday,1.6,11.7,,8,0.0,1.3,0,1,SHORT,0.0427,0.52,0.0001,0.0,BAD,CONTINUATION
2024-01-15T13:01:00.000000000Z,1.09522,london,monday,0.3,13.0,,3,0.0,0.0,0,1,SHORT,0.1385,0.6132,0.0,0.0,BAD,CONTINUATION
2024-01-15T13:02:00.000000000Z,1.09518,london,monday,0.7,12.6,,4,0.0,0.0,0,1,SHORT,0.1111,0.6058,0.0,0.0,BAD,CONTINUATION
2024-01-15T13:03:00.000000000Z,1.09508,london,monday,1.7,11.6,,5,0.0,0.0,0,1,SHORT,0.1724,0.5421,0.0,0.0,BAD,CONTINUATION
2024-01-15T13:04:00.000000000Z,1.09494,london,monday,3.1,10.2,30,5,4.6,1.4,1,1,LONG,0.1935,0.155,0.0005,0.0,BAD,CONTINUATION
2024-01-15T13:05:00.000000000Z,1.09508,london,monday,1.7,11.6,,3,0.0,0.0,0,1,SHORT,0.2069,0.6105,0.0,0.0,BAD,CONTINUATION
2024-01-15T13:06:00.000000000Z,1.09492,london,monday,3.3,10.0,28,3,4.4,0.0,1,1,LONG,0.1212,0.1774,0.0004,0.0,BAD,CONTINUATION
2024-01-15T13:07:00.000000000Z,1.09488,london,monday,3.7,9.6,24,2,4.0,0.0,1,1,LONG,0.1081,0.1907,0.0004,0.0,BAD,CONTINUATION
2024-01-15T13:08:00.000000000Z,1.09474,london,monday,5.1,8.2,11,1,2.6,0.0,1,1,LONG,0.4118,0.267,0.0003,0.0,BAD,CONTINUATION
2024-01-15T13:09:00.000000000Z,1.09448,london,monday,7.7,5.6,2,57,0.0,7.7,1,1,LONG,0.3377,0.414,0.0,0.0,BAD,CONTINUATION
2024-01-15T13:10:00.000000000Z,1.09466,london,monday,5.9,7.4,9,55,1.2,5.9,1,1,LONG,0.1356,0.3512,0.0001,0.0,BAD,CONTINUATION
2024-01-15T13:11:00.000000000Z,1.0948,london,monday,4.5,8.8,20,4,2.6,0.0,1,1,LONG,0.4444,0.25,0.0003,0.0,BAD,CONTINUATION
2024-01-15T13:12:00.000000000Z,1.09468,london,monday,5.7,7.6,7,53,1.4,5.7,1,1,LONG,0.8246,0.3115,0.0001,0.0,BAD,CONTINUATION
2024-01-15T13:13:00.000000000Z,1.0946,london,monday,6.5,6.8,4,53,0.6,6.5,1,1,LONG,0.8615,0.3693,0.0001,0.0,BAD,CONTINUATION
2024-01-15T13:14:00.000000000Z,1.0946,london,monday,6.5,6.8,3,52,0.6,6.5,1,1,LONG,0.8,0.3611,0.0001,0.0,BAD,CONTINUATION
2024-01-15T13:15:00.000000000Z,1.09454,london,monday,7.1,6.2,2,51,0.0,7.1,1,1,LONG,0.9155,0.3923,0.0,0.0,BAD,CONTINUATION
2024-01-15T13:16:00.000000000Z,1.09476,london,monday,4.9,8.4,3,49,0.0,4.9,1,1,LONG,1.0,0.297,0.0,0.0,BAD,CONTINUATION
2024-01-15T13:17:00.000000000Z,1.09486,london,monday,3.9,9.4,14,48,1.2,3.9,1,1,LONG,0.5128,0.2241,0.0001,0.0,BAD,CONTINUATION
2024-01-15T13:18:00.000000000Z,1.09485,london,monday,4.0,9.3,13,47,1.1,4.0,1,1,LONG,0.15,0.2128,0.0001,0.0,BAD,CONTINUATION
2024-01-15T13:19:00.000000000Z,1.09504,london,monday,2.1,11.2,,9,0.0,0.0,0,1,SHORT,0.0357,0.6292,0.0,0.0,BAD,CONTINUATION
2024-01-15T13:20:00.000000000Z,1.09504,london,monday,2.1,11.2,,8,0.0,0.0,0,1,SHORT,0.0446,0.6257,0.0,0.0,BAD,CONTINUATION
2024-01-15T13:21:00.000000000Z,1.09504,london,monday,2.1,11.2,,7,0.0,0.0,0,1,SHORT,0.1071,0.6022,0.0,0.0,BAD,CONTINUATION
2024-01-15T13:22:00.000000000Z,1.09488,london,monday,3.7,9.6,9,43,1.4,3.7,1,1,LONG,0.0541,0.2102,0.0001,0.0,BAD,CONTINUATION
2024-01-15T13:23:00.000000000Z,1.09488,london,monday,3.7,9.6,8,42,1.4,3.7,1,1,LONG,0.0811,0.2044,0.0001,0.0,BAD,CONTINUATION
2024-01-15T13:24:00.000000000Z,1.09484,london,monday,4.1,9.2,7,41,1.0,4.1,1,1,LONG,0.2439,0.2278,0.0001,0.0,BAD,CONTINUATION
2024-01-15T13:25:00.000000000Z,1.09496,london,monday,2.9,10.4,10,39,2.2,2.9,1,1,LONG,0.069,0.1686,0.0002,0.0,BAD,CONTINUATION
2024-01-15T13:26:00.000000000Z,1.09484,london,monday,4.1,9.2,5,39,1.0,4.1,1,1,LONG,0.3415,0.2563,0.0001,0.0,BAD,CONTINUATION
2024-01-15T13:27:00.000000000Z,1.09495,london,monday,3.0,10.3,8,37,2.1,3.0,1,1,LONG,0.0333,0.1961,0.0002,0.0,BAD,CONTINUATION
2024-01-15T13:28:00.000000000Z,1.09474,london,monday,5.1,8.2,2,37,0.0,5.1,1,1,LONG,0.3137,0.375,0.0,0.0,BAD,CONTINUATION
2024-01-15T13:29:00.000000000Z,1.09474,london,monday,5.1,8.2,1,36,0.0,5.1,1,1,LONG,0.3922,0.3643,0.0,0.0,BAD,CONTINUATION
2024-01-15T13:30:00.000000000Z,1.095,london,monday,2.5,10.8,5,33,0.0,2.5,1,1,LONG,0.08,0.2049,0.0,0.0,BAD,CONTINUATION
2024-01-15T13:31:00.000000000Z,1.09515,london,monday,1.0,12.3,,10,0.0,1.0,0,1,SHORT,0.0569,1.0885,0.0001,0.0,BAD,CONTINUATION
2024-01-15T13:32:00.000000000Z,1.09516,london,monday,0.9,12.4,,9,0.0,0.9,0,1,SHORT,0.0081,1.042,0.0001,0.0,BAD,CONTINUATION
2024-01-15T13:33:00.000000000Z,1.09512,london,monday,1.3,12.0,,8,0.0,1.3,0,1,SHORT,0.0833,0.9375,0.0001,0.0,BAD,CONTINUATION
2024-01-15T13:34:00.000000000Z,1.09519,london,monday,0.6,12.7,,3,0.0,0.6,0,1,SHORT,0.1732,1.0079,0.0001,0.0,BAD,CONTINUATION
2024-01-15T13:35:00.000000000Z,1.09525,london,monday,0.0,13.3,,2,0.0,0.0,0,1,SHORT,0.2556,1.0556,0.0,0.0,BAD,CONTINUATION
2024-01-15T13:36:00.000000000Z,1.09506,london,monday,0.9,11.4,,27,0.0,0.9,0,1,SHORT,0.0702,1.0,0.0001,0.0,BAD,CONTINUATION
2024-01-15T13:37:00.000000000Z,1.09491,london,monday,2.4,9.9,,28,0.0,2.4,0,1,SHORT,0.0606,0.99,0.0002,0.0,BAD,CONTINUATION
2024-01-15T13:38:00.000000000Z,1.095,london,monday,1.5,10.8,,25,0.0,1.5,0,1,SHORT,0.0556,1.1489,0.0001,0.0,BAD,CONTINUATION
2024-01-15T13:39:00.000000000Z,1.09499,london,monday,1.6,10.7,,25,0.0,1.6,0,1,SHORT,0.0841,1.0,0.0002,0.0,BAD,CONTINUATION
2024-01-15T13:40:00.000000000Z,1.09492,london,monday,2.3,10.0,,25,0.0,2.3,0,1,SHORT,0.14,0.9804,0.0002,0.0,BAD,CONTINUATION
2024-01-15T13:41:00.000000000Z,1.09486,london,monday,2.9,9.4,10,24,0.0,2.9,1,1,LONG,0.5517,0.29,0.0,0.0,BAD,CONTINUATION
2024-01-15T13:42:00.000000000Z,1.09491,london,monday,2.4,9.9,,23,0.0,2.4,0,1,SHORT,0.2323,0.9252,0.0002,0.0,BAD,CONTINUATION
2024-01-15T13:43:00.000000000Z,1.09494,london,monday,2.1,10.2,,21,0.0,2.1,0,1,SHORT,0.0588,0.7846,0.0002,0.0,BAD,CONTINUATION
2024-01-15T13:44:00.000000000Z,1.09498,london,monday,1.7,10.6,,20,0.0,1.7,0,1,SHORT,0.2264,0.7571,0.0002,0.0,BAD,CONTINUATION
2024-01-15T13:45:00.000000000Z,1.09498,london,monday,1.7,10.6,,19,0.0,1.7,0,1,SHORT,0.283,0.726,0.0002,0.0,BAD,CONTINUATION
2024-01-15T13:46:00.000000000Z,1.09494,london,monday,2.1,10.2,,18,0.0,2.1,0,1,SHORT,0.5686,0.5862,0.0002,0.0,BAD,CONTINUATION
2024-01-15T13:47:00.000000000Z,1.0949,london,monday,2.5,9.8,4,18,0.0,2.5,1,1,LONG,3.04,0.1302,0.0,0.0,BAD,CONTINUATION
2024-01-15T13:48:00.000000000Z,1.09494,london,monday,2.1,10.2,,16,0.0,2.1,0,1,SHORT,0.8333,0.5285,0.0002,0.0,BAD,CONTINUATION
2024-01-15T13:49:00.000000000Z,1.09502,london,monday,1.3,11.0,,14,0.0,1.3,0,1,SHORT,0.9091,0.5729,0.0001,0.0,BAD,CONTINUATION
2024-01-15T13:50:00.000000000Z,1.09508,london,monday,0.7,11.6,,13,0.0,0.7,0,1,SHORT,0.8276,0.5918,0.0001,0.0,BAD,CONTINUATION
2024-01-15T13:51:00.000000000Z,1.09515,london,monday,0.0,12.3,,11,0.0,0.0,0,1,SHORT,0.9024,0.6244,0.0,0.0,BAD,CONTINUATION
2024-01-15T13:52:00.000000000Z,1.09502,london,monday,1.2,11.0,,11,0.0,1.2,0,1,SHORT,0.8545,0.5851,0.0001,0.0,BAD,CONTINUATION
2024-01-15T13:53:00.000000000Z,1.09497,london,monday,1.7,10.5,,11,0.0,1.7,0,1,SHORT,0.8667,0.5676,0.0002,0.0,BAD,CONTINUATION
2024-01-15T13:54:00.000000000Z,1.09491,london,monday,2.3,9.9,,11,0.0,2.3,0,1,SHORT,0.8485,0.55,0.0002,0.0,BAD,CONTINUATION
2024-01-15T13:55:00.000000000Z,1.09498,london,monday,1.6,10.6,,9,0.0,1.6,0,1,SHORT,0.934,0.5856,0.0002,0.0,BAD,CONTINUATION
2024-01-15T13:56:00.000000000Z,1.09497,london,monday,1.7,10.5,,8,0.0,1.7,0,1,SHORT,0.8476,0.5556,0.0002,0.0,BAD,CONTINUATION
2024-01-15T13:57:00.000000000Z,1.09494,london,monday,2.0,10.7,,7,0.0,2.0,0,1,SHORT,0.7944,0.5722,0.0002,0.0,BAD,CONTINUATION
2024-01-15T13:58:00.000000000Z,1.09508,london,monday,0.6,12.4,,5,0.0,0.6,0,1,SHORT,0.7258,0.6813,0.0001,0.0,BAD,CONTINUATION
2024-01-15T13:59:00.000000000Z,1.09506,london,monday,0.8,12.2,,4,0.0,0.8,0,1,SHORT,0.8361,0.6289,0.0001,0.0,BAD,CONTINUATION
2024-01-15T14:00:00.000000000Z,1.09502,london,monday,1.2,11.8,,3,0.0,1.2,0,1,SHORT,0.9153,0.59,0.0001,0.0,BAD,CONTINUATION
2024-01-15T14:01:00.000000000Z,1.09514,london,monday,0.0,13.0,,1,0.0,0.0,0,1,SHORT,0.9231,0.6915,0.0,0.0,BAD,CONTINUATION
2024-01-15T14:02:00.000000000Z,1.09488,london,monday,0.0,10.4,,3,0.0,0.0,0,1,SHORT,0.9231,0.6341,0.0,0.0,BAD,CONTINUATION
2024-01-15T14:03:00.000000000Z,1.09474,london,monday,0.0,9.0,,2,0.0,0.0,0,1,SHORT,0.7222,0.5389,0.0,0.0,BAD,CONTINUATION
2024-01-15T14:04:00.000000000Z,1.09468,london,monday,0.0,8.4,,1,0.0,0.0,0,1,SHORT,0.619,0.5,0.0,0.0,BAD,CONTINUATION
2024-01-15T14:05:00.000000000Z,1.09436,london,monday,3.0,5.2,81,2,4.4,0.0,1,1,LONG,0.3333,0.2055,0.0004,0.0,BAD,CONTINUATION
2024-01-15T14:06:00.000000000Z,1.09414,london,monday,5.2,3.0,54,91,2.2,5.2,1,1,LONG,0.0385,0.3768,0.0002,0.0,BAD,CONTINUATION
2024-01-15T14:07:00.000000000Z,1.09409,london,monday,5.7,2.5,23,91,1.7,5.7,1,1,LONG,0.386,0.375,0.0002,0.0,BAD,CONTINUATION
2024-01-15T14:08:00.000000000Z,1.09402,london,monday,6.4,1.8,18,,1.0,0.0,1,0,LONG,0.4062,0.4324,0.0001,0.0,BAD,CONTINUATION
2024-01-15T14:09:00.000000000Z,1.09412,london,monday,5.4,2.8,51,88,2.0,5.4,1,1,LONG,0.1111,0.3649,0.0002,0.0,BAD,CONTINUATION
2024-01-15T14:10:00.000000000Z,1.09404,london,monday,6.5,2.0,16,,1.2,0.0,1,0,LONG,0.2462,0.4577,0.0001,0.0,BAD,CONTINUATION
2024-01-15T14:11:00.000000000Z,1.09408,london,monday,6.4,2.4,19,,1.6,0.0,1,0,LONG,0.4375,0.4156,0.0002,0.0,BAD,CONTINUATION
2024-01-15T14:12:00.000000000Z,1.09406,london,monday,6.6,2.2,18,,1.4,0.0,1,0,LONG,0.303,0.4074,0.0001,0.0,BAD,CONTINUATION
2024-01-15T14:13:00.000000000Z,1.09407,london,monday,7.9,2.3,17,,1.5,0.0,1,0,LONG,0.1646,0.4731,0.0001,0.0,BAD,CONTINUATION
2024-01-15T14:14:00.000000000Z,1.09399,london,monday,9.3,1.5,10,,0.7,0.0,1,0,LONG,0.2903,0.5636,0.0001,0.0,BAD,CONTINUATION
2024-01-15T14:15:00.000000000Z,1.09408,london,monday,8.6,2.4,15,,1.6,0.0,1,0,LONG,0.1512,0.5342,0.0002,0.0,BAD,CONTINUATION
2024-01-15T14:16:00.000000000Z,1.09409,london,monday,8.5,2.5,14,82,1.7,5.7,1,1,LONG,0.0118,0.4971,0.0002,0.0,BAD,CONTINUATION
2024-01-15T14:17:00.000000000Z,1.09418,london,monday,8.4,3.4,48,4,2.6,0.0,1,1,LONG,0.0714,0.4773,0.0003,0.0,BAD,CONTINUATION
2024-01-15T14:18:00.000000000Z,1.09404,london,monday,10.4,2.0,8,,1.2,0.0,1,0,LONG,0.0577,0.5909,0.0001,0.0,BAD,CONTINUATION
2024-01-15T14:19:00.000000000Z,1.09394,london,monday,11.4,1.0,5,,0.2,0.0,1,0,LONG,0.2368,0.6441,0.0,0.0,BAD,CONTINUATION
2024-01-15T14:20:00.000000000Z,1.09394,london,monday,11.5,1.0,4,,0.2,0.0,1,0,LONG,0.313,0.6183,0.0,0.0,BAD,CONTINUATION
2024-01-15T14:21:00.000000000Z,1.09392,london,monday,11.7,0.8,3,,0.0,0.0,1,0,LONG,0.3248,0.6359,0.0,0.0,BAD,CONTINUATION
2024-01-15T14:22:00.000000000Z,1.09409,london,monday,10.0,2.5,8,76,0.0,5.7,1,1,LONG,0.21,0.5988,0.0,0.0,BAD,CONTINUATION
2024-01-15T14:23:00.000000000Z,1.09416,london,monday,9.3,3.2,37,74,0.8,5.0,1,1,LONG,0.129,0.5741,0.0001,0.0,BAD,CONTINUATION
2024-01-15T14:24:00.000000000Z,1.09426,london,monday,8.3,4.2,43,48,1.8,2.8,1,1,LONG,0.0,0.539,0.0002,0.0,BAD,CONTINUATION
2024-01-15T14:25:00.000000000Z,1.09412,london,monday,9.7,2.8,35,72,0.4,5.4,1,1,LONG,0.1753,0.6783,0.0,0.0,BAD,CONTINUATION
2024-01-15T14:26:00.000000000Z,1.09431,london,monday,7.8,4.7,59,46,3.9,2.3,1,1,LONG,0.0128,0.624,0.0004,0.0,BAD,CONTINUATION
2024-01-15T14:27:00.000000000Z,1.09428,london,monday,8.1,4.4,40,45,2.0,2.6,1,1,LONG,0.1481,0.5956,0.0002,0.0,BAD,CONTINUATION
2024-01-15T14:28:00.000000000Z,1.09418,london,monday,9.1,3.4,37,44,1.0,3.6,1,1,LONG,0.044,0.6894,0.0001,0.0,BAD,CONTINUATION
2024-01-15T14:29:00.000000000Z,1.0942,london,monday,8.9,3.6,36,43,1.2,3.4,1,1,LONG,0.0449,0.6742,0.0001,0.0,BAD,CONTINUATION
2024-01-15T14:30:00.000000000Z,1.09436,london,monday,7.3,5.2,56,5,4.4,0.0,1,1,LONG,0.2877,0.584,0.0004,0.0,BAD,CONTINUATION
2024-01-15T14:31:00.000000000Z,1.09426,london,monday,8.3,4.2,36,41,1.8,2.8,1,1,LONG,0.2048,0.686,0.0002,0.0,BAD,CONTINUATION
2024-01-15T14:32:00.000000000Z,1.0942,london,monday,8.9,3.6,33,40,1.2,3.4,1,1,LONG,0.1124,0.7672,0.0001,0.0,BAD,CONTINUATION
2024-01-15T14:33:00.000000000Z,1.09426,london,monday,8.3,4.2,34,39,1.8,2.8,1,1,LONG,0.2169,0.7411,0.0002,0.0,BAD,CONTINUATION
2024-01-15T14:34:00.000000000Z,1.09421,london,monday,8.8,3.7,31,38,1.3,3.3,1,1,LONG,0.125,0.8073,0.0001,0.0,BAD,CONTINUATION
2024-01-15T14:35:00.000000000Z,1.0941,london,monday,9.9,2.6,22,63,0.2,5.6,1,1,LONG,0.0202,0.99,0.0,0.0,BAD,CONTINUATION
2024-01-15T14:36:00.000000000Z,1.09424,london,monday,8.5,4.0,31,36,1.6,3.0,1,1,LONG,0.0941,0.9043,0.0002,0.0,BAD,CONTINUATION
2024-01-15T14:37:00.000000000Z,1.0941,london,monday,9.9,2.6,20,61,0.2,5.6,1,1,LONG,0.1515,1.1124,0.0,0.0,BAD,CONTINUATION
2024-01-15T14:38:00.000000000Z,1.09421,london,monday,8.8,3.7,27,34,1.3,3.3,1,1,LONG,0.1705,0.9888,0.0001,0.0,BAD,CONTINUATION
2024-01-15T14:39:00.000000000Z,1.0943,london,monday,7.9,4.6,46,33,3.8,2.4,1,1,LONG,0.0,0.9186,0.0004,0.0,BAD,CONTINUATION
2024-01-15T14:40:00.000000000Z,1.0943,london,monday,7.9,4.6,45,32,3.8,2.4,1,1,LONG,0.0506,0.8778,0.0004,0.0,BAD,CONTINUATION
2024-01-15T14:41:00.000000000Z,1.0943,london,monday,7.9,4.6,44,31,3.8,2.4,1,1,LONG,0.1519,0.8061,0.0004,0.0,BAD,CONTINUATION
2024-01-15T14:42:00.000000000Z,1.09428,london,monday,8.1,4.4,25,30,2.0,2.6,1,1,LONG,0.0741,0.6983,0.0002,0.0,BAD,CONTINUATION
2024-01-15T14:43:00.000000000Z,1.09426,london,monday,8.3,4.2,24,29,1.8,2.8,1,1,LONG,0.0964,0.7034,0.0002,0.0,BAD,CONTINUATION
2024-01-15T14:44:00.000000000Z,1.09429,london,monday,8.0,4.5,23,28,2.1,2.5,1,1,LONG,0.05,0.6557,0.0002,0.0,BAD,CONTINUATION
2024-01-15T14:45:00.000000000Z,1.0943,london,monday,7.9,4.6,40,27,3.8,2.4,1,1,LONG,0.1013,0.5896,0.0004,0.0,BAD,CONTINUATION
2024-01-15T14:46:00.000000000Z,1.09416,london,monday,9.3,3.2,14,51,0.8,5.0,1,1,LONG,0.3226,0.7266,0.0001,0.0,BAD,CONTINUATION
2024-01-15T14:47:00.000000000Z,1.09422,london,monday,9.6,3.8,20,25,1.4,3.2,1,1,LONG,0.2396,0.7805,0.0001,0.0,BAD,CONTINUATION
2024-01-15T14:48:00.000000000Z,1.09424,london,monday,9.5,4.0,19,24,1.6,3.0,1,1,LONG,0.3158,0.7308,0.0002,0.0,BAD,CONTINUATION
2024-01-15T14:49:00.000000000Z,1.09415,london,monday,11.0,3.1,11,48,0.7,5.1,1,1,LONG,0.2727,0.8462,0.0001,0.0,BAD,CONTINUATION
2024-01-15T14:50:00.000000000Z,1.09409,london,monday,11.6,2.5,7,48,0.1,5.7,1,1,LONG,0.2931,0.9206,0.0,0.0,BAD,CONTINUATION
2024-01-15T14:51:00.000000000Z,1.0941,london,monday,11.5,2.6,6,47,0.2,5.6,1,1,LONG,0.2174,0.8647,0.0,0.0,BAD,CONTINUATION
2024-01-15T14:52:00.000000000Z,1.09408,london,monday,11.7,2.4,5,,0.0,0.0,1,0,LONG,0.0855,0.7905,0.0,0.0,BAD,CONTINUATION
2024-01-15T14:53:00.000000000Z,1.0941,london,monday,11.5,2.6,4,45,0.2,5.6,1,1,LONG,0.1565,0.6686,0.0,0.0,BAD,CONTINUATION
2024-01-15T14:54:00.000000000Z,1.09408,london,monday,11.7,2.4,3,,0.0,0.0,1,0,LONG,0.0171,0.6223,0.0,0.0,BAD,CONTINUATION
2024-01-15T14:55:00.000000000Z,1.09416,london,monday,10.9,3.2,5,42,0.0,5.0,1,1,LONG,0.0459,0.6022,0.0,0.0,BAD,CONTINUATION
2024-01-15T14:56:00.000000000Z,1.09425,london,monday,10.0,4.1,11,16,0.7,2.9,1,1,LONG,0.06,0.5556,0.0001,0.0,BAD,CONTINUATION
2024-01-15T14:57:00.000000000Z,1.09436,london,monday,8.9,5.2,29,15,4.4,1.8,1,1,LONG,0.1348,0.5115,0.0004,0.0,BAD,CONTINUATION
2024-01-15T14:58:00.000000000Z,1.0943,london,monday,9.5,4.6,27,14,3.8,2.4,1,1,LONG,0.1684,0.5337,0.0004,0.0,BAD,CONTINUATION
2024-01-15T14:59:00.000000000Z,1.09434,london,monday,9.1,5.0,26,13,4.2,2.0,1,1,LONG,0.2418,0.517,0.0004,0.0,BAD,CONTINUATION
2024-01-15T15:00:00.000000000Z,1.09442,london,monday,8.3,5.8,50,12,5.8,1.2,1,1,LONG,0.3614,0.494,0.0006,0.0,BAD,CONTINUATION
2024-01-15T15:01:00.000000000Z,1.09422,london,monday,10.3,3.8,6,11,0.4,3.2,1,1,LONG,0.1262,0.6821,0.0,0.0,BAD,CONTINUATION
2024-01-15T15:02:00.000000000Z,1.09418,london,monday,10.7,3.4,3,10,0.0,3.6,1,1,LONG,0.0748,0.723,0.0,0.0,BAD,CONTINUATION
2024-01-15T15:03:00.000000000Z,1.09425,london,monday,10.0,4.1,4,9,0.0,2.9,1,1,LONG,0.07,0.6135,0.0,0.0,BAD,CONTINUATION
2024-01-15T15:04:00.000000000Z,1.09438,london,monday,8.7,5.4,22,8,4.6,1.6,1,1,LONG,0.2759,0.5179,0.0005,0.0,BAD,CONTINUATION
2024-01-15T15:05:00.000000000Z,1.09446,london,monday,7.9,6.2,46,6,6.2,0.8,1,1,LONG,0.1519,0.4389,0.0006,0.0,BAD,CONTINUATION
2024-01-15T15:06:00.000000000Z,1.09445,london,monday,8.0,6.1,45,5,6.1,0.9,1,1,LONG,0.1875,0.3902,0.0006,0.0,BAD,CONTINUATION
2024-01-15T15:07:00.000000000Z,1.09454,london,monday,7.1,7.0,46,4,7.0,0.0,1,1,LONG,0.169,0.3515,0.0007,0.0,BAD,CONTINUATION
2024-01-15T15:08:00.000000000Z,1.09445,london,monday,8.0,6.1,43,3,6.1,0.0,1,1,LONG,0.0375,0.3791,0.0006,0.0,BAD,CONTINUATION
2024-01-15T15:09:00.000000000Z,1.09443,london,monday,8.2,5.9,41,2,5.9,0.0,1,1,LONG,0.0122,0.385,0.0006,0.0,BAD,CONTINUATION
2024-01-15T15:10:00.000000000Z,1.09435,london,monday,9.0,5.1,15,2,4.3,0.0,1,1,LONG,0.2,0.4206,0.0004,0.0,BAD,CONTINUATION
2024-01-15T15:11:00.000000000Z,1.09418,london,monday,10.7,3.4,14,1,2.6,0.0,1,1,LONG,0.1121,0.4864,0.0003,0.0,BAD,CONTINUATION
2024-01-15T15:12:00.000000000Z,1.09392,london,monday,13.3,0.8,3,,0.0,0.0,1,0,LONG,0.2406,0.665,0.0,0.0,BAD,CONTINUATION
2024-01-15T15:13:00.000000000Z,1.0941,london,monday,11.5,2.6,12,25,0.1,5.6,1,1,LONG,0.1043,0.625,0.0,0.0,BAD,CONTINUATION
2024-01-15T15:14:00.000000000Z,1.09411,london,monday,11.4,2.7,11,24,0.2,5.5,1,1,LONG,0.0526,0.6064,0.0,0.0,BAD,CONTINUATION
2024-01-15T15:15:00.000000000Z,1.09419,london,monday,10.6,3.5,10,22,1.0,4.7,1,1,LONG,0.0472,0.5792,0.0001,0.0,BAD,CONTINUATION
2024-01-15T15:16:00.000000000Z,1.09424,london,monday,10.1,4.0,9,21,1.5,4.2,1,1,LONG,0.1485,0.5519,0.0001,0.0,BAD,CONTINUATION
2024-01-15T15:17:00.000000000Z,1.09414,london,monday,11.1,3.0,8,20,0.5,5.2,1,1,LONG,0.1261,0.6099,0.0001,0.0,BAD,CONTINUATION
2024-01-15T15:18:00.000000000Z,1.09412,london,monday,11.3,2.8,7,19,0.3,5.4,1,1,LONG,0.2212,0.5855,0.0,0.0,BAD,CONTINUATION
2024-01-15T15:19:00.000000000Z,1.09412,london,monday,11.3,2.8,6,18,0.3,5.4,1,1,LONG,0.2478,0.5765,0.0,0.0,BAD,CONTINUATION
2024-01-15T15:20:00.000000000Z,1.09409,london,monday,11.6,2.5,4,18,0.0,5.7,1,1,LONG,0.1983,0.5949,0.0,0.0,BAD,CONTINUATION
2024-01-15T15:21:00.000000000Z,1.0941,london,monday,11.5,2.6,4,17,0.0,5.6,1,1,LONG,0.1478,0.5721,0.0,0.0,BAD,CONTINUATION
2024-01-15T15:22:00.000000000Z,1.09432,london,monday,9.3,4.8,3,14,1.8,3.4,1,1,LONG,0.4086,0.5167,0.0002,0.0,BAD,CONTINUATION
2024-01-15T15:23:00.000000000Z,1.09414,london,monday,11.1,3.0,2,14,0.0,5.2,1,1,LONG,0.036,0.6236,0.0,0.0,BAD,CONTINUATION
2024-01-15T15:24:00.000000000Z,1.09434,london,monday,9.1,5.0,1,11,0.0,3.2,1,1,LONG,0.3846,0.5385,0.0,0.0,BAD,CONTINUATION
2024-01-15T15:25:00.000000000Z,1.0946,london,monday,6.5,7.6,28,5,7.6,0.6,1,1,LONG,0.7077,0.4114,0.0008,0.0,BAD,CONTINUATION
2024-01-15T15:26:00.000000000Z,1.09466,london,monday,5.9,8.2,28,4,8.2,0.0,1,1,LONG,0.6102,0.3512,0.0008,0.0,BAD,CONTINUATION
2024-01-15T15:27:00.000000000Z,1.09448,london,monday,7.7,6.4,26,5,6.4,0.5,1,1,LONG,0.4286,0.4667,0.0006,0.0,BAD,CONTINUATION
2024-01-15T15:28:00.000000000Z,1.09444,london,monday,8.1,6.0,23,5,6.0,0.9,1,1,LONG,0.2593,0.4793,0.0006,0.0,BAD,CONTINUATION
2024-01-15T15:29:00.000000000Z,1.09453,london,monday,7.2,6.9,24,2,6.9,0.0,1,1,LONG,0.2639,0.4211,0.0007,0.0,BAD,CONTINUATION
2024-01-15T15:30:00.000000000Z,1.0943,london,monday,9.5,4.6,20,6,4.6,0.0,1,1,LONG,0.1474,0.6013,0.0005,0.0,BAD,CONTINUATION
2024-01-15T15:31:00.000000000Z,1.09424,london,monday,10.1,4.0,19,6,4.0,0.0,1,1,LONG,0.4455,0.5706,0.0004,0.0,BAD,CONTINUATION
2024-01-15T15:32:00.000000000Z,1.09422,london,monday,10.3,3.8,18,5,3.8,0.0,1,1,LONG,0.4854,0.5787,0.0004,0.0,BAD,CONTINUATION
2024-01-15T15:33:00.000000000Z,1.09417,london,monday,10.8,3.3,16,4,3.3,0.0,1,1,LONG,0.5093,0.6243,0.0003,0.0,BAD,CONTINUATION
2024-01-15T15:34:00.000000000Z,1.09414,london,monday,11.1,3.0,15,3,3.0,0.0,1,1,LONG,0.6486,0.6033,0.0003,0.0,BAD,CONTINUATION
2024-01-15T15:35:00.000000000Z,1.09409,london,monday,11.6,2.5,13,3,2.5,0.0,1,1,LONG,0.7155,0.627,0.0003,0.0,BAD,CONTINUATION
2024-01-15T15:36:00.000000000Z,1.094,london,monday,12.5,1.6,9,,1.6,0.0,1,0,LONG,0.752,0.7022,0.0002,0.0,BAD,CONTINUATION
2024-01-15T15:37:00.000000000Z,1.09387,london,monday,13.8,0.3,7,,0.3,0.0,1,0,LONG,0.7464,0.8166,0.0,0.0,BAD,CONTINUATION
2024-01-15T15:38:00.000000000Z,1.09384,london,monday,14.1,0.0,4,,0.0,0.0,1,0,LONG,0.8369,0.7921,0.0,0.0,BAD,CONTINUATION
2024-01-15T15:39:00.000000000Z,1.09386,london,monday,13.9,0.0,5,,0.0,0.0,1,0,LONG,0.8777,0.7637,0.0,0.0,BAD,CONTINUATION
2024-01-15T15:40:00.000000000Z,1.09393,london,monday,13.2,0.0,5,,0.0,0.0,1,0,LONG,0.7955,0.7135,0.0,0.0,BAD,CONTINUATION
2024-01-15T15:41:00.000000000Z,1.09394,london,monday,13.1,0.0,4,,0.0,0.0,1,0,LONG,0.8779,0.6718,0.0,0.0,BAD,CONTINUATION
2024-01-15T15:42:00.000000000Z,1.0941,london,monday,11.5,1.1,7,,1.1,0.0,1,0,LONG,0.8609,0.6425,0.0001,0.0,BAD,CONTINUATION
2024-01-15T15:43:00.000000000Z,1.09399,london,monday,12.6,0.0,2,,0.0,0.0,1,0,LONG,0.8413,0.7326,0.0,0.0,BAD,CONTINUATION
2024-01-15T15:44:00.000000000Z,1.09414,london,monday,11.1,0.0,5,,0.0,0.0,1,0,LONG,0.7207,0.6607,0.0,0.0,BAD,CONTINUATION
2024-01-15T15:45:00.000000000Z,1.0943,london,monday,9.5,1.5,5,,1.5,0.0,1,0,LONG,0.5684,0.5864,0.0001,0.0,BAD,CONTINUATION
2024-01-15T15:46:00.000000000Z,1.09415,london,monday,11.0,0.0,3,,0.0,0.0,1,0,LONG,0.6636,0.7285,0.0,0.0,BAD,CONTINUATION
2024-01-15T15:47:00.000000000Z,1.09423,london,monday,10.2,0.0,3,,0.0,0.0,1,0,LONG,0.6667,0.6986,0.0,0.0,BAD,CONTINUATION
2024-01-15T15:48:00.000000000Z,1.09434,london,monday,9.1,0.0,2,,0.0,0.0,1,0,LONG,0.6154,0.6691,0.0,0.0,BAD,CONTINUATION
2024-01-15T15:49:00.000000000Z,1.09444,london,monday,8.1,0.0,2,,0.0,0.0,1,0,LONG,0.5556,0.6378,0.0,0.0,BAD,CONTINUATION
2024-01-15T15:50:00.000000000Z,1.09469,london,monday,5.6,0.0,5,,0.0,0.0,1,0,LONG,0.375,0.5437,0.0,0.0,BAD,CONTINUATION
2024-01-15T15:51:00.000000000Z,1.09472,london,monday,5.3,0.1,6,,0.0,0.0,1,0,LONG,0.4717,0.4953,0.0,0.0,BAD,CONTINUATION
2024-01-15T15:52:00.000000000Z,1.09472,london,monday,5.3,0.1,5,,0.0,0.0,1,0,LONG,0.3019,0.4569,0.0,0.0,BAD,CONTINUATION
2024-01-15T15:53:00.000000000Z,1.09486,london,monday,3.9,1.5,34,,1.2,0.0,1,0,LONG,0.0769,0.3786,0.0001,0.0,BAD,CONTINUATION
2024-01-15T15:54:00.000000000Z,1.09492,london,monday,3.3,2.1,33,,1.8,0.0,1,0,LONG,0.4242,0.3056,0.0002,0.0,BAD,CONTINUATION
2024-01-15T15:55:00.000000000Z,1.09494,london,monday,3.1,2.3,33,,2.0,0.0,1,0,LONG,0.1935,0.2672,0.0002,0.0,BAD,CONTINUATION
2024-01-15T15:56:00.000000000Z,1.0949,london,monday,3.5,1.9,31,,1.6,0.0,1,0,LONG,0.1714,0.2917,0.0002,0.0,BAD,CONTINUATION
2024-01-15T15:57:00.000000000Z,1.09502,london,monday,2.3,3.1,,22,0.0,0.7,0,1,SHORT,0.5484,0.2605,0.0001,0.0,BAD,CONTINUATION
2024-01-15T15:58:00.000000000Z,1.09508,london,monday,1.7,3.7,,15,0.0,0.1,0,1,SHORT,0.4324,0.3083,0.0,0.0,BAD,CONTINUATION
2024-01-15T15:59:00.000000000Z,1.09498,london,monday,2.7,2.7,30,58,2.4,2.7,1,1,LONG,0.5926,0.225,0.0002,0.0,BAD,CONTINUATION
2024-01-15T16:00:00.000000000Z,1.09509,other,monday,1.6,3.8,,13,0.0,0.0,0,1,SHORT,0.9211,0.3248,0.0,0.0,BAD,CONTINUATION
2024-01-15T16:01:00.000000000Z,1.09509,other,monday,1.6,3.8,,12,0.0,0.0,0,1,SHORT,0.9211,0.3248,0.0,0.0,BAD,CONTINUATION
2024-01-15T16:02:00.000000000Z,1.09505,other,monday,2.0,3.4,,11,0.0,0.0,0,1,SHORT,0.7059,0.2833,0.0,0.0,BAD,CONTINUATION
2024-01-15T16:03:00.000000000Z,1.09494,other,monday,3.1,2.3,25,,2.0,0.0,1,0,LONG,0.3226,0.2768,0.0002,0.0,BAD,CONTINUATION
2024-01-15T16:04:00.000000000Z,1.09484,other,monday,4.1,1.3,23,,1.0,0.0,1,0,LONG,0.2683,0.3628,0.0001,0.0,BAD,CONTINUATION
2024-01-15T16:05:00.000000000Z,1.09488,other,monday,3.7,1.7,22,,1.4,0.0,1,0,LONG,0.0541,0.3246,0.0001,0.0,BAD,CONTINUATION
2024-01-15T16:06:00.000000000Z,1.09491,other,monday,3.4,2.0,21,,1.7,0.0,1,0,LONG,0.0588,0.3036,0.0002,0.0,BAD,CONTINUATION
2024-01-15T16:07:00.000000000Z,1.0949,other,monday,3.5,1.9,20,,1.6,0.0,1,0,LONG,0.1143,0.3017,0.0002,0.0,BAD,CONTINUATION
2024-01-15T16:08:00.000000000Z,1.09489,other,monday,3.6,1.8,19,,1.5,0.0,1,0,LONG,0.8056,0.259,0.0001,0.0,BAD,CONTINUATION
2024-01-15T16:09:00.000000000Z,1.0949,other,monday,3.5,1.9,18,,1.6,0.0,1,0,LONG,0.8286,0.2518,0.0002,0.0,BAD,CONTINUATION
2024-01-15T16:10:00.000000000Z,1.09497,other,monday,2.8,2.6,19,47,2.3,2.8,1,1,LONG,1.0,0.2029,0.0002,0.0,BAD,CONTINUATION
2024-01-15T16:11:00.000000000Z,1.09488,other,monday,3.7,1.7,16,,1.4,0.0,1,0,LONG,0.8378,0.2741,0.0001,0.0,BAD,CONTINUATION
2024-01-15T16:12:00.000000000Z,1.09489,other,monday,3.6,1.8,15,,1.5,0.0,1,0,LONG,0.4722,0.2449,0.0001,0.0,BAD,CONTINUATION
2024-01-15T16:13:00.000000000Z,1.09478,other,monday,4.7,0.7,14,,0.4,0.0,1,0,LONG,0.2979,0.3133,0.0,0.0,BAD,CONTINUATION
2024-01-15T16:14:00.000000000Z,1.09488,other,monday,3.7,1.7,13,,1.4,0.0,1,0,LONG,0.2703,0.2534,0.0001,0.0,BAD,CONTINUATION
2024-01-15T16:15:00.000000000Z,1.09496,other,monday,2.9,2.5,14,,2.2,0.0,1,0,LONG,0.4138,0.1959,0.0002,0.0,BAD,CONTINUATION
2024-01-15T16:16:00.000000000Z,1.09485,other,monday,4.0,1.4,11,,1.1,0.0,1,0,LONG,0.175,0.2614,0.0001,0.0,BAD,CONTINUATION
2024-01-15T16:17:00.000000000Z,1.09492,other,monday,3.3,2.1,10,,1.8,0.0,1,0,LONG,0.1212,0.22,0.0002,0.0,BAD,CONTINUATION
2024-01-15T16:18:00.000000000Z,1.09482,other,monday,4.3,1.1,9,,0.8,0.0,1,0,LONG,0.3256,0.3071,0.0001,0.0,BAD,CONTINUATION
2024-01-15T16:19:00.000000000Z,1.09474,other,monday,5.1,0.3,8,,0.0,0.0,1,0,LONG,0.4706,0.3806,0.0,0.0,BAD,CONTINUATION
2024-01-15T16:20:00.000000000Z,1.09474,other,monday,5.1,0.3,7,,0.0,0.0,1,0,LONG,0.3529,0.3643,0.0,0.0,BAD,CONTINUATION
2024-01-15T16:21:00.000000000Z,1.09481,other,monday,4.4,1.0,6,,0.0,0.0,1,0,LONG,0.1591,0.3212,0.0,0.0,BAD,CONTINUATION
2024-01-15T16:22:00.000000000Z,1.09484,other,monday,4.1,1.3,5,,0.0,0.0,1,0,LONG,0.0976,0.306,0.0,0.0,BAD,CONTINUATION
2024-01-15T16:23:00.000000000Z,1.09495,other,monday,3.0,2.4,6,,0.6,0.0,1,0,LONG,0.4,0.2344,0.0001,0.0,BAD,CONTINUATION
2024-01-15T16:24:00.000000000Z,1.0949,other,monday,3.5,1.9,3,,0.1,0.0,1,0,LONG,0.4286,0.2672,0.0,0.0,BAD,CONTINUATION
2024-01-15T16:25:00.000000000Z,1.09489,other,monday,3.6,1.8,2,,0.0,0.0,1,0,LONG,0.3611,0.2748,0.0,0.0,BAD,CONTINUATION
2024-01-15T16:26:00.000000000Z,1.09494,other,monday,3.1,2.3,2,,0.0,0.0,1,0,LONG,0.5161,0.2422,0.0,0.0,BAD,CONTINUATION
2024-01-15T16:27:00.000000000Z,1.09518,other,monday,0.7,4.7,,5,0.0,0.7,0,1,SHORT,0.5745,0.4017,0.0001,0.0,BAD,CONTINUATION
2024-01-15T16:28:00.000000000Z,1.09519,other,monday,0.6,4.8,,4,0.0,0.6,0,1,SHORT,0.5833,0.4138,0.0001,0.0,BAD,CONTINUATION
2024-01-15T16:29:00.000000000Z,1.09525,other,monday,0.0,5.4,,3,0.0,0.0,0,1,SHORT,0.4259,0.4463,0.0,0.0,BAD,CONTINUATION
2024-01-15T16:30:00.000000000Z,1.09519,other,monday,0.0,4.8,,2,0.0,0.0,0,1,SHORT,0.4375,0.4034,0.0,0.0,BAD,CONTINUATION
2024-01-15T16:31:00.000000000Z,1.09506,other,monday,0.2,3.5,,12,0.0,0.2,0,1,SHORT,0.4286,0.3097,0.0,0.0,BAD,CONTINUATION
2024-01-15T16:33:00.000000000Z,1.09498,other,monday,1.0,2.7,,24,0.0,1.0,0,1,SHORT,0.2593,0.2842,0.0001,0.0,BAD,CONTINUATION
2024-01-15T16:34:00.000000000Z,1.09508,other,monday,0.0,3.7,,8,0.0,0.0,0,1,SHORT,0.6757,0.3978,0.0,0.0,BAD,CONTINUATION
2024-01-15T16:38:00.000000000Z,1.09498,other,monday,0.4,2.7,,19,0.0,0.4,0,1,SHORT,1.0,0.3103,0.0,0.0,BAD,CONTINUATION
2024-01-15T16:43:00.000000000Z,1.09475,other,monday,2.7,0.4,5,,0.0,0.0,1,0,LONG,0.037,0.403,0.0,0.0,BAD,CONTINUATION
2024-01-15T16:44:00.000000000Z,1.09476,other,monday,2.6,0.5,4,,0.0,0.0,1,0,LONG,0.0769,0.3939,0.0,0.0,BAD,CONTINUATION
2024-01-15T16:48:00.000000000Z,1.09502,other,monday,0.0,3.1,,7,0.0,0.0,0,1,SHORT,0.9032,0.775,0.0,0.0,BAD,CONTINUATION
2024-01-15T16:49:00.000000000Z,1.09498,other,monday,0.0,2.7,,8,0.0,0.0,0,1,SHORT,0.8889,0.75,0.0,0.0,BAD,CONTINUATION
