instrument,ts,bid,ask,mid
EUR_USD,1769769060.0,1.19154,1.19168,1.19161
EUR_USD,1769769065.0,1.19153,1.19168,1.19161
EUR_USD,1769769070.0,1.19152,1.19166,1.19159
EUR_USD,1769769075.0,1.19146,1.19163,1.19155
EUR_USD,1769769080.0,1.19148,1.19164,1.19156
EUR_USD,1769769085.0,1.19141,1.19158,1.19150
EUR_USD,1769769090.0,1.19144,1.19161,1.19152
EUR_USD,1769769095.0,1.19147,1.19165,1.19156
EUR_USD,1769769100.0,1.19147,1.19165,1.19156
EUR_USD,1769769105.0,1.19141,1.19158,1.19150
EUR_USD,1769769110.0,1.19143,1.19160,1.19151
EUR_USD,1769769115.0,1.19147,1.19164,1.19156
EUR_USD,1769769120.0,1.19151,1.19168,1.19159
EUR_USD,1769769125.0,1.19153,1.19169,1.19161
EUR_USD,1769769130.0,1.19152,1.19169,1.19161
EUR_USD,1769769135.0,1.19153,1.19168,1.19161
EUR_USD,1769769140.0,1.19148,1.19164,1.19156
EUR_USD,1769769145.0,1.19148,1.19164,1.19156
EUR_USD,1769769150.0,1.19148,1.19164,1.19156
EUR_USD,1769769155.0,1.19146,1.19162,1.19154
EUR_USD,1769769160.0,1.19144,1.19160,1.19152
EUR_USD,1769769165.0,1.19152,1.19168,1.19160
EUR_USD,1769769170.0,1.19151,1.19168,1.19159
EUR_USD,1769769175.0,1.19149,1.19165,1.19157
EUR_USD,1769769180.0,1.19149,1.19165,1.19157
EUR_USD,1769769185.0,1.19146,1.19162,1.19154
EUR_USD,1769769190.0,1.19155,1.19171,1.19163
EUR_USD,1769769195.0,1.19153,1.19169,1.19161
EUR_USD,1769769200.0,1.19157,1.19172,1.19164
EUR_USD,1769769205.0,1.19155,1.19170,1.19163
EUR_USD,1769769210.0,1.19155,1.19171,1.19163
EUR_USD,1769769215.0,1.19150,1.19166,1.19158
EUR_USD,1769769220.0,1.19147,1.19163,1.19155
EUR_USD,1769769225.0,1.19147,1.19163,1.19155
EUR_USD,1769769230.0,1.19147,1.19163,1.19155
EUR_USD,1769769235.0,1.19147,1.19163,1.19155
EUR_USD,1769769240.0,1.19147,1.19164,1.19156
EUR_USD,1769769245.0,1.19148,1.19165,1.19157
EUR_USD,1769769250.0,1.19148,1.19165,1.19157
EUR_USD,1769769255.0,1.19144,1.19162,1.19153
EUR_USD,1769769260.0,1.19143,1.19160,1.19151
EUR_USD,1769769265.0,1.19146,1.19164,1.19155
EUR_USD,1769769270.0,1.19147,1.19163,1.19155
EUR_USD,1769769275.0,1.19143,1.19159,1.19151
EUR_USD,1769769280.0,1.19146,1.19163,1.19155
EUR_USD,1769769285.0,1.19147,1.19163,1.19155
EUR_USD,1769769290.0,1.19152,1.19169,1.19161
EUR_USD,1769769295.0,1.19157,1.19174,1.19165
EUR_USD,1769769300.0,1.19158,1.19174,1.19166
EUR_USD,1769769305.0,1.19158,1.19174,1.19166
EUR_USD,1769769310.0,1.19158,1.19174,1.19166
EUR_USD,1769769315.0,1.19163,1.19179,1.19171
EUR_USD,1769769320.0,1.19171,1.19186,1.19178
EUR_USD,1769769325.0,1.19156,1.19174,1.19165
EUR_USD,1769769330.0,1.19155,1.19173,1.19164
EUR_USD,1769769335.0,1.19156,1.19174,1.19165
EUR_USD,1769769340.0,1.19157,1.19175,1.19166
EUR_USD,1769769345.0,1.19156,1.19174,1.19165
EUR_USD,1769769350.0,1.19158,1.19174,1.19166
EUR_USD,1769769355.0,1.19159,1.19178,1.19169
EUR_USD,1769769360.0,1.19146,1.19165,1.19156
EUR_USD,1769769365.0,1.19143,1.19161,1.19152
EUR_USD,1769769370.0,1.19147,1.19163,1.19155
EUR_USD,1769769375.0,1.19153,1.19169,1.19161
EUR_USD,1769769380.0,1.19155,1.19171,1.19163
EUR_USD,1769769385.0,1.19152,1.19169,1.19161
EUR_USD,1769769390.0,1.19144,1.19160,1.19152
EUR_USD,1769769395.0,1.19144,1.19161,1.19152
EUR_USD,1769769400.0,1.19146,1.19162,1.19154
EUR_USD,1769769405.0,1.19146,1.19163,1.19155
EUR_USD,1769769410.0,1.19146,1.19162,1.19154
EUR_USD,1769769415.0,1.19157,1.19174,1.19165
EUR_USD,1769769420.0,1.19161,1.19179,1.19170
EUR_USD,1769769425.0,1.19159,1.19176,1.19168
EUR_USD,1769769430.0,1.19154,1.19170,1.19162
EUR_USD,1769769435.0,1.19154,1.19171,1.19163
EUR_USD,1769769440.0,1.19153,1.19169,1.19161
EUR_USD,1769769445.0,1.19155,1.19171,1.19163
EUR_USD,1769769450.0,1.19152,1.19170,1.19161
EUR_USD,1769769455.0,1.19157,1.19174,1.19165
EUR_USD,1769769460.0,1.19157,1.19174,1.19165
EUR_USD,1769769465.0,1.19167,1.19183,1.19175
EUR_USD,1769769470.0,1.19161,1.19179,1.19170
EUR_USD,1769769475.0,1.19162,1.19180,1.19171
EUR_USD,1769769480.0,1.19162,1.19179,1.19170
EUR_USD,1769769485.0,1.19157,1.19174,1.19165
EUR_USD,1769769490.0,1.19154,1.19172,1.19163
EUR_USD,1769769495.0,1.19153,1.19171,1.19162
EUR_USD,1769769500.0,1.19152,1.19170,1.19161
EUR_USD,1769769505.0,1.19153,1.19171,1.19162
EUR_USD,1769769510.0,1.19152,1.19170,1.19161
EUR_USD,1769769515.0,1.19162,1.19179,1.19170
EUR_USD,1769769520.0,1.19158,1.19175,1.19166
EUR_USD,1769769525.0,1.19156,1.19174,1.19165
EUR_USD,1769769530.0,1.19155,1.19170,1.19163
EUR_USD,1769769535.0,1.19159,1.19174,1.19166
EUR_USD,1769769540.0,1.19156,1.19171,1.19163
EUR_USD,1769769545.0,1.19156,1.19171,1.19163
EUR_USD,1769769550.0,1.19158,1.19173,1.19165
EUR_USD,1769769555.0,1.19159,1.19174,1.19166
EUR_USD,1769769560.0,1.19154,1.19170,1.19162
EUR_USD,1769769565.0,1.19155,1.19170,1.19163
EUR_USD,1769769570.0,1.19158,1.19175,1.19166
EUR_USD,1769769575.0,1.19158,1.19175,1.19166
EUR_USD,1769769580.0,1.19163,1.19180,1.19171
EUR_USD,1769769585.0,1.19173,1.19188,1.19181
EUR_USD,1769769590.0,1.19173,1.19190,1.19182
EUR_USD,1769769595.0,1.19173,1.19190,1.19182
EUR_USD,1769769600.0,1.19178,1.19194,1.19186
EUR_USD,1769769605.0,1.19179,1.19194,1.19186
EUR_USD,1769769610.0,1.19179,1.19194,1.19186
EUR_USD,1769769615.0,1.19178,1.19194,1.19186
EUR_USD,1769769620.0,1.19178,1.19194,1.19186
EUR_USD,1769769625.0,1.19179,1.19194,1.19186
EUR_USD,1769769630.0,1.19173,1.19190,1.19182
EUR_USD,1769769635.0,1.19168,1.19184,1.19176
EUR_USD,1769769640.0,1.19165,1.19181,1.19173
EUR_USD,1769769645.0,1.19164,1.19180,1.19172
EUR_USD,1769769650.0,1.19167,1.19183,1.19175
EUR_USD,1769769655.0,1.19167,1.19183,1.19175
EUR_USD,1769769660.0,1.19172,1.19189,1.19181
EUR_USD,1769769665.0,1.19172,1.19188,1.19180
EUR_USD,1769769670.0,1.19170,1.19187,1.19178
EUR_USD,1769769675.0,1.19173,1.19189,1.19181
EUR_USD,1769769680.0,1.19170,1.19187,1.19178
EUR_USD,1769769685.0,1.19168,1.19185,1.19177
EUR_USD,1769769690.0,1.19169,1.19184,1.19176
EUR_USD,1769769695.0,1.19177,1.19194,1.19185
EUR_USD,1769769700.0,1.19177,1.19194,1.19185
EUR_USD,1769769705.0,1.19177,1.19193,1.19185
EUR_USD,1769769710.0,1.19174,1.19191,1.19183
EUR_USD,1769769715.0,1.19176,1.19193,1.19184
EUR_USD,1769769720.0,1.19179,1.19195,1.19187
EUR_USD,1769769725.0,1.19174,1.19190,1.19182
EUR_USD,1769769730.0,1.19174,1.19189,1.19182
EUR_USD,1769769735.0,1.19173,1.19189,1.19181
EUR_USD,1769769740.0,1.19174,1.19190,1.19182
EUR_USD,1769769745.0,1.19173,1.19189,1.19181
EUR_USD,1769769750.0,1.19179,1.19194,1.19186
EUR_USD,1769769755.0,1.19180,1.19194,1.19187
EUR_USD,1769769760.0,1.19180,1.19194,1.19187
EUR_USD,1769769765.0,1.19182,1.19197,1.19190
EUR_USD,1769769770.0,1.19184,1.19198,1.19191
EUR_USD,1769769775.0,1.19184,1.19200,1.19192
EUR_USD,1769769780.0,1.19183,1.19200,1.19191
EUR_USD,1769769785.0,1.19183,1.19200,1.19191
EUR_USD,1769769790.0,1.19183,1.19200,1.19191
EUR_USD,1769769795.0,1.19183,1.19201,1.19192
EUR_USD,1769769800.0,1.19188,1.19205,1.19197
EUR_USD,1769769805.0,1.19188,1.19205,1.19197
EUR_USD,1769769810.0,1.19189,1.19204,1.19196
EUR_USD,1769769815.0,1.19184,1.19199,1.19192
EUR_USD,1769769820.0,1.19186,1.19201,1.19193
EUR_USD,1769769825.0,1.19184,1.19200,1.19192
EUR_USD,1769769830.0,1.19188,1.19204,1.19196
EUR_USD,1769769835.0,1.19184,1.19200,1.19192
EUR_USD,1769769840.0,1.19188,1.19204,1.19196
EUR_USD,1769769845.0,1.19186,1.19202,1.19194
EUR_USD,1769769850.0,1.19188,1.19203,1.19196
EUR_USD,1769769855.0,1.19187,1.19201,1.19194
EUR_USD,1769769860.0,1.19187,1.19201,1.19194
EUR_USD,1769769865.0,1.19173,1.19189,1.19181
EUR_USD,1769769870.0,1.19170,1.19185,1.19178
EUR_USD,1769769875.0,1.19170,1.19186,1.19178
EUR_USD,1769769880.0,1.19157,1.19173,1.19165
EUR_USD,1769769885.0,1.19158,1.19173,1.19165
EUR_USD,1769769890.0,1.19157,1.19171,1.19164
EUR_USD,1769769895.0,1.19158,1.19174,1.19166
EUR_USD,1769769900.0,1.19158,1.19175,1.19166
EUR_USD,1769769905.0,1.19160,1.19176,1.19168
EUR_USD,1769769910.0,1.19176,1.19190,1.19183
EUR_USD,1769769915.0,1.19183,1.19200,1.19191
EUR_USD,1769769920.0,1.19186,1.19202,1.19194
EUR_USD,1769769925.0,1.19179,1.19196,1.19188
EUR_USD,1769769930.0,1.19181,1.19197,1.19189
EUR_USD,1769769935.0,1.19184,1.19200,1.19192
EUR_USD,1769769940.0,1.19189,1.19206,1.19197
EUR_USD,1769769945.0,1.19191,1.19207,1.19199
EUR_USD,1769769950.0,1.19188,1.19203,1.19196
EUR_USD,1769769955.0,1.19193,1.19211,1.19202
EUR_USD,1769769960.0,1.19194,1.19210,1.19202
EUR_USD,1769769965.0,1.19194,1.19210,1.19202
EUR_USD,1769769970.0,1.19188,1.19203,1.19196
EUR_USD,1769769975.0,1.19194,1.19209,1.19202
EUR_USD,1769769980.0,1.19212,1.19229,1.19220
EUR_USD,1769769985.0,1.19218,1.19234,1.19226
EUR_USD,1769769990.0,1.19228,1.19245,1.19237
EUR_USD,1769769995.0,1.19228,1.19244,1.19236
EUR_USD,1769770000.0,1.19228,1.19243,1.19236
EUR_USD,1769770005.0,1.19214,1.19228,1.19221
EUR_USD,1769770010.0,1.19217,1.19234,1.19225
EUR_USD,1769770015.0,1.19218,1.19234,1.19226
EUR_USD,1769770020.0,1.19220,1.19236,1.19228
EUR_USD,1769770025.0,1.19229,1.19245,1.19237
EUR_USD,1769770030.0,1.19230,1.19245,1.19237
EUR_USD,1769770035.0,1.19235,1.19253,1.19244
EUR_USD,1769770040.0,1.19237,1.19254,1.19245
EUR_USD,1769770045.0,1.19236,1.19253,1.19245
EUR_USD,1769770050.0,1.19239,1.19255,1.19247
EUR_USD,1769770055.0,1.19244,1.19260,1.19252
EUR_USD,1769770060.0,1.19245,1.19260,1.19253
EUR_USD,1769770065.0,1.19239,1.19254,1.19246
EUR_USD,1769770070.0,1.19229,1.19244,1.19237
EUR_USD,1769770075.0,1.19228,1.19245,1.19237
EUR_USD,1769770080.0,1.19225,1.19241,1.19233
EUR_USD,1769770085.0,1.19225,1.19242,1.19233
EUR_USD,1769770090.0,1.19225,1.19241,1.19233
EUR_USD,1769770095.0,1.19218,1.19235,1.19226
EUR_USD,1769770100.0,1.19214,1.19231,1.19223
EUR_USD,1769770105.0,1.19213,1.19230,1.19222
EUR_USD,1769770110.0,1.19211,1.19227,1.19219
EUR_USD,1769770115.0,1.19214,1.19229,1.19222
EUR_USD,1769770120.0,1.19213,1.19230,1.19222
EUR_USD,1769770125.0,1.19217,1.19232,1.19224
EUR_USD,1769770130.0,1.19218,1.19234,1.19226
EUR_USD,1769770135.0,1.19220,1.19236,1.19228
EUR_USD,1769770140.0,1.19211,1.19228,1.19219
EUR_USD,1769770145.0,1.19197,1.19215,1.19206
EUR_USD,1769770150.0,1.19198,1.19214,1.19206
EUR_USD,1769770155.0,1.19202,1.19218,1.19210
EUR_USD,1769770160.0,1.19200,1.19215,1.19207
EUR_USD,1769770165.0,1.19214,1.19229,1.19222
EUR_USD,1769770170.0,1.19214,1.19231,1.19223
EUR_USD,1769770175.0,1.19215,1.19233,1.19224
EUR_USD,1769770180.0,1.19223,1.19241,1.19232
EUR_USD,1769770185.0,1.19224,1.19240,1.19232
EUR_USD,1769770190.0,1.19224,1.19241,1.19232
EUR_USD,1769770195.0,1.19223,1.19240,1.19231
EUR_USD,1769770200.0,1.19223,1.19240,1.19231
EUR_USD,1769770205.0,1.19224,1.19242,1.19233
EUR_USD,1769770210.0,1.19224,1.19241,1.19232
EUR_USD,1769770215.0,1.19225,1.19241,1.19233
EUR_USD,1769770220.0,1.19224,1.19241,1.19232
EUR_USD,1769770225.0,1.19225,1.19242,1.19233
EUR_USD,1769770230.0,1.19225,1.19241,1.19233
EUR_USD,1769770235.0,1.19225,1.19241,1.19233
EUR_USD,1769770240.0,1.19224,1.19242,1.19233
EUR_USD,1769770245.0,1.19234,1.19252,1.19243
EUR_USD,1769770250.0,1.19234,1.19252,1.19243
EUR_USD,1769770255.0,1.19238,1.19257,1.19247
EUR_USD,1769770260.0,1.19228,1.19245,1.19237
EUR_USD,1769770265.0,1.19229,1.19246,1.19238
EUR_USD,1769770270.0,1.19225,1.19242,1.19233
EUR_USD,1769770275.0,1.19229,1.19246,1.19238
EUR_USD,1769770280.0,1.19225,1.19241,1.19233
EUR_USD,1769770285.0,1.19225,1.19241,1.19233
EUR_USD,1769770290.0,1.19228,1.19246,1.19237
EUR_USD,1769770295.0,1.19229,1.19246,1.19238
EUR_USD,1769770300.0,1.19229,1.19245,1.19237
EUR_USD,1769770305.0,1.19227,1.19243,1.19235
EUR_USD,1769770310.0,1.19227,1.19245,1.19236
EUR_USD,1769770315.0,1.19229,1.19246,1.19238
EUR_USD,1769770320.0,1.19224,1.19241,1.19232
EUR_USD,1769770325.0,1.19229,1.19245,1.19237
EUR_USD,1769770330.0,1.19227,1.19246,1.19237
EUR_USD,1769770335.0,1.19226,1.19242,1.19234
EUR_USD,1769770340.0,1.19224,1.19240,1.19232
EUR_USD,1769770345.0,1.19224,1.19241,1.19232
EUR_USD,1769770350.0,1.19224,1.19241,1.19232
EUR_USD,1769770355.0,1.19229,1.19246,1.19238
EUR_USD,1769770360.0,1.19228,1.19244,1.19236
EUR_USD,1769770365.0,1.19228,1.19245,1.19237
EUR_USD,1769770370.0,1.19223,1.19239,1.19231
EUR_USD,1769770375.0,1.19222,1.19239,1.19231
EUR_USD,1769770380.0,1.19229,1.19247,1.19238
EUR_USD,1769770385.0,1.19223,1.19241,1.19232
EUR_USD,1769770390.0,1.19224,1.19241,1.19232
EUR_USD,1769770395.0,1.19223,1.19240,1.19231
EUR_USD,1769770400.0,1.19223,1.19240,1.19231
EUR_USD,1769770405.0,1.19222,1.19240,1.19231
EUR_USD,1769770410.0,1.19220,1.19237,1.19229
EUR_USD,1769770415.0,1.19224,1.19242,1.19233
EUR_USD,1769770420.0,1.19229,1.19246,1.19238
EUR_USD,1769770425.0,1.19229,1.19246,1.19238
EUR_USD,1769770430.0,1.19229,1.19246,1.19238
EUR_USD,1769770435.0,1.19224,1.19240,1.19232
EUR_USD,1769770440.0,1.19214,1.19231,1.19223
EUR_USD,1769770445.0,1.19215,1.19232,1.19224
EUR_USD,1769770450.0,1.19215,1.19232,1.19224
EUR_USD,1769770455.0,1.19215,1.19232,1.19224
EUR_USD,1769770460.0,1.19216,1.19232,1.19224
EUR_USD,1769770465.0,1.19208,1.19225,1.19217
EUR_USD,1769770470.0,1.19208,1.19224,1.19216
EUR_USD,1769770475.0,1.19200,1.19217,1.19209
EUR_USD,1769770480.0,1.19200,1.19217,1.19209
EUR_USD,1769770485.0,1.19200,1.19217,1.19209
EUR_USD,1769770490.0,1.19208,1.19224,1.19216
EUR_USD,1769770495.0,1.19213,1.19230,1.19222
EUR_USD,1769770500.0,1.19214,1.19230,1.19222
EUR_USD,1769770505.0,1.19214,1.19230,1.19222
EUR_USD,1769770510.0,1.19206,1.19221,1.19213
EUR_USD,1769770515.0,1.19191,1.19206,1.19198
EUR_USD,1769770520.0,1.19189,1.19204,1.19196
EUR_USD,1769770525.0,1.19192,1.19208,1.19200
EUR_USD,1769770530.0,1.19193,1.19208,1.19200
EUR_USD,1769770535.0,1.19194,1.19210,1.19202
EUR_USD,1769770540.0,1.19195,1.19210,1.19203
EUR_USD,1769770545.0,1.19193,1.19208,1.19200
EUR_USD,1769770550.0,1.19200,1.19214,1.19207
EUR_USD,1769770555.0,1.19194,1.19209,1.19202
EUR_USD,1769770560.0,1.19199,1.19214,1.19206
EUR_USD,1769770565.0,1.19200,1.19216,1.19208
EUR_USD,1769770570.0,1.19199,1.19215,1.19207
EUR_USD,1769770575.0,1.19200,1.19214,1.19207
EUR_USD,1769770580.0,1.19201,1.19215,1.19208
EUR_USD,1769770585.0,1.19203,1.19218,1.19210
EUR_USD,1769770590.0,1.19200,1.19217,1.19209
EUR_USD,1769770595.0,1.19207,1.19223,1.19215
EUR_USD,1769770600.0,1.19207,1.19223,1.19215
EUR_USD,1769770605.0,1.19207,1.19223,1.19215
EUR_USD,1769770610.0,1.19211,1.19226,1.19219
EUR_USD,1769770615.0,1.19214,1.19229,1.19222
EUR_USD,1769770620.0,1.19215,1.19230,1.19223
EUR_USD,1769770625.0,1.19214,1.19231,1.19223
EUR_USD,1769770630.0,1.19218,1.19234,1.19226
EUR_USD,1769770635.0,1.19217,1.19232,1.19224
EUR_USD,1769770640.0,1.19204,1.19220,1.19212
EUR_USD,1769770645.0,1.19204,1.19220,1.19212
EUR_USD,1769770650.0,1.19202,1.19218,1.19210
EUR_USD,1769770655.0,1.19204,1.19220,1.19212
EUR_USD,1769770660.0,1.19204,1.19220,1.19212
EUR_USD,1769770665.0,1.19204,1.19220,1.19212
EUR_USD,1769770670.0,1.19204,1.19220,1.19212
EUR_USD,1769770675.0,1.19201,1.19218,1.19210
EUR_USD,1769770680.0,1.19200,1.19216,1.19208
EUR_USD,1769770685.0,1.19186,1.19203,1.19195
EUR_USD,1769770690.0,1.19187,1.19205,1.19196
EUR_USD,1769770695.0,1.19184,1.19200,1.19192
EUR_USD,1769770700.0,1.19184,1.19199,1.19192
EUR_USD,1769770705.0,1.19180,1.19196,1.19188
EUR_USD,1769770710.0,1.19179,1.19195,1.19187
EUR_USD,1769770715.0,1.19182,1.19197,1.19190
EUR_USD,1769770720.0,1.19188,1.19202,1.19195
EUR_USD,1769770725.0,1.19188,1.19202,1.19195
EUR_USD,1769770730.0,1.19189,1.19203,1.19196
EUR_USD,1769770735.0,1.19194,1.19209,1.19202
EUR_USD,1769770740.0,1.19195,1.19209,1.19202
EUR_USD,1769770745.0,1.19195,1.19210,1.19203
EUR_USD,1769770750.0,1.19200,1.19214,1.19207
EUR_USD,1769770755.0,1.19201,1.19217,1.19209
EUR_USD,1769770760.0,1.19199,1.19214,1.19206
EUR_USD,1769770765.0,1.19201,1.19217,1.19209
EUR_USD,1769770770.0,1.19200,1.19215,1.19207
EUR_USD,1769770775.0,1.19194,1.19210,1.19202
EUR_USD,1769770780.0,1.19197,1.19213,1.19205
EUR_USD,1769770785.0,1.19197,1.19212,1.19205
EUR_USD,1769770790.0,1.19197,1.19212,1.19205
EUR_USD,1769770795.0,1.19206,1.19220,1.19213
EUR_USD,1769770800.0,1.19208,1.19224,1.19216
EUR_USD,1769770805.0,1.19204,1.19220,1.19212
EUR_USD,1769770810.0,1.19208,1.19225,1.19217
EUR_USD,1769770815.0,1.19207,1.19225,1.19216
EUR_USD,1769770820.0,1.19204,1.19220,1.19212
EUR_USD,1769770825.0,1.19200,1.19217,1.19209
EUR_USD,1769770830.0,1.19212,1.19229,1.19220
EUR_USD,1769770835.0,1.19214,1.19230,1.19222
EUR_USD,1769770840.0,1.19208,1.19225,1.19217
EUR_USD,1769770845.0,1.19209,1.19226,1.19218
EUR_USD,1769770850.0,1.19208,1.19226,1.19217
EUR_USD,1769770855.0,1.19207,1.19224,1.19216
EUR_USD,1769770860.0,1.19208,1.19224,1.19216
EUR_USD,1769770865.0,1.19213,1.19230,1.19222
EUR_USD,1769770870.0,1.19217,1.19233,1.19225
EUR_USD,1769770875.0,1.19215,1.19232,1.19224
EUR_USD,1769770880.0,1.19214,1.19230,1.19222
EUR_USD,1769770885.0,1.19208,1.19225,1.19217
EUR_USD,1769770890.0,1.19209,1.19225,1.19217
EUR_USD,1769770895.0,1.19209,1.19226,1.19218
EUR_USD,1769770900.0,1.19214,1.19231,1.19223
EUR_USD,1769770905.0,1.19208,1.19225,1.19217
EUR_USD,1769770910.0,1.19201,1.19221,1.19211
EUR_USD,1769770915.0,1.19201,1.19219,1.19210
EUR_USD,1769770920.0,1.19207,1.19224,1.19216
EUR_USD,1769770925.0,1.19210,1.19228,1.19219
EUR_USD,1769770930.0,1.19217,1.19234,1.19225
EUR_USD,1769770935.0,1.19217,1.19234,1.19225
EUR_USD,1769770940.0,1.19217,1.19235,1.19226
EUR_USD,1769770945.0,1.19213,1.19230,1.19222
EUR_USD,1769770950.0,1.19213,1.19228,1.19220
EUR_USD,1769770955.0,1.19214,1.19230,1.19222
EUR_USD,1769770960.0,1.19216,1.19234,1.19225
EUR_USD,1769770965.0,1.19219,1.19236,1.19227
EUR_USD,1769770970.0,1.19223,1.19239,1.19231
EUR_USD,1769770975.0,1.19218,1.19235,1.19226
EUR_USD,1769770980.0,1.19218,1.19235,1.19226
EUR_USD,1769770985.0,1.19218,1.19235,1.19226
EUR_USD,1769770990.0,1.19218,1.19234,1.19226
EUR_USD,1769770995.0,1.19218,1.19235,1.19226
EUR_USD,1769771000.0,1.19217,1.19234,1.19225
EUR_USD,1769771005.0,1.19218,1.19234,1.19226
EUR_USD,1769771010.0,1.19213,1.19229,1.19221
EUR_USD,1769771015.0,1.19214,1.19229,1.19222
EUR_USD,1769771020.0,1.19216,1.19232,1.19224
EUR_USD,1769771025.0,1.19220,1.19237,1.19229
EUR_USD,1769771030.0,1.19219,1.19234,1.19226
EUR_USD,1769771035.0,1.19218,1.19234,1.19226
EUR_USD,1769771040.0,1.19218,1.19234,1.19226
EUR_USD,1769771045.0,1.19218,1.19234,1.19226
EUR_USD,1769771050.0,1.19217,1.19233,1.19225
EUR_USD,1769771055.0,1.19213,1.19227,1.19220
EUR_USD,1769771060.0,1.19220,1.19235,1.19227
EUR_USD,1769771065.0,1.19220,1.19234,1.19227
EUR_USD,1769771070.0,1.19215,1.19230,1.19223
EUR_USD,1769771075.0,1.19215,1.19229,1.19222
EUR_USD,1769771080.0,1.19218,1.19234,1.19226
EUR_USD,1769771085.0,1.19218,1.19233,1.19225
EUR_USD,1769771090.0,1.19216,1.19233,1.19224
EUR_USD,1769771095.0,1.19216,1.19233,1.19224
EUR_USD,1769771100.0,1.19215,1.19231,1.19223
EUR_USD,1769771105.0,1.19214,1.19229,1.19222
EUR_USD,1769771110.0,1.19218,1.19234,1.19226
EUR_USD,1769771115.0,1.19217,1.19233,1.19225
EUR_USD,1769771120.0,1.19219,1.19236,1.19227
EUR_USD,1769771125.0,1.19237,1.19254,1.19245
EUR_USD,1769771130.0,1.19236,1.19253,1.19245
EUR_USD,1769771135.0,1.19238,1.19255,1.19246
EUR_USD,1769771140.0,1.19240,1.19255,1.19247
EUR_USD,1769771145.0,1.19239,1.19255,1.19247
EUR_USD,1769771150.0,1.19247,1.19265,1.19256
EUR_USD,1769771155.0,1.19241,1.19259,1.19250
EUR_USD,1769771160.0,1.19238,1.19257,1.19247
EUR_USD,1769771165.0,1.19238,1.19256,1.19247
EUR_USD,1769771170.0,1.19255,1.19271,1.19263
EUR_USD,1769771175.0,1.19268,1.19284,1.19276
EUR_USD,1769771180.0,1.19259,1.19276,1.19267
EUR_USD,1769771185.0,1.19264,1.19281,1.19272
EUR_USD,1769771190.0,1.19268,1.19285,1.19277
EUR_USD,1769771195.0,1.19269,1.19283,1.19276
EUR_USD,1769771200.0,1.19273,1.19288,1.19280
EUR_USD,1769771205.0,1.19269,1.19284,1.19277
EUR_USD,1769771210.0,1.19271,1.19287,1.19279
EUR_USD,1769771215.0,1.19269,1.19284,1.19277
EUR_USD,1769771220.0,1.19269,1.19284,1.19277
EUR_USD,1769771225.0,1.19267,1.19282,1.19274
EUR_USD,1769771230.0,1.19265,1.19279,1.19272
EUR_USD,1769771235.0,1.19264,1.19278,1.19271
EUR_USD,1769771240.0,1.19265,1.19279,1.19272
EUR_USD,1769771245.0,1.19263,1.19278,1.19271
EUR_USD,1769771250.0,1.19263,1.19278,1.19271
EUR_USD,1769771255.0,1.19270,1.19286,1.19278
EUR_USD,1769771260.0,1.19269,1.19283,1.19276
EUR_USD,1769771265.0,1.19278,1.19292,1.19285
EUR_USD,1769771270.0,1.19279,1.19293,1.19286
EUR_USD,1769771275.0,1.19278,1.19294,1.19286
EUR_USD,1769771280.0,1.19276,1.19294,1.19285
EUR_USD,1769771285.0,1.19282,1.19299,1.19291
EUR_USD,1769771290.0,1.19279,1.19295,1.19287
EUR_USD,1769771295.0,1.19279,1.19295,1.19287
EUR_USD,1769771300.0,1.19279,1.19294,1.19286
EUR_USD,1769771305.0,1.19285,1.19301,1.19293
EUR_USD,1769771310.0,1.19289,1.19305,1.19297
EUR_USD,1769771315.0,1.19285,1.19301,1.19293
EUR_USD,1769771320.0,1.19288,1.19304,1.19296
EUR_USD,1769771325.0,1.19290,1.19306,1.19298
EUR_USD,1769771330.0,1.19294,1.19310,1.19302
EUR_USD,1769771335.0,1.19294,1.19310,1.19302
EUR_USD,1769771340.0,1.19293,1.19308,1.19300
EUR_USD,1769771345.0,1.19291,1.19306,1.19298
EUR_USD,1769771350.0,1.19298,1.19313,1.19305
EUR_USD,1769771355.0,1.19298,1.19314,1.19306
EUR_USD,1769771360.0,1.19298,1.19313,1.19305
EUR_USD,1769771365.0,1.19292,1.19307,1.19300
EUR_USD,1769771370.0,1.19294,1.19309,1.19301
EUR_USD,1769771375.0,1.19293,1.19309,1.19301
EUR_USD,1769771380.0,1.19292,1.19308,1.19300
EUR_USD,1769771385.0,1.19289,1.19304,1.19297
EUR_USD,1769771390.0,1.19288,1.19304,1.19296
EUR_USD,1769771395.0,1.19289,1.19304,1.19297
EUR_USD,1769771400.0,1.19288,1.19304,1.19296
EUR_USD,1769771405.0,1.19289,1.19304,1.19297
EUR_USD,1769771410.0,1.19299,1.19314,1.19307
EUR_USD,1769771415.0,1.19300,1.19315,1.19307
EUR_USD,1769771420.0,1.19300,1.19315,1.19307
EUR_USD,1769771425.0,1.19301,1.19318,1.19310
EUR_USD,1769771430.0,1.19302,1.19319,1.19311
EUR_USD,1769771435.0,1.19303,1.19320,1.19312
EUR_USD,1769771440.0,1.19303,1.19320,1.19312
EUR_USD,1769771445.0,1.19305,1.19321,1.19313
EUR_USD,1769771450.0,1.19304,1.19321,1.19313
EUR_USD,1769771455.0,1.19305,1.19321,1.19313
EUR_USD,1769771460.0,1.19299,1.19315,1.19307
EUR_USD,1769771465.0,1.19299,1.19316,1.19307
EUR_USD,1769771470.0,1.19299,1.19317,1.19308
EUR_USD,1769771475.0,1.19309,1.19326,1.19318
EUR_USD,1769771480.0,1.19310,1.19327,1.19319
EUR_USD,1769771485.0,1.19309,1.19326,1.19318
EUR_USD,1769771490.0,1.19308,1.19326,1.19317
EUR_USD,1769771495.0,1.19304,1.19322,1.19313
EUR_USD,1769771500.0,1.19311,1.19328,1.19319
EUR_USD,1769771505.0,1.19312,1.19328,1.19320
EUR_USD,1769771510.0,1.19316,1.19333,1.19325
EUR_USD,1769771515.0,1.19316,1.19333,1.19325
EUR_USD,1769771520.0,1.19313,1.19331,1.19322
EUR_USD,1769771525.0,1.19319,1.19336,1.19327
EUR_USD,1769771530.0,1.19319,1.19336,1.19327
EUR_USD,1769771535.0,1.19326,1.19341,1.19334
EUR_USD,1769771540.0,1.19324,1.19342,1.19333
EUR_USD,1769771545.0,1.19328,1.19345,1.19337
EUR_USD,1769771550.0,1.19327,1.19343,1.19335
EUR_USD,1769771555.0,1.19329,1.19346,1.19338
EUR_USD,1769771560.0,1.19328,1.19345,1.19337
EUR_USD,1769771565.0,1.19328,1.19346,1.19337
EUR_USD,1769771570.0,1.19329,1.19345,1.19337
EUR_USD,1769771575.0,1.19328,1.19345,1.19337
EUR_USD,1769771580.0,1.19324,1.19341,1.19333
EUR_USD,1769771585.0,1.19329,1.19346,1.19338
EUR_USD,1769771590.0,1.19329,1.19346,1.19338
EUR_USD,1769771595.0,1.19329,1.19346,1.19338
EUR_USD,1769771600.0,1.19327,1.19344,1.19335
EUR_USD,1769771605.0,1.19327,1.19343,1.19335
EUR_USD,1769771610.0,1.19328,1.19343,1.19335
EUR_USD,1769771615.0,1.19328,1.19346,1.19337
EUR_USD,1769771620.0,1.19329,1.19345,1.19337
EUR_USD,1769771625.0,1.19329,1.19345,1.19337
EUR_USD,1769771630.0,1.19329,1.19345,1.19337
EUR_USD,1769771635.0,1.19319,1.19335,1.19327
EUR_USD,1769771640.0,1.19324,1.19340,1.19332
EUR_USD,1769771645.0,1.19325,1.19343,1.19334
EUR_USD,1769771650.0,1.19325,1.19342,1.19333
EUR_USD,1769771655.0,1.19325,1.19341,1.19333
EUR_USD,1769771660.0,1.19325,1.19340,1.19332
EUR_USD,1769771665.0,1.19327,1.19343,1.19335
EUR_USD,1769771670.0,1.19336,1.19352,1.19344
EUR_USD,1769771675.0,1.19335,1.19352,1.19344
EUR_USD,1769771680.0,1.19324,1.19342,1.19333
EUR_USD,1769771685.0,1.19327,1.19342,1.19334
EUR_USD,1769771690.0,1.19329,1.19344,1.19337
EUR_USD,1769771695.0,1.19329,1.19344,1.19337
EUR_USD,1769771700.0,1.19328,1.19343,1.19335
EUR_USD,1769771705.0,1.19320,1.19335,1.19327
EUR_USD,1769771710.0,1.19323,1.19339,1.19331
EUR_USD,1769771715.0,1.19323,1.19339,1.19331
EUR_USD,1769771720.0,1.19323,1.19339,1.19331
EUR_USD,1769771725.0,1.19324,1.19339,1.19332
EUR_USD,1769771730.0,1.19324,1.19341,1.19333
EUR_USD,1769771735.0,1.19324,1.19341,1.19333
EUR_USD,1769771740.0,1.19323,1.19340,1.19332
EUR_USD,1769771745.0,1.19324,1.19341,1.19333
EUR_USD,1769771750.0,1.19330,1.19345,1.19338
EUR_USD,1769771755.0,1.19332,1.19346,1.19339
EUR_USD,1769771760.0,1.19332,1.19346,1.19339
EUR_USD,1769771765.0,1.19333,1.19348,1.19341
EUR_USD,1769771770.0,1.19337,1.19352,1.19345
EUR_USD,1769771775.0,1.19342,1.19357,1.19349
EUR_USD,1769771780.0,1.19342,1.19356,1.19349
EUR_USD,1769771785.0,1.19335,1.19352,1.19344
EUR_USD,1769771790.0,1.19339,1.19355,1.19347
EUR_USD,1769771795.0,1.19339,1.19355,1.19347
EUR_USD,1769771800.0,1.19341,1.19357,1.19349
EUR_USD,1769771805.0,1.19343,1.19360,1.19352
EUR_USD,1769771810.0,1.19347,1.19362,1.19354
EUR_USD,1769771815.0,1.19341,1.19358,1.19349
EUR_USD,1769771820.0,1.19344,1.19359,1.19352
EUR_USD,1769771825.0,1.19343,1.19359,1.19351
EUR_USD,1769771830.0,1.19344,1.19360,1.19352
EUR_USD,1769771835.0,1.19344,1.19359,1.19352
EUR_USD,1769771840.0,1.19341,1.19358,1.19349
EUR_USD,1769771845.0,1.19341,1.19358,1.19349
EUR_USD,1769771850.0,1.19339,1.19356,1.19347
EUR_USD,1769771855.0,1.19340,1.19356,1.19348
EUR_USD,1769771860.0,1.19343,1.19358,1.19351
EUR_USD,1769771865.0,1.19339,1.19356,1.19347
EUR_USD,1769771870.0,1.19340,1.19356,1.19348
EUR_USD,1769771875.0,1.19336,1.19352,1.19344
EUR_USD,1769771880.0,1.19338,1.19354,1.19346
EUR_USD,1769771885.0,1.19334,1.19351,1.19342
EUR_USD,1769771890.0,1.19335,1.19350,1.19342
EUR_USD,1769771895.0,1.19341,1.19356,1.19348
EUR_USD,1769771900.0,1.19340,1.19355,1.19348
EUR_USD,1769771905.0,1.19340,1.19355,1.19348
EUR_USD,1769771910.0,1.19338,1.19355,1.19347
EUR_USD,1769771915.0,1.19338,1.19354,1.19346
EUR_USD,1769771920.0,1.19341,1.19357,1.19349
EUR_USD,1769771925.0,1.19328,1.19344,1.19336
EUR_USD,1769771930.0,1.19333,1.19349,1.19341
EUR_USD,1769771935.0,1.19334,1.19349,1.19341
EUR_USD,1769771940.0,1.19338,1.19354,1.19346
EUR_USD,1769771945.0,1.19338,1.19354,1.19346
EUR_USD,1769771950.0,1.19340,1.19356,1.19348
EUR_USD,1769771955.0,1.19336,1.19353,1.19345
EUR_USD,1769771960.0,1.19337,1.19354,1.19346
EUR_USD,1769771965.0,1.19332,1.19349,1.19340
EUR_USD,1769771970.0,1.19337,1.19354,1.19346
EUR_USD,1769771975.0,1.19333,1.19350,1.19341
EUR_USD,1769771980.0,1.19333,1.19349,1.19341
EUR_USD,1769771985.0,1.19329,1.19346,1.19338
EUR_USD,1769771990.0,1.19329,1.19345,1.19337
EUR_USD,1769771995.0,1.19332,1.19349,1.19340
EUR_USD,1769772000.0,1.19330,1.19346,1.19338
EUR_USD,1769772005.0,1.19329,1.19345,1.19337
EUR_USD,1769772010.0,1.19329,1.19344,1.19337
EUR_USD,1769772015.0,1.19334,1.19349,1.19341
EUR_USD,1769772020.0,1.19334,1.19349,1.19341
EUR_USD,1769772025.0,1.19333,1.19347,1.19340
EUR_USD,1769772030.0,1.19332,1.19347,1.19339
EUR_USD,1769772035.0,1.19330,1.19347,1.19339
EUR_USD,1769772040.0,1.19318,1.19333,1.19325
EUR_USD,1769772045.0,1.19318,1.19333,1.19325
EUR_USD,1769772050.0,1.19322,1.19338,1.19330
EUR_USD,1769772055.0,1.19318,1.19333,1.19325
EUR_USD,1769772060.0,1.19318,1.19333,1.19325
EUR_USD,1769772065.0,1.19311,1.19328,1.19319
EUR_USD,1769772070.0,1.19310,1.19325,1.19318
EUR_USD,1769772075.0,1.19310,1.19327,1.19319
EUR_USD,1769772080.0,1.19330,1.19348,1.19339
EUR_USD,1769772085.0,1.19333,1.19352,1.19342
EUR_USD,1769772090.0,1.19248,1.19262,1.19255
EUR_USD,1769772095.0,1.19253,1.19270,1.19261
EUR_USD,1769772100.0,1.19282,1.19298,1.19290
EUR_USD,1769772105.0,1.19295,1.19310,1.19303
EUR_USD,1769772110.0,1.19297,1.19312,1.19305
EUR_USD,1769772115.0,1.19289,1.19304,1.19297
EUR_USD,1769772120.0,1.19303,1.19320,1.19312
EUR_USD,1769772125.0,1.19297,1.19313,1.19305
EUR_USD,1769772130.0,1.19293,1.19309,1.19301
EUR_USD,1769772135.0,1.19293,1.19308,1.19300
EUR_USD,1769772140.0,1.19309,1.19325,1.19317
EUR_USD,1769772145.0,1.19304,1.19321,1.19313
EUR_USD,1769772150.0,1.19297,1.19312,1.19305
EUR_USD,1769772155.0,1.19297,1.19312,1.19305
EUR_USD,1769772160.0,1.19300,1.19316,1.19308
EUR_USD,1769772165.0,1.19305,1.19321,1.19313
EUR_USD,1769772170.0,1.19299,1.19317,1.19308
EUR_USD,1769772175.0,1.19297,1.19313,1.19305
EUR_USD,1769772180.0,1.19313,1.19328,1.19320
EUR_USD,1769772185.0,1.19310,1.19327,1.19319
EUR_USD,1769772190.0,1.19308,1.19325,1.19317
EUR_USD,1769772195.0,1.19313,1.19329,1.19321
EUR_USD,1769772200.0,1.19312,1.19327,1.19320
EUR_USD,1769772205.0,1.19305,1.19320,1.19312
EUR_USD,1769772210.0,1.19305,1.19320,1.19312
EUR_USD,1769772215.0,1.19306,1.19321,1.19314
EUR_USD,1769772220.0,1.19308,1.19324,1.19316
EUR_USD,1769772225.0,1.19308,1.19324,1.19316
EUR_USD,1769772230.0,1.19306,1.19321,1.19314
EUR_USD,1769772235.0,1.19309,1.19324,1.19317
EUR_USD,1769772240.0,1.19310,1.19324,1.19317
EUR_USD,1769772245.0,1.19314,1.19330,1.19322
EUR_USD,1769772250.0,1.19315,1.19330,1.19322
EUR_USD,1769772255.0,1.19313,1.19329,1.19321
EUR_USD,1769772260.0,1.19309,1.19325,1.19317
EUR_USD,1769772265.0,1.19313,1.19328,1.19320
EUR_USD,1769772270.0,1.19314,1.19329,1.19321
EUR_USD,1769772275.0,1.19312,1.19328,1.19320
EUR_USD,1769772280.0,1.19310,1.19327,1.19319
EUR_USD,1769772285.0,1.19322,1.19339,1.19331
EUR_USD,1769772290.0,1.19322,1.19339,1.19331
EUR_USD,1769772295.0,1.19327,1.19342,1.19334
EUR_USD,1769772300.0,1.19333,1.19349,1.19341
EUR_USD,1769772305.0,1.19333,1.19351,1.19342
EUR_USD,1769772310.0,1.19332,1.19349,1.19340
EUR_USD,1769772315.0,1.19327,1.19344,1.19335
EUR_USD,1769772320.0,1.19323,1.19340,1.19332
EUR_USD,1769772325.0,1.19323,1.19341,1.19332
EUR_USD,1769772330.0,1.19324,1.19341,1.19333
EUR_USD,1769772335.0,1.19325,1.19340,1.19332
EUR_USD,1769772340.0,1.19327,1.19343,1.19335
EUR_USD,1769772345.0,1.19332,1.19348,1.19340
EUR_USD,1769772350.0,1.19328,1.19346,1.19337
EUR_USD,1769772355.0,1.19328,1.19345,1.19337
EUR_USD,1769772360.0,1.19328,1.19345,1.19337
EUR_USD,1769772365.0,1.19327,1.19343,1.19335
EUR_USD,1769772370.0,1.19323,1.19340,1.19332
EUR_USD,1769772375.0,1.19326,1.19343,1.19334
EUR_USD,1769772380.0,1.19325,1.19341,1.19333
EUR_USD,1769772385.0,1.19324,1.19339,1.19332
EUR_USD,1769772390.0,1.19324,1.19341,1.19333
EUR_USD,1769772395.0,1.19322,1.19338,1.19330
EUR_USD,1769772400.0,1.19325,1.19341,1.19333
EUR_USD,1769772405.0,1.19324,1.19339,1.19332
EUR_USD,1769772410.0,1.19321,1.19339,1.19330
EUR_USD,1769772415.0,1.19323,1.19338,1.19331
EUR_USD,1769772420.0,1.19325,1.19341,1.19333
EUR_USD,1769772425.0,1.19325,1.19341,1.19333
EUR_USD,1769772430.0,1.19321,1.19340,1.19331
EUR_USD,1769772435.0,1.19323,1.19339,1.19331
EUR_USD,1769772440.0,1.19321,1.19338,1.19329
EUR_USD,1769772445.0,1.19323,1.19338,1.19331
EUR_USD,1769772450.0,1.19320,1.19336,1.19328
EUR_USD,1769772455.0,1.19323,1.19338,1.19331
EUR_USD,1769772460.0,1.19323,1.19337,1.19330
EUR_USD,1769772465.0,1.19322,1.19338,1.19330
EUR_USD,1769772470.0,1.19319,1.19336,1.19327
EUR_USD,1769772475.0,1.19321,1.19337,1.19329
EUR_USD,1769772480.0,1.19318,1.19334,1.19326
EUR_USD,1769772485.0,1.19321,1.19336,1.19328
EUR_USD,1769772490.0,1.19325,1.19340,1.19332
EUR_USD,1769772495.0,1.19321,1.19337,1.19329
EUR_USD,1769772500.0,1.19322,1.19338,1.19330
EUR_USD,1769772505.0,1.19317,1.19334,1.19326
EUR_USD,1769772510.0,1.19320,1.19337,1.19328
EUR_USD,1769772515.0,1.19322,1.19338,1.19330
EUR_USD,1769772520.0,1.19319,1.19336,1.19327
EUR_USD,1769772525.0,1.19322,1.19338,1.19330
EUR_USD,1769772530.0,1.19326,1.19340,1.19333
EUR_USD,1769772535.0,1.19327,1.19344,1.19335
EUR_USD,1769772540.0,1.19326,1.19342,1.19334
EUR_USD,1769772545.0,1.19329,1.19345,1.19337
EUR_USD,1769772550.0,1.19323,1.19339,1.19331
EUR_USD,1769772555.0,1.19324,1.19341,1.19333
EUR_USD,1769772560.0,1.19327,1.19343,1.19335
EUR_USD,1769772565.0,1.19331,1.19346,1.19339
EUR_USD,1769772570.0,1.19334,1.19351,1.19342
EUR_USD,1769772575.0,1.19338,1.19353,1.19346
EUR_USD,1769772580.0,1.19337,1.19353,1.19345
EUR_USD,1769772585.0,1.19336,1.19352,1.19344
EUR_USD,1769772590.0,1.19337,1.19352,1.19345
EUR_USD,1769772595.0,1.19336,1.19352,1.19344
EUR_USD,1769772600.0,1.19336,1.19352,1.19344
EUR_USD,1769772605.0,1.19337,1.19352,1.19345
EUR_USD,1769772610.0,1.19336,1.19352,1.19344
EUR_USD,1769772615.0,1.19339,1.19354,1.19346
EUR_USD,1769772620.0,1.19339,1.19354,1.19346
EUR_USD,1769772625.0,1.19338,1.19354,1.19346
EUR_USD,1769772630.0,1.19339,1.19356,1.19347
EUR_USD,1769772635.0,1.19338,1.19354,1.19346
EUR_USD,1769772640.0,1.19338,1.19354,1.19346
EUR_USD,1769772645.0,1.19341,1.19357,1.19349
EUR_USD,1769772650.0,1.19341,1.19357,1.19349
EUR_USD,1769772655.0,1.19338,1.19354,1.19346
EUR_USD,1769772660.0,1.19333,1.19349,1.19341
EUR_USD,1769772665.0,1.19338,1.19354,1.19346
EUR_USD,1769772670.0,1.19339,1.19355,1.19347
EUR_USD,1769772675.0,1.19341,1.19358,1.19349
EUR_USD,1769772680.0,1.19342,1.19358,1.19350
EUR_USD,1769772685.0,1.19351,1.19366,1.19359
EUR_USD,1769772690.0,1.19352,1.19366,1.19359
EUR_USD,1769772695.0,1.19348,1.19365,1.19356
EUR_USD,1769772700.0,1.19348,1.19364,1.19356
EUR_USD,1769772705.0,1.19347,1.19363,1.19355
EUR_USD,1769772710.0,1.19345,1.19362,1.19353
EUR_USD,1769772715.0,1.19346,1.19362,1.19354
EUR_USD,1769772720.0,1.19348,1.19365,1.19356
EUR_USD,1769772725.0,1.19348,1.19365,1.19356
EUR_USD,1769772730.0,1.19348,1.19364,1.19356
EUR_USD,1769772735.0,1.19347,1.19364,1.19355
EUR_USD,1769772740.0,1.19342,1.19357,1.19349
EUR_USD,1769772745.0,1.19343,1.19359,1.19351
EUR_USD,1769772750.0,1.19343,1.19359,1.19351
EUR_USD,1769772755.0,1.19343,1.19359,1.19351
EUR_USD,1769772760.0,1.19337,1.19353,1.19345
EUR_USD,1769772765.0,1.19336,1.19352,1.19344
EUR_USD,1769772770.0,1.19335,1.19351,1.19343
EUR_USD,1769772775.0,1.19336,1.19352,1.19344
EUR_USD,1769772780.0,1.19343,1.19359,1.19351
EUR_USD,1769772785.0,1.19342,1.19359,1.19351
EUR_USD,1769772790.0,1.19340,1.19355,1.19348
EUR_USD,1769772795.0,1.19341,1.19359,1.19350
EUR_USD,1769772800.0,1.19351,1.19366,1.19359
EUR_USD,1769772805.0,1.19358,1.19373,1.19366
EUR_USD,1769772810.0,1.19355,1.19370,1.19362
EUR_USD,1769772815.0,1.19355,1.19370,1.19362
EUR_USD,1769772820.0,1.19354,1.19368,1.19361
EUR_USD,1769772825.0,1.19354,1.19368,1.19361
EUR_USD,1769772830.0,1.19355,1.19371,1.19363
EUR_USD,1769772835.0,1.19354,1.19370,1.19362
EUR_USD,1769772840.0,1.19353,1.19368,1.19361
EUR_USD,1769772845.0,1.19351,1.19368,1.19360
EUR_USD,1769772850.0,1.19352,1.19369,1.19360
EUR_USD,1769772855.0,1.19349,1.19364,1.19356
EUR_USD,1769772860.0,1.19352,1.19367,1.19359
EUR_USD,1769772865.0,1.19353,1.19368,1.19361
EUR_USD,1769772870.0,1.19352,1.19368,1.19360
EUR_USD,1769772875.0,1.19351,1.19368,1.19360
EUR_USD,1769772880.0,1.19357,1.19372,1.19365
EUR_USD,1769772885.0,1.19355,1.19370,1.19362
EUR_USD,1769772890.0,1.19355,1.19370,1.19362
EUR_USD,1769772895.0,1.19355,1.19370,1.19362
EUR_USD,1769772900.0,1.19353,1.19367,1.19360
EUR_USD,1769772905.0,1.19354,1.19368,1.19361
EUR_USD,1769772910.0,1.19355,1.19370,1.19362
EUR_USD,1769772915.0,1.19357,1.19373,1.19365
EUR_USD,1769772920.0,1.19358,1.19373,1.19366
EUR_USD,1769772925.0,1.19358,1.19373,1.19366
EUR_USD,1769772930.0,1.19358,1.19374,1.19366
EUR_USD,1769772935.0,1.19364,1.19378,1.19371
EUR_USD,1769772940.0,1.19362,1.19377,1.19369
EUR_USD,1769772945.0,1.19360,1.19376,1.19368
EUR_USD,1769772950.0,1.19353,1.19368,1.19361
EUR_USD,1769772955.0,1.19355,1.19369,1.19362
EUR_USD,1769772960.0,1.19358,1.19374,1.19366
EUR_USD,1769772965.0,1.19358,1.19374,1.19366
EUR_USD,1769772970.0,1.19357,1.19374,1.19366
EUR_USD,1769772975.0,1.19359,1.19376,1.19367
EUR_USD,1769772980.0,1.19370,1.19386,1.19378
EUR_USD,1769772985.0,1.19367,1.19383,1.19375
EUR_USD,1769772990.0,1.19366,1.19381,1.19373
EUR_USD,1769772995.0,1.19369,1.19383,1.19376
EUR_USD,1769773000.0,1.19370,1.19384,1.19377
EUR_USD,1769773005.0,1.19364,1.19379,1.19372
EUR_USD,1769773010.0,1.19369,1.19383,1.19376
EUR_USD,1769773015.0,1.19369,1.19383,1.19376
EUR_USD,1769773020.0,1.19367,1.19381,1.19374
EUR_USD,1769773025.0,1.19364,1.19378,1.19371
EUR_USD,1769773030.0,1.19366,1.19380,1.19373
EUR_USD,1769773035.0,1.19364,1.19379,1.19372
EUR_USD,1769773040.0,1.19363,1.19377,1.19370
EUR_USD,1769773045.0,1.19363,1.19377,1.19370
EUR_USD,1769773050.0,1.19363,1.19377,1.19370
EUR_USD,1769773055.0,1.19357,1.19371,1.19364
EUR_USD,1769773060.0,1.19341,1.19355,1.19348
EUR_USD,1769773065.0,1.19344,1.19358,1.19351
EUR_USD,1769773070.0,1.19343,1.19357,1.19350
EUR_USD,1769773075.0,1.19343,1.19358,1.19351
EUR_USD,1769773080.0,1.19348,1.19363,1.19355
EUR_USD,1769773085.0,1.19342,1.19356,1.19349
EUR_USD,1769773090.0,1.19337,1.19353,1.19345
EUR_USD,1769773095.0,1.19337,1.19353,1.19345
EUR_USD,1769773100.0,1.19332,1.19348,1.19340
EUR_USD,1769773105.0,1.19330,1.19346,1.19338
EUR_USD,1769773110.0,1.19326,1.19342,1.19334
EUR_USD,1769773115.0,1.19327,1.19343,1.19335
EUR_USD,1769773120.0,1.19328,1.19344,1.19336
EUR_USD,1769773125.0,1.19331,1.19346,1.19339
EUR_USD,1769773130.0,1.19333,1.19348,1.19341
EUR_USD,1769773135.0,1.19333,1.19348,1.19341
EUR_USD,1769773140.0,1.19332,1.19347,1.19339
EUR_USD,1769773145.0,1.19332,1.19348,1.19340
EUR_USD,1769773150.0,1.19332,1.19348,1.19340
EUR_USD,1769773155.0,1.19348,1.19363,1.19355
EUR_USD,1769773160.0,1.19348,1.19364,1.19356
EUR_USD,1769773165.0,1.19348,1.19364,1.19356
EUR_USD,1769773170.0,1.19353,1.19371,1.19362
EUR_USD,1769773175.0,1.19353,1.19370,1.19361
EUR_USD,1769773180.0,1.19356,1.19372,1.19364
EUR_USD,1769773185.0,1.19352,1.19369,1.19360
EUR_USD,1769773190.0,1.19353,1.19370,1.19361
EUR_USD,1769773195.0,1.19353,1.19370,1.19361
EUR_USD,1769773200.0,1.19352,1.19369,1.19360
EUR_USD,1769773205.0,1.19359,1.19374,1.19366
EUR_USD,1769773210.0,1.19359,1.19375,1.19367
EUR_USD,1769773215.0,1.19358,1.19375,1.19367
EUR_USD,1769773220.0,1.19363,1.19380,1.19372
EUR_USD,1769773225.0,1.19363,1.19380,1.19372
EUR_USD,1769773230.0,1.19364,1.19382,1.19373
EUR_USD,1769773235.0,1.19365,1.19383,1.19374
EUR_USD,1769773240.0,1.19364,1.19381,1.19373
EUR_USD,1769773245.0,1.19364,1.19381,1.19373
EUR_USD,1769773250.0,1.19364,1.19381,1.19373
EUR_USD,1769773255.0,1.19365,1.19382,1.19374
EUR_USD,1769773260.0,1.19370,1.19385,1.19378
EUR_USD,1769773265.0,1.19369,1.19386,1.19378
EUR_USD,1769773270.0,1.19373,1.19390,1.19381
EUR_USD,1769773275.0,1.19374,1.19391,1.19382
EUR_USD,1769773280.0,1.19375,1.19390,1.19382
EUR_USD,1769773285.0,1.19374,1.19390,1.19382
EUR_USD,1769773290.0,1.19374,1.19390,1.19382
EUR_USD,1769773295.0,1.19378,1.19395,1.19387
EUR_USD,1769773300.0,1.19381,1.19398,1.19389
EUR_USD,1769773305.0,1.19385,1.19400,1.19393
EUR_USD,1769773310.0,1.19384,1.19400,1.19392
EUR_USD,1769773315.0,1.19383,1.19399,1.19391
EUR_USD,1769773320.0,1.19383,1.19399,1.19391
EUR_USD,1769773325.0,1.19383,1.19398,1.19390
EUR_USD,1769773330.0,1.19382,1.19396,1.19389
EUR_USD,1769773335.0,1.19381,1.19396,1.19388
EUR_USD,1769773340.0,1.19381,1.19397,1.19389
EUR_USD,1769773345.0,1.19382,1.19397,1.19389
EUR_USD,1769773350.0,1.19376,1.19392,1.19384
EUR_USD,1769773355.0,1.19379,1.19395,1.19387
EUR_USD,1769773360.0,1.19384,1.19401,1.19393
EUR_USD,1769773365.0,1.19381,1.19396,1.19388
EUR_USD,1769773370.0,1.19380,1.19395,1.19388
EUR_USD,1769773375.0,1.19373,1.19389,1.19381
EUR_USD,1769773380.0,1.19375,1.19391,1.19383
EUR_USD,1769773385.0,1.19370,1.19385,1.19378
EUR_USD,1769773390.0,1.19370,1.19385,1.19378
EUR_USD,1769773395.0,1.19370,1.19386,1.19378
EUR_USD,1769773400.0,1.19374,1.19391,1.19382
EUR_USD,1769773405.0,1.19378,1.19394,1.19386
EUR_USD,1769773410.0,1.19379,1.19394,1.19386
EUR_USD,1769773415.0,1.19380,1.19395,1.19388
EUR_USD,1769773420.0,1.19377,1.19393,1.19385
EUR_USD,1769773425.0,1.19378,1.19394,1.19386
EUR_USD,1769773430.0,1.19375,1.19390,1.19382
EUR_USD,1769773435.0,1.19375,1.19389,1.19382
EUR_USD,1769773440.0,1.19368,1.19383,1.19375
EUR_USD,1769773445.0,1.19369,1.19384,1.19376
EUR_USD,1769773450.0,1.19365,1.19381,1.19373
EUR_USD,1769773455.0,1.19366,1.19383,1.19374
EUR_USD,1769773460.0,1.19363,1.19379,1.19371
EUR_USD,1769773465.0,1.19359,1.19375,1.19367
EUR_USD,1769773470.0,1.19362,1.19378,1.19370
EUR_USD,1769773475.0,1.19360,1.19375,1.19368
EUR_USD,1769773480.0,1.19358,1.19374,1.19366
EUR_USD,1769773485.0,1.19359,1.19375,1.19367
EUR_USD,1769773490.0,1.19349,1.19365,1.19357
EUR_USD,1769773495.0,1.19349,1.19365,1.19357
EUR_USD,1769773500.0,1.19346,1.19362,1.19354
EUR_USD,1769773505.0,1.19343,1.19359,1.19351
EUR_USD,1769773510.0,1.19344,1.19359,1.19352
EUR_USD,1769773515.0,1.19343,1.19359,1.19351
EUR_USD,1769773520.0,1.19344,1.19360,1.19352
EUR_USD,1769773525.0,1.19343,1.19360,1.19352
EUR_USD,1769773530.0,1.19344,1.19359,1.19352
EUR_USD,1769773535.0,1.19349,1.19364,1.19356
EUR_USD,1769773540.0,1.19349,1.19364,1.19356
EUR_USD,1769773545.0,1.19349,1.19365,1.19357
EUR_USD,1769773550.0,1.19348,1.19364,1.19356
EUR_USD,1769773555.0,1.19360,1.19375,1.19368
EUR_USD,1769773560.0,1.19365,1.19380,1.19373
EUR_USD,1769773565.0,1.19363,1.19379,1.19371
EUR_USD,1769773570.0,1.19362,1.19378,1.19370
EUR_USD,1769773575.0,1.19363,1.19378,1.19371
EUR_USD,1769773580.0,1.19360,1.19377,1.19368
EUR_USD,1769773585.0,1.19360,1.19377,1.19368
EUR_USD,1769773590.0,1.19369,1.19384,1.19376
EUR_USD,1769773595.0,1.19368,1.19384,1.19376
EUR_USD,1769773600.0,1.19367,1.19383,1.19375
EUR_USD,1769773605.0,1.19366,1.19384,1.19375
EUR_USD,1769773610.0,1.19366,1.19382,1.19374
EUR_USD,1769773615.0,1.19369,1.19385,1.19377
EUR_USD,1769773620.0,1.19368,1.19383,1.19375
EUR_USD,1769773625.0,1.19363,1.19379,1.19371
EUR_USD,1769773630.0,1.19363,1.19378,1.19371
EUR_USD,1769773635.0,1.19366,1.19383,1.19374
EUR_USD,1769773640.0,1.19368,1.19384,1.19376
EUR_USD,1769773645.0,1.19363,1.19379,1.19371
EUR_USD,1769773650.0,1.19363,1.19379,1.19371
EUR_USD,1769773655.0,1.19364,1.19380,1.19372
EUR_USD,1769773660.0,1.19364,1.19381,1.19373
EUR_USD,1769773665.0,1.19366,1.19381,1.19373
EUR_USD,1769773670.0,1.19363,1.19380,1.19372
EUR_USD,1769773675.0,1.19363,1.19380,1.19372
EUR_USD,1769773680.0,1.19368,1.19384,1.19376
EUR_USD,1769773685.0,1.19368,1.19385,1.19376
EUR_USD,1769773690.0,1.19373,1.19389,1.19381
EUR_USD,1769773695.0,1.19373,1.19388,1.19381
EUR_USD,1769773700.0,1.19373,1.19388,1.19381
EUR_USD,1769773705.0,1.19369,1.19385,1.19377
EUR_USD,1769773710.0,1.19369,1.19384,1.19376
EUR_USD,1769773715.0,1.19369,1.19384,1.19376
EUR_USD,1769773720.0,1.19364,1.19381,1.19373
EUR_USD,1769773725.0,1.19364,1.19379,1.19372
EUR_USD,1769773730.0,1.19356,1.19372,1.19364
EUR_USD,1769773735.0,1.19320,1.19341,1.19331
EUR_USD,1769773740.0,1.19339,1.19355,1.19347
EUR_USD,1769773745.0,1.19324,1.19340,1.19332
EUR_USD,1769773750.0,1.19331,1.19347,1.19339
EUR_USD,1769773755.0,1.19334,1.19350,1.19342
EUR_USD,1769773760.0,1.19343,1.19360,1.19352
EUR_USD,1769773765.0,1.19336,1.19353,1.19345
EUR_USD,1769773770.0,1.19341,1.19359,1.19350
EUR_USD,1769773775.0,1.19334,1.19351,1.19342
EUR_USD,1769773780.0,1.19321,1.19341,1.19331
EUR_USD,1769773785.0,1.19326,1.19344,1.19335
EUR_USD,1769773790.0,1.19330,1.19348,1.19339
EUR_USD,1769773795.0,1.19331,1.19349,1.19340
EUR_USD,1769773800.0,1.19317,1.19333,1.19325
EUR_USD,1769773805.0,1.19324,1.19341,1.19333
EUR_USD,1769773810.0,1.19343,1.19358,1.19351
EUR_USD,1769773815.0,1.19348,1.19364,1.19356
EUR_USD,1769773820.0,1.19359,1.19376,1.19367
EUR_USD,1769773825.0,1.19372,1.19389,1.19380
EUR_USD,1769773830.0,1.19370,1.19387,1.19379
EUR_USD,1769773835.0,1.19373,1.19390,1.19381
EUR_USD,1769773840.0,1.19383,1.19401,1.19392
EUR_USD,1769773845.0,1.19392,1.19408,1.19400
EUR_USD,1769773850.0,1.19399,1.19415,1.19407
EUR_USD,1769773855.0,1.19409,1.19425,1.19417
EUR_USD,1769773860.0,1.19408,1.19425,1.19416
EUR_USD,1769773865.0,1.19417,1.19435,1.19426
EUR_USD,1769773870.0,1.19414,1.19431,1.19422
EUR_USD,1769773875.0,1.19430,1.19446,1.19438
EUR_USD,1769773880.0,1.19423,1.19440,1.19432
EUR_USD,1769773885.0,1.19424,1.19439,1.19432
EUR_USD,1769773890.0,1.19427,1.19442,1.19434
EUR_USD,1769773895.0,1.19427,1.19443,1.19435
EUR_USD,1769773900.0,1.19429,1.19446,1.19437
EUR_USD,1769773905.0,1.19427,1.19443,1.19435
EUR_USD,1769773910.0,1.19437,1.19454,1.19446
EUR_USD,1769773915.0,1.19434,1.19451,1.19442
EUR_USD,1769773920.0,1.19438,1.19457,1.19447
EUR_USD,1769773925.0,1.19455,1.19472,1.19463
EUR_USD,1769773930.0,1.19447,1.19465,1.19456
EUR_USD,1769773935.0,1.19432,1.19449,1.19441
EUR_USD,1769773940.0,1.19431,1.19450,1.19440
EUR_USD,1769773945.0,1.19430,1.19445,1.19437
EUR_USD,1769773950.0,1.19425,1.19442,1.19434
EUR_USD,1769773955.0,1.19429,1.19444,1.19436
EUR_USD,1769773960.0,1.19428,1.19445,1.19436
EUR_USD,1769773965.0,1.19427,1.19441,1.19434
EUR_USD,1769773970.0,1.19428,1.19442,1.19435
EUR_USD,1769773975.0,1.19427,1.19443,1.19435
EUR_USD,1769773980.0,1.19432,1.19448,1.19440
EUR_USD,1769773985.0,1.19427,1.19442,1.19434
EUR_USD,1769773990.0,1.19428,1.19443,1.19436
EUR_USD,1769773995.0,1.19420,1.19434,1.19427
EUR_USD,1769774000.0,1.19418,1.19433,1.19426
EUR_USD,1769774005.0,1.19424,1.19442,1.19433
EUR_USD,1769774010.0,1.19423,1.19440,1.19432
EUR_USD,1769774015.0,1.19422,1.19439,1.19430
EUR_USD,1769774020.0,1.19422,1.19439,1.19430
EUR_USD,1769774025.0,1.19421,1.19438,1.19429
EUR_USD,1769774030.0,1.19432,1.19449,1.19441
EUR_USD,1769774035.0,1.19436,1.19452,1.19444
EUR_USD,1769774040.0,1.19432,1.19450,1.19441
EUR_USD,1769774045.0,1.19438,1.19454,1.19446
EUR_USD,1769774050.0,1.19435,1.19451,1.19443
EUR_USD,1769774055.0,1.19435,1.19451,1.19443
EUR_USD,1769774060.0,1.19445,1.19462,1.19454
EUR_USD,1769774065.0,1.19438,1.19454,1.19446
EUR_USD,1769774070.0,1.19435,1.19450,1.19442
EUR_USD,1769774075.0,1.19437,1.19452,1.19444
EUR_USD,1769774080.0,1.19434,1.19449,1.19442
EUR_USD,1769774085.0,1.19432,1.19448,1.19440
EUR_USD,1769774090.0,1.19433,1.19448,1.19440
EUR_USD,1769774095.0,1.19429,1.19443,1.19436
EUR_USD,1769774100.0,1.19429,1.19443,1.19436
EUR_USD,1769774105.0,1.19434,1.19448,1.19441
EUR_USD,1769774110.0,1.19443,1.19457,1.19450
EUR_USD,1769774115.0,1.19443,1.19458,1.19450
EUR_USD,1769774120.0,1.19449,1.19464,1.19456
EUR_USD,1769774125.0,1.19451,1.19465,1.19458
EUR_USD,1769774130.0,1.19448,1.19465,1.19456
EUR_USD,1769774135.0,1.19448,1.19464,1.19456
EUR_USD,1769774140.0,1.19447,1.19462,1.19454
EUR_USD,1769774145.0,1.19445,1.19460,1.19453
EUR_USD,1769774150.0,1.19443,1.19459,1.19451
EUR_USD,1769774155.0,1.19445,1.19461,1.19453
EUR_USD,1769774160.0,1.19452,1.19468,1.19460
EUR_USD,1769774165.0,1.19455,1.19472,1.19463
EUR_USD,1769774170.0,1.19454,1.19470,1.19462
EUR_USD,1769774175.0,1.19459,1.19475,1.19467
EUR_USD,1769774180.0,1.19457,1.19471,1.19464
EUR_USD,1769774185.0,1.19457,1.19472,1.19464
EUR_USD,1769774190.0,1.19459,1.19475,1.19467
EUR_USD,1769774195.0,1.19453,1.19469,1.19461
EUR_USD,1769774200.0,1.19456,1.19472,1.19464
EUR_USD,1769774205.0,1.19456,1.19472,1.19464
EUR_USD,1769774210.0,1.19458,1.19473,1.19466
EUR_USD,1769774215.0,1.19461,1.19477,1.19469
EUR_USD,1769774220.0,1.19473,1.19489,1.19481
EUR_USD,1769774225.0,1.19469,1.19484,1.19476
EUR_USD,1769774230.0,1.19464,1.19479,1.19471
EUR_USD,1769774235.0,1.19472,1.19487,1.19480
EUR_USD,1769774240.0,1.19465,1.19481,1.19473
EUR_USD,1769774245.0,1.19464,1.19480,1.19472
EUR_USD,1769774250.0,1.19463,1.19480,1.19471
EUR_USD,1769774255.0,1.19468,1.19484,1.19476
EUR_USD,1769774260.0,1.19465,1.19481,1.19473
EUR_USD,1769774265.0,1.19462,1.19479,1.19470
EUR_USD,1769774270.0,1.19467,1.19485,1.19476
EUR_USD,1769774275.0,1.19468,1.19485,1.19476
EUR_USD,1769774280.0,1.19476,1.19492,1.19484
EUR_USD,1769774285.0,1.19475,1.19492,1.19483
EUR_USD,1769774290.0,1.19471,1.19488,1.19480
EUR_USD,1769774295.0,1.19476,1.19493,1.19484
EUR_USD,1769774300.0,1.19472,1.19489,1.19481
EUR_USD,1769774305.0,1.19473,1.19489,1.19481
EUR_USD,1769774310.0,1.19472,1.19488,1.19480
EUR_USD,1769774315.0,1.19476,1.19493,1.19484
EUR_USD,1769774320.0,1.19464,1.19481,1.19473
EUR_USD,1769774325.0,1.19466,1.19483,1.19475
EUR_USD,1769774330.0,1.19476,1.19492,1.19484
EUR_USD,1769774335.0,1.19473,1.19489,1.19481
EUR_USD,1769774340.0,1.19482,1.19499,1.19490
EUR_USD,1769774345.0,1.19481,1.19498,1.19489
EUR_USD,1769774350.0,1.19478,1.19494,1.19486
EUR_USD,1769774355.0,1.19483,1.19500,1.19491
EUR_USD,1769774360.0,1.19484,1.19501,1.19493
EUR_USD,1769774365.0,1.19479,1.19497,1.19488
EUR_USD,1769774370.0,1.19483,1.19499,1.19491
EUR_USD,1769774375.0,1.19480,1.19497,1.19489
EUR_USD,1769774380.0,1.19486,1.19503,1.19495
EUR_USD,1769774385.0,1.19494,1.19511,1.19502
EUR_USD,1769774390.0,1.19483,1.19500,1.19491
EUR_USD,1769774395.0,1.19483,1.19499,1.19491
EUR_USD,1769774400.0,1.19471,1.19488,1.19480
EUR_USD,1769774405.0,1.19473,1.19489,1.19481
EUR_USD,1769774410.0,1.19477,1.19494,1.19486
EUR_USD,1769774415.0,1.19472,1.19488,1.19480
EUR_USD,1769774420.0,1.19473,1.19490,1.19482
EUR_USD,1769774425.0,1.19486,1.19502,1.19494
EUR_USD,1769774430.0,1.19499,1.19516,1.19508
EUR_USD,1769774435.0,1.19503,1.19518,1.19510
EUR_USD,1769774440.0,1.19504,1.19519,1.19511
EUR_USD,1769774445.0,1.19503,1.19518,1.19510
EUR_USD,1769774450.0,1.19499,1.19515,1.19507
EUR_USD,1769774455.0,1.19509,1.19524,1.19517
EUR_USD,1769774460.0,1.19496,1.19513,1.19504
EUR_USD,1769774465.0,1.19501,1.19517,1.19509
EUR_USD,1769774470.0,1.19504,1.19521,1.19512
EUR_USD,1769774475.0,1.19505,1.19521,1.19513
EUR_USD,1769774480.0,1.19503,1.19520,1.19511
EUR_USD,1769774485.0,1.19504,1.19520,1.19512
EUR_USD,1769774490.0,1.19505,1.19522,1.19514
EUR_USD,1769774495.0,1.19509,1.19524,1.19517
EUR_USD,1769774500.0,1.19508,1.19524,1.19516
EUR_USD,1769774505.0,1.19508,1.19525,1.19516
EUR_USD,1769774510.0,1.19509,1.19523,1.19516
EUR_USD,1769774515.0,1.19499,1.19514,1.19507
EUR_USD,1769774520.0,1.19508,1.19522,1.19515
EUR_USD,1769774525.0,1.19508,1.19525,1.19516
EUR_USD,1769774530.0,1.19522,1.19540,1.19531
EUR_USD,1769774535.0,1.19521,1.19538,1.19530
EUR_USD,1769774540.0,1.19524,1.19540,1.19532
EUR_USD,1769774545.0,1.19523,1.19540,1.19531
EUR_USD,1769774550.0,1.19534,1.19549,1.19542
EUR_USD,1769774555.0,1.19536,1.19551,1.19544
EUR_USD,1769774560.0,1.19535,1.19551,1.19543
EUR_USD,1769774565.0,1.19533,1.19550,1.19542
EUR_USD,1769774570.0,1.19537,1.19553,1.19545
EUR_USD,1769774575.0,1.19532,1.19548,1.19540
EUR_USD,1769774580.0,1.19526,1.19542,1.19534
EUR_USD,1769774585.0,1.19527,1.19542,1.19535
EUR_USD,1769774590.0,1.19523,1.19538,1.19531
EUR_USD,1769774595.0,1.19518,1.19533,1.19525
EUR_USD,1769774600.0,1.19517,1.19532,1.19524
EUR_USD,1769774605.0,1.19518,1.19534,1.19526
EUR_USD,1769774610.0,1.19519,1.19534,1.19527
EUR_USD,1769774615.0,1.19515,1.19529,1.19522
EUR_USD,1769774620.0,1.19514,1.19530,1.19522
EUR_USD,1769774625.0,1.19510,1.19524,1.19517
EUR_USD,1769774630.0,1.19504,1.19520,1.19512
EUR_USD,1769774635.0,1.19504,1.19520,1.19512
EUR_USD,1769774640.0,1.19503,1.19520,1.19511
EUR_USD,1769774645.0,1.19498,1.19514,1.19506
EUR_USD,1769774650.0,1.19486,1.19502,1.19494
EUR_USD,1769774655.0,1.19487,1.19505,1.19496
EUR_USD,1769774660.0,1.19480,1.19498,1.19489
EUR_USD,1769774665.0,1.19475,1.19492,1.19483
EUR_USD,1769774670.0,1.19477,1.19493,1.19485
EUR_USD,1769774675.0,1.19470,1.19486,1.19478
EUR_USD,1769774680.0,1.19461,1.19479,1.19470
EUR_USD,1769774685.0,1.19459,1.19476,1.19468
EUR_USD,1769774690.0,1.19461,1.19479,1.19470
EUR_USD,1769774695.0,1.19457,1.19474,1.19466
EUR_USD,1769774700.0,1.19462,1.19479,1.19470
EUR_USD,1769774705.0,1.19461,1.19479,1.19470
EUR_USD,1769774710.0,1.19466,1.19483,1.19475
EUR_USD,1769774715.0,1.19467,1.19484,1.19475
EUR_USD,1769774720.0,1.19468,1.19484,1.19476
EUR_USD,1769774725.0,1.19473,1.19489,1.19481
EUR_USD,1769774730.0,1.19470,1.19488,1.19479
EUR_USD,1769774735.0,1.19460,1.19475,1.19468
EUR_USD,1769774740.0,1.19450,1.19466,1.19458
EUR_USD,1769774745.0,1.19456,1.19473,1.19464
EUR_USD,1769774750.0,1.19460,1.19477,1.19469
EUR_USD,1769774755.0,1.19457,1.19473,1.19465
EUR_USD,1769774760.0,1.19462,1.19478,1.19470
EUR_USD,1769774765.0,1.19462,1.19479,1.19470
EUR_USD,1769774770.0,1.19450,1.19467,1.19459
EUR_USD,1769774775.0,1.19451,1.19469,1.19460
EUR_USD,1769774780.0,1.19459,1.19475,1.19467
EUR_USD,1769774785.0,1.19458,1.19474,1.19466
EUR_USD,1769774790.0,1.19462,1.19478,1.19470
EUR_USD,1769774795.0,1.19463,1.19479,1.19471
EUR_USD,1769774800.0,1.19467,1.19483,1.19475
EUR_USD,1769774805.0,1.19466,1.19481,1.19474
EUR_USD,1769774810.0,1.19466,1.19483,1.19475
EUR_USD,1769774815.0,1.19467,1.19483,1.19475
EUR_USD,1769774820.0,1.19467,1.19483,1.19475
EUR_USD,1769774825.0,1.19467,1.19483,1.19475
EUR_USD,1769774830.0,1.19470,1.19486,1.19478
EUR_USD,1769774835.0,1.19466,1.19483,1.19475
EUR_USD,1769774840.0,1.19460,1.19476,1.19468
EUR_USD,1769774845.0,1.19453,1.19469,1.19461
EUR_USD,1769774850.0,1.19454,1.19469,1.19461
EUR_USD,1769774855.0,1.19453,1.19468,1.19461
EUR_USD,1769774860.0,1.19457,1.19474,1.19466
EUR_USD,1769774865.0,1.19460,1.19476,1.19468
EUR_USD,1769774870.0,1.19457,1.19474,1.19466
EUR_USD,1769774875.0,1.19458,1.19474,1.19466
EUR_USD,1769774880.0,1.19459,1.19474,1.19467
EUR_USD,1769774885.0,1.19447,1.19462,1.19454
EUR_USD,1769774890.0,1.19445,1.19463,1.19454
EUR_USD,1769774895.0,1.19447,1.19463,1.19455
EUR_USD,1769774900.0,1.19448,1.19464,1.19456
EUR_USD,1769774905.0,1.19465,1.19483,1.19474
EUR_USD,1769774910.0,1.19461,1.19477,1.19469
EUR_USD,1769774915.0,1.19460,1.19477,1.19469
EUR_USD,1769774920.0,1.19462,1.19479,1.19470
EUR_USD,1769774925.0,1.19459,1.19477,1.19468
EUR_USD,1769774930.0,1.19463,1.19480,1.19471
EUR_USD,1769774935.0,1.19461,1.19478,1.19469
EUR_USD,1769774940.0,1.19462,1.19479,1.19470
EUR_USD,1769774945.0,1.19461,1.19478,1.19469
EUR_USD,1769774950.0,1.19461,1.19478,1.19469
EUR_USD,1769774955.0,1.19462,1.19479,1.19470
EUR_USD,1769774960.0,1.19458,1.19474,1.19466
EUR_USD,1769774965.0,1.19474,1.19490,1.19482
EUR_USD,1769774970.0,1.19470,1.19487,1.19478
EUR_USD,1769774975.0,1.19470,1.19488,1.19479
EUR_USD,1769774980.0,1.19475,1.19492,1.19483
EUR_USD,1769774985.0,1.19483,1.19500,1.19491
EUR_USD,1769774990.0,1.19490,1.19506,1.19498
EUR_USD,1769774995.0,1.19495,1.19512,1.19503
EUR_USD,1769775000.0,1.19498,1.19513,1.19505
EUR_USD,1769775005.0,1.19492,1.19508,1.19500
EUR_USD,1769775010.0,1.19485,1.19504,1.19495
EUR_USD,1769775015.0,1.19488,1.19504,1.19496
EUR_USD,1769775020.0,1.19490,1.19505,1.19497
EUR_USD,1769775025.0,1.19493,1.19507,1.19500
EUR_USD,1769775030.0,1.19493,1.19508,1.19501
EUR_USD,1769775035.0,1.19494,1.19509,1.19501
EUR_USD,1769775040.0,1.19487,1.19502,1.19495
EUR_USD,1769775045.0,1.19487,1.19503,1.19495
EUR_USD,1769775050.0,1.19482,1.19497,1.19490
EUR_USD,1769775055.0,1.19482,1.19498,1.19490
EUR_USD,1769775060.0,1.19487,1.19502,1.19495
EUR_USD,1769775065.0,1.19487,1.19502,1.19495
EUR_USD,1769775070.0,1.19489,1.19504,1.19497
EUR_USD,1769775075.0,1.19489,1.19505,1.19497
EUR_USD,1769775080.0,1.19485,1.19503,1.19494
EUR_USD,1769775085.0,1.19489,1.19504,1.19497
EUR_USD,1769775090.0,1.19494,1.19510,1.19502
EUR_USD,1769775095.0,1.19494,1.19510,1.19502
EUR_USD,1769775100.0,1.19493,1.19510,1.19502
EUR_USD,1769775105.0,1.19496,1.19512,1.19504
EUR_USD,1769775110.0,1.19506,1.19521,1.19514
EUR_USD,1769775115.0,1.19498,1.19514,1.19506
EUR_USD,1769775120.0,1.19500,1.19515,1.19508
EUR_USD,1769775125.0,1.19499,1.19514,1.19507
EUR_USD,1769775130.0,1.19498,1.19513,1.19505
EUR_USD,1769775135.0,1.19501,1.19517,1.19509
EUR_USD,1769775140.0,1.19506,1.19521,1.19514
EUR_USD,1769775145.0,1.19498,1.19513,1.19505
EUR_USD,1769775150.0,1.19497,1.19514,1.19505
EUR_USD,1769775155.0,1.19498,1.19513,1.19505
EUR_USD,1769775160.0,1.19500,1.19516,1.19508
EUR_USD,1769775165.0,1.19497,1.19513,1.19505
EUR_USD,1769775170.0,1.19498,1.19514,1.19506
EUR_USD,1769775175.0,1.19497,1.19513,1.19505
EUR_USD,1769775180.0,1.19503,1.19518,1.19510
EUR_USD,1769775185.0,1.19503,1.19519,1.19511
EUR_USD,1769775190.0,1.19496,1.19514,1.19505
EUR_USD,1769775195.0,1.19500,1.19517,1.19509
EUR_USD,1769775200.0,1.19494,1.19511,1.19502
EUR_USD,1769775205.0,1.19495,1.19512,1.19503
EUR_USD,1769775210.0,1.19504,1.19521,1.19512
EUR_USD,1769775215.0,1.19507,1.19524,1.19516
EUR_USD,1769775220.0,1.19507,1.19523,1.19515
EUR_USD,1769775225.0,1.19508,1.19524,1.19516
EUR_USD,1769775230.0,1.19508,1.19524,1.19516
EUR_USD,1769775235.0,1.19508,1.19524,1.19516
EUR_USD,1769775240.0,1.19507,1.19523,1.19515
EUR_USD,1769775245.0,1.19503,1.19518,1.19510
EUR_USD,1769775250.0,1.19509,1.19525,1.19517
EUR_USD,1769775255.0,1.19503,1.19518,1.19510
EUR_USD,1769775260.0,1.19509,1.19523,1.19516
EUR_USD,1769775265.0,1.19512,1.19527,1.19520
EUR_USD,1769775270.0,1.19516,1.19531,1.19524
EUR_USD,1769775275.0,1.19517,1.19533,1.19525
EUR_USD,1769775280.0,1.19516,1.19531,1.19524
EUR_USD,1769775285.0,1.19513,1.19528,1.19521
EUR_USD,1769775290.0,1.19510,1.19524,1.19517
EUR_USD,1769775295.0,1.19513,1.19527,1.19520
EUR_USD,1769775300.0,1.19511,1.19525,1.19518
EUR_USD,1769775305.0,1.19507,1.19521,1.19514
EUR_USD,1769775310.0,1.19496,1.19510,1.19503
EUR_USD,1769775315.0,1.19489,1.19503,1.19496
EUR_USD,1769775320.0,1.19489,1.19504,1.19497
EUR_USD,1769775325.0,1.19488,1.19502,1.19495
EUR_USD,1769775330.0,1.19486,1.19502,1.19494
EUR_USD,1769775335.0,1.19478,1.19492,1.19485
EUR_USD,1769775340.0,1.19478,1.19492,1.19485
EUR_USD,1769775345.0,1.19478,1.19494,1.19486
EUR_USD,1769775350.0,1.19482,1.19496,1.19489
EUR_USD,1769775355.0,1.19482,1.19496,1.19489
EUR_USD,1769775360.0,1.19496,1.19511,1.19503
EUR_USD,1769775365.0,1.19492,1.19508,1.19500
EUR_USD,1769775370.0,1.19492,1.19507,1.19500
EUR_USD,1769775375.0,1.19492,1.19507,1.19500
EUR_USD,1769775380.0,1.19493,1.19509,1.19501
EUR_USD,1769775385.0,1.19493,1.19509,1.19501
EUR_USD,1769775390.0,1.19492,1.19508,1.19500
EUR_USD,1769775395.0,1.19492,1.19508,1.19500
EUR_USD,1769775400.0,1.19486,1.19503,1.19495
EUR_USD,1769775405.0,1.19485,1.19501,1.19493
EUR_USD,1769775410.0,1.19483,1.19499,1.19491
EUR_USD,1769775415.0,1.19482,1.19498,1.19490
EUR_USD,1769775420.0,1.19483,1.19499,1.19491
EUR_USD,1769775425.0,1.19487,1.19505,1.19496
EUR_USD,1769775430.0,1.19492,1.19508,1.19500
EUR_USD,1769775435.0,1.19486,1.19503,1.19495
EUR_USD,1769775440.0,1.19475,1.19492,1.19483
EUR_USD,1769775445.0,1.19477,1.19493,1.19485
EUR_USD,1769775450.0,1.19482,1.19498,1.19490
EUR_USD,1769775455.0,1.19476,1.19494,1.19485
EUR_USD,1769775460.0,1.19477,1.19493,1.19485
EUR_USD,1769775465.0,1.19474,1.19492,1.19483
EUR_USD,1769775470.0,1.19472,1.19487,1.19480
EUR_USD,1769775475.0,1.19469,1.19485,1.19477
EUR_USD,1769775480.0,1.19464,1.19480,1.19472
EUR_USD,1769775485.0,1.19462,1.19478,1.19470
EUR_USD,1769775490.0,1.19461,1.19478,1.19469
EUR_USD,1769775495.0,1.19462,1.19479,1.19470
EUR_USD,1769775500.0,1.19458,1.19475,1.19467
EUR_USD,1769775505.0,1.19456,1.19474,1.19465
EUR_USD,1769775510.0,1.19460,1.19476,1.19468
EUR_USD,1769775515.0,1.19460,1.19477,1.19469
EUR_USD,1769775520.0,1.19461,1.19479,1.19470
EUR_USD,1769775525.0,1.19458,1.19475,1.19467
EUR_USD,1769775530.0,1.19468,1.19484,1.19476
EUR_USD,1769775535.0,1.19463,1.19480,1.19471
EUR_USD,1769775540.0,1.19463,1.19478,1.19470
EUR_USD,1769775545.0,1.19466,1.19481,1.19474
EUR_USD,1769775550.0,1.19462,1.19479,1.19470
EUR_USD,1769775555.0,1.19465,1.19482,1.19474
EUR_USD,1769775560.0,1.19462,1.19478,1.19470
EUR_USD,1769775565.0,1.19462,1.19478,1.19470
EUR_USD,1769775570.0,1.19458,1.19474,1.19466
EUR_USD,1769775575.0,1.19460,1.19477,1.19469
EUR_USD,1769775580.0,1.19462,1.19478,1.19470
EUR_USD,1769775585.0,1.19466,1.19482,1.19474
EUR_USD,1769775590.0,1.19466,1.19482,1.19474
EUR_USD,1769775595.0,1.19465,1.19481,1.19473
EUR_USD,1769775600.0,1.19464,1.19479,1.19471
EUR_USD,1769775605.0,1.19457,1.19473,1.19465
EUR_USD,1769775610.0,1.19459,1.19476,1.19468
EUR_USD,1769775615.0,1.19468,1.19483,1.19476
EUR_USD,1769775620.0,1.19466,1.19482,1.19474
EUR_USD,1769775625.0,1.19460,1.19475,1.19468
EUR_USD,1769775630.0,1.19459,1.19475,1.19467
EUR_USD,1769775635.0,1.19458,1.19473,1.19466
EUR_USD,1769775640.0,1.19460,1.19478,1.19469
EUR_USD,1769775645.0,1.19455,1.19471,1.19463
EUR_USD,1769775650.0,1.19456,1.19472,1.19464
EUR_USD,1769775655.0,1.19455,1.19472,1.19463
EUR_USD,1769775660.0,1.19459,1.19475,1.19467
EUR_USD,1769775665.0,1.19456,1.19473,1.19464
EUR_USD,1769775670.0,1.19460,1.19476,1.19468
EUR_USD,1769775675.0,1.19455,1.19471,1.19463
EUR_USD,1769775680.0,1.19452,1.19469,1.19461
EUR_USD,1769775685.0,1.19453,1.19469,1.19461
EUR_USD,1769775690.0,1.19453,1.19469,1.19461
EUR_USD,1769775695.0,1.19453,1.19469,1.19461
EUR_USD,1769775700.0,1.19450,1.19466,1.19458
EUR_USD,1769775705.0,1.19455,1.19471,1.19463
EUR_USD,1769775710.0,1.19456,1.19472,1.19464
EUR_USD,1769775715.0,1.19456,1.19472,1.19464
EUR_USD,1769775720.0,1.19467,1.19484,1.19475
EUR_USD,1769775725.0,1.19462,1.19479,1.19470
EUR_USD,1769775730.0,1.19462,1.19480,1.19471
EUR_USD,1769775735.0,1.19466,1.19482,1.19474
EUR_USD,1769775740.0,1.19466,1.19482,1.19474
EUR_USD,1769775745.0,1.19469,1.19486,1.19477
EUR_USD,1769775750.0,1.19464,1.19480,1.19472
EUR_USD,1769775755.0,1.19471,1.19487,1.19479
EUR_USD,1769775760.0,1.19467,1.19483,1.19475
EUR_USD,1769775765.0,1.19465,1.19482,1.19474
EUR_USD,1769775770.0,1.19466,1.19482,1.19474
EUR_USD,1769775775.0,1.19466,1.19482,1.19474
EUR_USD,1769775780.0,1.19463,1.19479,1.19471
EUR_USD,1769775785.0,1.19466,1.19482,1.19474
EUR_USD,1769775790.0,1.19465,1.19481,1.19473
EUR_USD,1769775795.0,1.19462,1.19478,1.19470
EUR_USD,1769775800.0,1.19454,1.19471,1.19462
EUR_USD,1769775805.0,1.19452,1.19469,1.19461
EUR_USD,1769775810.0,1.19452,1.19469,1.19461
EUR_USD,1769775815.0,1.19452,1.19469,1.19461
EUR_USD,1769775820.0,1.19447,1.19463,1.19455
EUR_USD,1769775825.0,1.19453,1.19469,1.19461
EUR_USD,1769775830.0,1.19452,1.19466,1.19459
EUR_USD,1769775835.0,1.19445,1.19462,1.19454
EUR_USD,1769775840.0,1.19445,1.19462,1.19454
EUR_USD,1769775845.0,1.19443,1.19459,1.19451
EUR_USD,1769775850.0,1.19445,1.19460,1.19453
EUR_USD,1769775855.0,1.19439,1.19455,1.19447
EUR_USD,1769775860.0,1.19443,1.19460,1.19451
EUR_USD,1769775865.0,1.19435,1.19452,1.19443
EUR_USD,1769775870.0,1.19435,1.19452,1.19443
EUR_USD,1769775875.0,1.19427,1.19445,1.19436
EUR_USD,1769775880.0,1.19425,1.19443,1.19434
EUR_USD,1769775885.0,1.19425,1.19443,1.19434
EUR_USD,1769775890.0,1.19429,1.19446,1.19437
EUR_USD,1769775895.0,1.19432,1.19449,1.19441
EUR_USD,1769775900.0,1.19435,1.19451,1.19443
EUR_USD,1769775905.0,1.19434,1.19452,1.19443
EUR_USD,1769775910.0,1.19430,1.19448,1.19439
EUR_USD,1769775915.0,1.19430,1.19448,1.19439
EUR_USD,1769775920.0,1.19432,1.19448,1.19440
EUR_USD,1769775925.0,1.19432,1.19448,1.19440
EUR_USD,1769775930.0,1.19430,1.19446,1.19438
EUR_USD,1769775935.0,1.19427,1.19443,1.19435
EUR_USD,1769775940.0,1.19423,1.19439,1.19431
EUR_USD,1769775945.0,1.19416,1.19433,1.19425
EUR_USD,1769775950.0,1.19415,1.19432,1.19423
EUR_USD,1769775955.0,1.19409,1.19426,1.19417
EUR_USD,1769775960.0,1.19405,1.19422,1.19414
EUR_USD,1769775965.0,1.19410,1.19427,1.19419
EUR_USD,1769775970.0,1.19413,1.19429,1.19421
EUR_USD,1769775975.0,1.19422,1.19438,1.19430
EUR_USD,1769775980.0,1.19426,1.19442,1.19434
EUR_USD,1769775985.0,1.19437,1.19453,1.19445
EUR_USD,1769775990.0,1.19436,1.19453,1.19444
EUR_USD,1769775995.0,1.19435,1.19452,1.19443
EUR_USD,1769776000.0,1.19438,1.19453,1.19446
EUR_USD,1769776005.0,1.19439,1.19454,1.19447
EUR_USD,1769776010.0,1.19437,1.19453,1.19445
EUR_USD,1769776015.0,1.19437,1.19452,1.19444
EUR_USD,1769776020.0,1.19442,1.19458,1.19450
EUR_USD,1769776025.0,1.19447,1.19463,1.19455
EUR_USD,1769776030.0,1.19430,1.19447,1.19439
EUR_USD,1769776035.0,1.19430,1.19447,1.19439
EUR_USD,1769776040.0,1.19429,1.19447,1.19438
EUR_USD,1769776045.0,1.19430,1.19448,1.19439
EUR_USD,1769776050.0,1.19431,1.19448,1.19440
EUR_USD,1769776055.0,1.19436,1.19452,1.19444
EUR_USD,1769776060.0,1.19432,1.19448,1.19440
EUR_USD,1769776065.0,1.19431,1.19447,1.19439
EUR_USD,1769776070.0,1.19431,1.19448,1.19440
EUR_USD,1769776075.0,1.19427,1.19444,1.19435
EUR_USD,1769776080.0,1.19427,1.19444,1.19435
EUR_USD,1769776085.0,1.19424,1.19441,1.19433
EUR_USD,1769776090.0,1.19421,1.19437,1.19429
EUR_USD,1769776095.0,1.19417,1.19433,1.19425
EUR_USD,1769776100.0,1.19412,1.19428,1.19420
EUR_USD,1769776105.0,1.19421,1.19437,1.19429
EUR_USD,1769776110.0,1.19419,1.19434,1.19427
EUR_USD,1769776115.0,1.19416,1.19433,1.19425
EUR_USD,1769776120.0,1.19417,1.19433,1.19425
EUR_USD,1769776125.0,1.19416,1.19433,1.19425
EUR_USD,1769776130.0,1.19413,1.19430,1.19421
EUR_USD,1769776135.0,1.19415,1.19433,1.19424
EUR_USD,1769776140.0,1.19417,1.19434,1.19426
EUR_USD,1769776145.0,1.19419,1.19435,1.19427
EUR_USD,1769776150.0,1.19420,1.19437,1.19428
EUR_USD,1769776155.0,1.19421,1.19437,1.19429
EUR_USD,1769776160.0,1.19423,1.19439,1.19431
EUR_USD,1769776165.0,1.19424,1.19441,1.19433
EUR_USD,1769776170.0,1.19422,1.19438,1.19430
EUR_USD,1769776175.0,1.19425,1.19441,1.19433
EUR_USD,1769776180.0,1.19423,1.19440,1.19432
EUR_USD,1769776185.0,1.19420,1.19436,1.19428
EUR_USD,1769776190.0,1.19419,1.19433,1.19426
EUR_USD,1769776195.0,1.19412,1.19430,1.19421
EUR_USD,1769776200.0,1.19416,1.19432,1.19424
EUR_USD,1769776205.0,1.19419,1.19434,1.19427
EUR_USD,1769776210.0,1.19416,1.19433,1.19425
EUR_USD,1769776215.0,1.19423,1.19437,1.19430
EUR_USD,1769776220.0,1.19417,1.19432,1.19425
EUR_USD,1769776225.0,1.19417,1.19434,1.19426
EUR_USD,1769776230.0,1.19426,1.19442,1.19434
EUR_USD,1769776235.0,1.19429,1.19444,1.19436
EUR_USD,1769776240.0,1.19427,1.19444,1.19435
EUR_USD,1769776245.0,1.19425,1.19441,1.19433
EUR_USD,1769776250.0,1.19430,1.19446,1.19438
EUR_USD,1769776255.0,1.19430,1.19446,1.19438
EUR_USD,1769776260.0,1.19415,1.19432,1.19423
EUR_USD,1769776265.0,1.19416,1.19432,1.19424
EUR_USD,1769776270.0,1.19420,1.19436,1.19428
EUR_USD,1769776275.0,1.19420,1.19436,1.19428
EUR_USD,1769776280.0,1.19419,1.19436,1.19428
EUR_USD,1769776285.0,1.19417,1.19434,1.19426
EUR_USD,1769776290.0,1.19425,1.19442,1.19434
EUR_USD,1769776295.0,1.19425,1.19442,1.19434
EUR_USD,1769776300.0,1.19415,1.19432,1.19423
EUR_USD,1769776305.0,1.19416,1.19432,1.19424
EUR_USD,1769776310.0,1.19415,1.19431,1.19423
EUR_USD,1769776315.0,1.19415,1.19431,1.19423
EUR_USD,1769776320.0,1.19414,1.19430,1.19422
EUR_USD,1769776325.0,1.19415,1.19432,1.19423
EUR_USD,1769776330.0,1.19416,1.19432,1.19424
EUR_USD,1769776335.0,1.19414,1.19432,1.19423
EUR_USD,1769776340.0,1.19404,1.19421,1.19413
EUR_USD,1769776345.0,1.19396,1.19412,1.19404
EUR_USD,1769776350.0,1.19396,1.19415,1.19406
EUR_USD,1769776355.0,1.19395,1.19412,1.19403
EUR_USD,1769776360.0,1.19393,1.19411,1.19402
EUR_USD,1769776365.0,1.19393,1.19410,1.19401
EUR_USD,1769776370.0,1.19393,1.19411,1.19402
EUR_USD,1769776375.0,1.19393,1.19410,1.19401
EUR_USD,1769776380.0,1.19386,1.19402,1.19394
EUR_USD,1769776385.0,1.19387,1.19404,1.19395
EUR_USD,1769776390.0,1.19396,1.19412,1.19404
EUR_USD,1769776395.0,1.19394,1.19411,1.19402
EUR_USD,1769776400.0,1.19387,1.19403,1.19395
EUR_USD,1769776405.0,1.19382,1.19398,1.19390
EUR_USD,1769776410.0,1.19387,1.19403,1.19395
EUR_USD,1769776415.0,1.19384,1.19401,1.19393
EUR_USD,1769776420.0,1.19386,1.19401,1.19393
EUR_USD,1769776425.0,1.19386,1.19401,1.19393
EUR_USD,1769776430.0,1.19386,1.19401,1.19393
EUR_USD,1769776435.0,1.19386,1.19401,1.19393
EUR_USD,1769776440.0,1.19384,1.19401,1.19393
EUR_USD,1769776445.0,1.19385,1.19401,1.19393
EUR_USD,1769776450.0,1.19392,1.19407,1.19400
EUR_USD,1769776455.0,1.19391,1.19406,1.19399
EUR_USD,1769776460.0,1.19391,1.19406,1.19399
EUR_USD,1769776465.0,1.19386,1.19400,1.19393
EUR_USD,1769776470.0,1.19387,1.19404,1.19395
EUR_USD,1769776475.0,1.19393,1.19407,1.19400
EUR_USD,1769776480.0,1.19392,1.19407,1.19400
EUR_USD,1769776485.0,1.19391,1.19407,1.19399
EUR_USD,1769776490.0,1.19389,1.19405,1.19397
EUR_USD,1769776495.0,1.19391,1.19406,1.19399
EUR_USD,1769776500.0,1.19390,1.19405,1.19398
EUR_USD,1769776505.0,1.19390,1.19406,1.19398
EUR_USD,1769776510.0,1.19386,1.19402,1.19394
EUR_USD,1769776515.0,1.19382,1.19397,1.19389
EUR_USD,1769776520.0,1.19383,1.19399,1.19391
EUR_USD,1769776525.0,1.19391,1.19407,1.19399
EUR_USD,1769776530.0,1.19396,1.19413,1.19405
EUR_USD,1769776535.0,1.19395,1.19411,1.19403
EUR_USD,1769776540.0,1.19390,1.19406,1.19398
EUR_USD,1769776545.0,1.19397,1.19412,1.19405
EUR_USD,1769776550.0,1.19397,1.19412,1.19405
EUR_USD,1769776555.0,1.19396,1.19412,1.19404
EUR_USD,1769776560.0,1.19396,1.19412,1.19404
EUR_USD,1769776565.0,1.19396,1.19411,1.19403
EUR_USD,1769776570.0,1.19402,1.19417,1.19409
EUR_USD,1769776575.0,1.19402,1.19417,1.19409
EUR_USD,1769776580.0,1.19407,1.19422,1.19415
EUR_USD,1769776585.0,1.19417,1.19431,1.19424
EUR_USD,1769776590.0,1.19412,1.19428,1.19420
EUR_USD,1769776595.0,1.19410,1.19426,1.19418
EUR_USD,1769776600.0,1.19407,1.19424,1.19415
EUR_USD,1769776605.0,1.19401,1.19418,1.19409
EUR_USD,1769776610.0,1.19405,1.19422,1.19414
EUR_USD,1769776615.0,1.19410,1.19427,1.19419
EUR_USD,1769776620.0,1.19402,1.19420,1.19411
EUR_USD,1769776625.0,1.19397,1.19414,1.19406
EUR_USD,1769776630.0,1.19397,1.19413,1.19405
EUR_USD,1769776635.0,1.19388,1.19403,1.19395
EUR_USD,1769776640.0,1.19383,1.19398,1.19390
EUR_USD,1769776645.0,1.19383,1.19399,1.19391
EUR_USD,1769776650.0,1.19380,1.19396,1.19388
EUR_USD,1769776655.0,1.19372,1.19388,1.19380
EUR_USD,1769776660.0,1.19372,1.19387,1.19379
EUR_USD,1769776665.0,1.19375,1.19391,1.19383
EUR_USD,1769776670.0,1.19375,1.19392,1.19383
EUR_USD,1769776675.0,1.19381,1.19398,1.19389
EUR_USD,1769776680.0,1.19384,1.19400,1.19392
EUR_USD,1769776685.0,1.19374,1.19392,1.19383
EUR_USD,1769776690.0,1.19375,1.19392,1.19383
EUR_USD,1769776695.0,1.19374,1.19391,1.19382
EUR_USD,1769776700.0,1.19379,1.19396,1.19387
EUR_USD,1769776705.0,1.19379,1.19395,1.19387
EUR_USD,1769776710.0,1.19378,1.19394,1.19386
EUR_USD,1769776715.0,1.19374,1.19389,1.19381
EUR_USD,1769776720.0,1.19375,1.19391,1.19383
EUR_USD,1769776725.0,1.19375,1.19390,1.19382
EUR_USD,1769776730.0,1.19373,1.19389,1.19381
EUR_USD,1769776735.0,1.19370,1.19387,1.19379
EUR_USD,1769776740.0,1.19366,1.19383,1.19374
EUR_USD,1769776745.0,1.19363,1.19379,1.19371
EUR_USD,1769776750.0,1.19364,1.19380,1.19372
EUR_USD,1769776755.0,1.19356,1.19372,1.19364
EUR_USD,1769776760.0,1.19344,1.19362,1.19353
EUR_USD,1769776765.0,1.19349,1.19365,1.19357
EUR_USD,1769776770.0,1.19349,1.19367,1.19358
EUR_USD,1769776775.0,1.19349,1.19365,1.19357
EUR_USD,1769776780.0,1.19350,1.19367,1.19359
EUR_USD,1769776785.0,1.19346,1.19363,1.19354
EUR_USD,1769776790.0,1.19345,1.19361,1.19353
EUR_USD,1769776795.0,1.19343,1.19359,1.19351
EUR_USD,1769776800.0,1.19344,1.19360,1.19352
EUR_USD,1769776805.0,1.19348,1.19365,1.19356
EUR_USD,1769776810.0,1.19344,1.19361,1.19353
EUR_USD,1769776815.0,1.19340,1.19357,1.19348
EUR_USD,1769776820.0,1.19334,1.19351,1.19342
EUR_USD,1769776825.0,1.19334,1.19351,1.19342
EUR_USD,1769776830.0,1.19329,1.19346,1.19338
EUR_USD,1769776835.0,1.19324,1.19340,1.19332
EUR_USD,1769776840.0,1.19311,1.19328,1.19319
EUR_USD,1769776845.0,1.19310,1.19326,1.19318
EUR_USD,1769776850.0,1.19322,1.19337,1.19329
EUR_USD,1769776855.0,1.19321,1.19337,1.19329
EUR_USD,1769776860.0,1.19326,1.19343,1.19334
EUR_USD,1769776865.0,1.19337,1.19353,1.19345
EUR_USD,1769776870.0,1.19336,1.19351,1.19344
EUR_USD,1769776875.0,1.19336,1.19352,1.19344
EUR_USD,1769776880.0,1.19331,1.19348,1.19340
EUR_USD,1769776885.0,1.19336,1.19352,1.19344
EUR_USD,1769776890.0,1.19331,1.19348,1.19340
EUR_USD,1769776895.0,1.19337,1.19352,1.19345
EUR_USD,1769776900.0,1.19348,1.19364,1.19356
EUR_USD,1769776905.0,1.19346,1.19363,1.19354
EUR_USD,1769776910.0,1.19351,1.19367,1.19359
EUR_USD,1769776915.0,1.19339,1.19356,1.19347
EUR_USD,1769776920.0,1.19337,1.19353,1.19345
EUR_USD,1769776925.0,1.19329,1.19346,1.19338
EUR_USD,1769776930.0,1.19315,1.19332,1.19324
EUR_USD,1769776935.0,1.19299,1.19316,1.19307
EUR_USD,1769776940.0,1.19300,1.19316,1.19308
EUR_USD,1769776945.0,1.19300,1.19316,1.19308
EUR_USD,1769776950.0,1.19311,1.19327,1.19319
EUR_USD,1769776955.0,1.19310,1.19327,1.19319
EUR_USD,1769776960.0,1.19302,1.19320,1.19311
EUR_USD,1769776965.0,1.19300,1.19317,1.19308
EUR_USD,1769776970.0,1.19290,1.19306,1.19298
EUR_USD,1769776975.0,1.19289,1.19306,1.19298
EUR_USD,1769776980.0,1.19290,1.19307,1.19299
EUR_USD,1769776985.0,1.19286,1.19303,1.19294
EUR_USD,1769776990.0,1.19282,1.19299,1.19291
EUR_USD,1769776995.0,1.19282,1.19299,1.19291
EUR_USD,1769777000.0,1.19281,1.19298,1.19290
EUR_USD,1769777005.0,1.19284,1.19301,1.19292
EUR_USD,1769777010.0,1.19271,1.19288,1.19279
EUR_USD,1769777015.0,1.19270,1.19286,1.19278
EUR_USD,1769777020.0,1.19265,1.19282,1.19273
EUR_USD,1769777025.0,1.19261,1.19277,1.19269
EUR_USD,1769777030.0,1.19250,1.19267,1.19258
EUR_USD,1769777035.0,1.19254,1.19272,1.19263
EUR_USD,1769777040.0,1.19260,1.19276,1.19268
EUR_USD,1769777045.0,1.19260,1.19276,1.19268
EUR_USD,1769777050.0,1.19260,1.19275,1.19267
EUR_USD,1769777055.0,1.19265,1.19280,1.19273
EUR_USD,1769777060.0,1.19263,1.19279,1.19271
EUR_USD,1769777065.0,1.19262,1.19279,1.19271
EUR_USD,1769777070.0,1.19265,1.19281,1.19273
EUR_USD,1769777075.0,1.19267,1.19284,1.19276
EUR_USD,1769777080.0,1.19265,1.19281,1.19273
EUR_USD,1769777085.0,1.19269,1.19284,1.19277
EUR_USD,1769777090.0,1.19267,1.19284,1.19276
EUR_USD,1769777095.0,1.19260,1.19277,1.19268
EUR_USD,1769777100.0,1.19259,1.19275,1.19267
EUR_USD,1769777105.0,1.19260,1.19276,1.19268
EUR_USD,1769777110.0,1.19254,1.19271,1.19263
EUR_USD,1769777115.0,1.19254,1.19271,1.19263
EUR_USD,1769777120.0,1.19240,1.19259,1.19250
EUR_USD,1769777125.0,1.19241,1.19258,1.19250
EUR_USD,1769777130.0,1.19209,1.19226,1.19218
EUR_USD,1769777135.0,1.19224,1.19242,1.19233
EUR_USD,1769777140.0,1.19212,1.19231,1.19222
EUR_USD,1769777145.0,1.19201,1.19216,1.19209
EUR_USD,1769777150.0,1.19201,1.19220,1.19210
EUR_USD,1769777155.0,1.19214,1.19231,1.19223
EUR_USD,1769777160.0,1.19201,1.19218,1.19210
EUR_USD,1769777165.0,1.19202,1.19218,1.19210
EUR_USD,1769777170.0,1.19201,1.19218,1.19210
EUR_USD,1769777175.0,1.19203,1.19220,1.19211
EUR_USD,1769777180.0,1.19212,1.19229,1.19220
EUR_USD,1769777185.0,1.19216,1.19232,1.19224
EUR_USD,1769777190.0,1.19220,1.19237,1.19229
EUR_USD,1769777195.0,1.19236,1.19252,1.19244
EUR_USD,1769777200.0,1.19227,1.19243,1.19235
EUR_USD,1769777205.0,1.19241,1.19256,1.19249
EUR_USD,1769777210.0,1.19234,1.19252,1.19243
EUR_USD,1769777215.0,1.19221,1.19238,1.19230
EUR_USD,1769777220.0,1.19212,1.19228,1.19220
EUR_USD,1769777225.0,1.19207,1.19223,1.19215
EUR_USD,1769777230.0,1.19212,1.19228,1.19220
EUR_USD,1769777235.0,1.19201,1.19218,1.19210
EUR_USD,1769777240.0,1.19208,1.19225,1.19217
EUR_USD,1769777245.0,1.19218,1.19233,1.19225
EUR_USD,1769777250.0,1.19217,1.19233,1.19225
EUR_USD,1769777255.0,1.19204,1.19219,1.19212
EUR_USD,1769777260.0,1.19202,1.19216,1.19209
EUR_USD,1769777265.0,1.19202,1.19218,1.19210
EUR_USD,1769777270.0,1.19203,1.19220,1.19211
EUR_USD,1769777275.0,1.19209,1.19225,1.19217
EUR_USD,1769777280.0,1.19209,1.19224,1.19217
EUR_USD,1769777285.0,1.19210,1.19226,1.19218
EUR_USD,1769777290.0,1.19211,1.19229,1.19220
EUR_USD,1769777295.0,1.19215,1.19231,1.19223
EUR_USD,1769777300.0,1.19215,1.19231,1.19223
EUR_USD,1769777305.0,1.19217,1.19234,1.19225
EUR_USD,1769777310.0,1.19217,1.19233,1.19225
EUR_USD,1769777315.0,1.19217,1.19233,1.19225
EUR_USD,1769777320.0,1.19212,1.19229,1.19220
EUR_USD,1769777325.0,1.19211,1.19227,1.19219
EUR_USD,1769777330.0,1.19207,1.19223,1.19215
EUR_USD,1769777335.0,1.19212,1.19228,1.19220
EUR_USD,1769777340.0,1.19211,1.19228,1.19219
EUR_USD,1769777345.0,1.19212,1.19228,1.19220
EUR_USD,1769777350.0,1.19206,1.19222,1.19214
EUR_USD,1769777355.0,1.19207,1.19223,1.19215
EUR_USD,1769777360.0,1.19206,1.19223,1.19215
EUR_USD,1769777365.0,1.19209,1.19225,1.19217
EUR_USD,1769777370.0,1.19213,1.19231,1.19222
EUR_USD,1769777375.0,1.19211,1.19228,1.19219
EUR_USD,1769777380.0,1.19216,1.19233,1.19224
EUR_USD,1769777385.0,1.19227,1.19244,1.19236
EUR_USD,1769777390.0,1.19226,1.19242,1.19234
EUR_USD,1769777395.0,1.19223,1.19241,1.19232
EUR_USD,1769777400.0,1.19234,1.19250,1.19242
EUR_USD,1769777405.0,1.19234,1.19250,1.19242
EUR_USD,1769777410.0,1.19247,1.19262,1.19254
EUR_USD,1769777415.0,1.19247,1.19264,1.19256
EUR_USD,1769777420.0,1.19233,1.19250,1.19242
EUR_USD,1769777425.0,1.19228,1.19244,1.19236
EUR_USD,1769777430.0,1.19227,1.19243,1.19235
EUR_USD,1769777435.0,1.19231,1.19246,1.19239
EUR_USD,1769777440.0,1.19225,1.19242,1.19233
EUR_USD,1769777445.0,1.19218,1.19234,1.19226
EUR_USD,1769777450.0,1.19221,1.19239,1.19230
EUR_USD,1769777455.0,1.19223,1.19239,1.19231
EUR_USD,1769777460.0,1.19224,1.19240,1.19232
EUR_USD,1769777465.0,1.19223,1.19240,1.19231
EUR_USD,1769777470.0,1.19220,1.19237,1.19229
EUR_USD,1769777475.0,1.19224,1.19240,1.19232
EUR_USD,1769777480.0,1.19208,1.19225,1.19217
EUR_USD,1769777485.0,1.19209,1.19225,1.19217
EUR_USD,1769777490.0,1.19216,1.19232,1.19224
EUR_USD,1769777495.0,1.19213,1.19231,1.19222
EUR_USD,1769777500.0,1.19215,1.19232,1.19224
EUR_USD,1769777505.0,1.19215,1.19233,1.19224
EUR_USD,1769777510.0,1.19216,1.19234,1.19225
EUR_USD,1769777515.0,1.19218,1.19235,1.19226
EUR_USD,1769777520.0,1.19217,1.19233,1.19225
EUR_USD,1769777525.0,1.19218,1.19234,1.19226
EUR_USD,1769777530.0,1.19217,1.19234,1.19225
EUR_USD,1769777535.0,1.19223,1.19240,1.19231
EUR_USD,1769777540.0,1.19226,1.19242,1.19234
EUR_USD,1769777545.0,1.19223,1.19239,1.19231
EUR_USD,1769777550.0,1.19223,1.19238,1.19230
EUR_USD,1769777555.0,1.19223,1.19239,1.19231
EUR_USD,1769777560.0,1.19228,1.19244,1.19236
EUR_USD,1769777565.0,1.19228,1.19244,1.19236
EUR_USD,1769777570.0,1.19227,1.19241,1.19234
EUR_USD,1769777575.0,1.19229,1.19244,1.19237
EUR_USD,1769777580.0,1.19231,1.19247,1.19239
EUR_USD,1769777585.0,1.19233,1.19248,1.19240
EUR_USD,1769777590.0,1.19234,1.19249,1.19242
EUR_USD,1769777595.0,1.19228,1.19244,1.19236
EUR_USD,1769777600.0,1.19230,1.19244,1.19237
EUR_USD,1769777605.0,1.19230,1.19246,1.19238
EUR_USD,1769777610.0,1.19228,1.19244,1.19236
EUR_USD,1769777615.0,1.19232,1.19249,1.19240
EUR_USD,1769777620.0,1.19229,1.19245,1.19237
EUR_USD,1769777625.0,1.19228,1.19245,1.19237
EUR_USD,1769777630.0,1.19229,1.19245,1.19237
EUR_USD,1769777635.0,1.19233,1.19250,1.19242
EUR_USD,1769777640.0,1.19219,1.19235,1.19227
EUR_USD,1769777645.0,1.19219,1.19236,1.19227
EUR_USD,1769777650.0,1.19219,1.19233,1.19226
EUR_USD,1769777655.0,1.19217,1.19233,1.19225
EUR_USD,1769777660.0,1.19218,1.19235,1.19226
EUR_USD,1769777665.0,1.19217,1.19234,1.19225
EUR_USD,1769777670.0,1.19212,1.19228,1.19220
EUR_USD,1769777675.0,1.19208,1.19225,1.19217
EUR_USD,1769777680.0,1.19207,1.19224,1.19216
EUR_USD,1769777685.0,1.19207,1.19223,1.19215
EUR_USD,1769777690.0,1.19204,1.19220,1.19212
EUR_USD,1769777695.0,1.19172,1.19187,1.19179
EUR_USD,1769777700.0,1.19172,1.19188,1.19180
EUR_USD,1769777705.0,1.19170,1.19185,1.19178
EUR_USD,1769777710.0,1.19156,1.19173,1.19164
EUR_USD,1769777715.0,1.19153,1.19168,1.19161
EUR_USD,1769777720.0,1.19157,1.19172,1.19164
EUR_USD,1769777725.0,1.19166,1.19183,1.19175
EUR_USD,1769777730.0,1.19167,1.19184,1.19176
EUR_USD,1769777735.0,1.19173,1.19190,1.19182
EUR_USD,1769777740.0,1.19179,1.19194,1.19186
EUR_USD,1769777745.0,1.19176,1.19192,1.19184
EUR_USD,1769777750.0,1.19177,1.19193,1.19185
EUR_USD,1769777755.0,1.19183,1.19200,1.19191
EUR_USD,1769777760.0,1.19178,1.19193,1.19185
EUR_USD,1769777765.0,1.19178,1.19195,1.19186
EUR_USD,1769777770.0,1.19182,1.19196,1.19189
EUR_USD,1769777775.0,1.19173,1.19189,1.19181
EUR_USD,1769777780.0,1.19175,1.19191,1.19183
EUR_USD,1769777785.0,1.19167,1.19183,1.19175
EUR_USD,1769777790.0,1.19151,1.19168,1.19159
EUR_USD,1769777795.0,1.19146,1.19162,1.19154
EUR_USD,1769777800.0,1.19147,1.19164,1.19156
EUR_USD,1769777805.0,1.19145,1.19160,1.19152
EUR_USD,1769777810.0,1.19148,1.19163,1.19156
EUR_USD,1769777815.0,1.19148,1.19164,1.19156
EUR_USD,1769777820.0,1.19167,1.19184,1.19176
EUR_USD,1769777825.0,1.19168,1.19183,1.19176
EUR_USD,1769777830.0,1.19168,1.19184,1.19176
EUR_USD,1769777835.0,1.19172,1.19189,1.19181
EUR_USD,1769777840.0,1.19172,1.19189,1.19181
EUR_USD,1769777845.0,1.19172,1.19186,1.19179
EUR_USD,1769777850.0,1.19187,1.19202,1.19195
EUR_USD,1769777855.0,1.19187,1.19202,1.19195
EUR_USD,1769777860.0,1.19173,1.19189,1.19181
EUR_USD,1769777865.0,1.19169,1.19184,1.19176
EUR_USD,1769777870.0,1.19172,1.19189,1.19181
EUR_USD,1769777875.0,1.19175,1.19192,1.19184
EUR_USD,1769777880.0,1.19180,1.19197,1.19189
EUR_USD,1769777885.0,1.19182,1.19198,1.19190
EUR_USD,1769777890.0,1.19189,1.19205,1.19197
EUR_USD,1769777895.0,1.19182,1.19197,1.19190
EUR_USD,1769777900.0,1.19182,1.19198,1.19190
EUR_USD,1769777905.0,1.19180,1.19198,1.19189
EUR_USD,1769777910.0,1.19181,1.19199,1.19190
EUR_USD,1769777915.0,1.19181,1.19198,1.19190
EUR_USD,1769777920.0,1.19180,1.19195,1.19188
EUR_USD,1769777925.0,1.19182,1.19197,1.19190
EUR_USD,1769777930.0,1.19180,1.19196,1.19188
EUR_USD,1769777935.0,1.19178,1.19194,1.19186
EUR_USD,1769777940.0,1.19184,1.19201,1.19192
EUR_USD,1769777945.0,1.19183,1.19198,1.19190
EUR_USD,1769777950.0,1.19177,1.19192,1.19185
EUR_USD,1769777955.0,1.19176,1.19192,1.19184
EUR_USD,1769777960.0,1.19173,1.19190,1.19182
EUR_USD,1769777965.0,1.19174,1.19193,1.19183
EUR_USD,1769777970.0,1.19179,1.19194,1.19186
EUR_USD,1769777975.0,1.19182,1.19198,1.19190
EUR_USD,1769777980.0,1.19174,1.19191,1.19183
EUR_USD,1769777985.0,1.19176,1.19192,1.19184
EUR_USD,1769777990.0,1.19176,1.19192,1.19184
EUR_USD,1769777995.0,1.19186,1.19203,1.19195
EUR_USD,1769778000.0,1.19198,1.19215,1.19206
EUR_USD,1769778005.0,1.19184,1.19203,1.19193
EUR_USD,1769778010.0,1.19181,1.19198,1.19190
EUR_USD,1769778015.0,1.19203,1.19220,1.19211
EUR_USD,1769778020.0,1.19211,1.19227,1.19219
EUR_USD,1769778025.0,1.19218,1.19234,1.19226
EUR_USD,1769778030.0,1.19203,1.19221,1.19212
EUR_USD,1769778035.0,1.19208,1.19226,1.19217
EUR_USD,1769778040.0,1.19202,1.19219,1.19211
EUR_USD,1769778045.0,1.19203,1.19218,1.19210
EUR_USD,1769778050.0,1.19201,1.19217,1.19209
EUR_USD,1769778055.0,1.19202,1.19217,1.19210
EUR_USD,1769778060.0,1.19203,1.19220,1.19211
EUR_USD,1769778065.0,1.19207,1.19224,1.19216
EUR_USD,1769778070.0,1.19193,1.19209,1.19201
EUR_USD,1769778075.0,1.19191,1.19207,1.19199
EUR_USD,1769778080.0,1.19196,1.19211,1.19203
EUR_USD,1769778085.0,1.19192,1.19209,1.19200
EUR_USD,1769778090.0,1.19193,1.19210,1.19202
EUR_USD,1769778095.0,1.19186,1.19204,1.19195
EUR_USD,1769778100.0,1.19184,1.19200,1.19192
EUR_USD,1769778105.0,1.19180,1.19197,1.19189
EUR_USD,1769778110.0,1.19172,1.19189,1.19181
EUR_USD,1769778115.0,1.19162,1.19179,1.19170
EUR_USD,1769778120.0,1.19168,1.19184,1.19176
EUR_USD,1769778125.0,1.19174,1.19190,1.19182
EUR_USD,1769778130.0,1.19187,1.19205,1.19196
EUR_USD,1769778135.0,1.19193,1.19210,1.19202
EUR_USD,1769778140.0,1.19198,1.19214,1.19206
EUR_USD,1769778145.0,1.19196,1.19212,1.19204
EUR_USD,1769778150.0,1.19193,1.19209,1.19201
EUR_USD,1769778155.0,1.19188,1.19205,1.19197
EUR_USD,1769778160.0,1.19197,1.19213,1.19205
EUR_USD,1769778165.0,1.19199,1.19215,1.19207
EUR_USD,1769778170.0,1.19198,1.19214,1.19206
EUR_USD,1769778175.0,1.19211,1.19227,1.19219
EUR_USD,1769778180.0,1.19207,1.19222,1.19215
EUR_USD,1769778185.0,1.19208,1.19223,1.19216
EUR_USD,1769778190.0,1.19215,1.19231,1.19223
EUR_USD,1769778195.0,1.19217,1.19231,1.19224
EUR_USD,1769778200.0,1.19218,1.19233,1.19225
EUR_USD,1769778205.0,1.19219,1.19235,1.19227
EUR_USD,1769778210.0,1.19216,1.19231,1.19224
EUR_USD,1769778215.0,1.19218,1.19233,1.19225
EUR_USD,1769778220.0,1.19217,1.19232,1.19224
EUR_USD,1769778225.0,1.19210,1.19226,1.19218
EUR_USD,1769778230.0,1.19214,1.19228,1.19221
EUR_USD,1769778235.0,1.19215,1.19229,1.19222
EUR_USD,1769778240.0,1.19219,1.19235,1.19227
EUR_USD,1769778245.0,1.19219,1.19233,1.19226
EUR_USD,1769778250.0,1.19218,1.19234,1.19226
EUR_USD,1769778255.0,1.19225,1.19241,1.19233
EUR_USD,1769778260.0,1.19226,1.19243,1.19234
EUR_USD,1769778265.0,1.19225,1.19241,1.19233
EUR_USD,1769778270.0,1.19226,1.19242,1.19234
EUR_USD,1769778275.0,1.19234,1.19249,1.19242
EUR_USD,1769778280.0,1.19228,1.19244,1.19236
EUR_USD,1769778285.0,1.19228,1.19244,1.19236
EUR_USD,1769778290.0,1.19229,1.19245,1.19237
EUR_USD,1769778295.0,1.19229,1.19245,1.19237
EUR_USD,1769778300.0,1.19214,1.19230,1.19222
EUR_USD,1769778305.0,1.19219,1.19235,1.19227
EUR_USD,1769778310.0,1.19213,1.19228,1.19220
EUR_USD,1769778315.0,1.19213,1.19228,1.19220
EUR_USD,1769778320.0,1.19222,1.19239,1.19231
EUR_USD,1769778325.0,1.19223,1.19239,1.19231
EUR_USD,1769778330.0,1.19216,1.19234,1.19225
EUR_USD,1769778335.0,1.19227,1.19241,1.19234
EUR_USD,1769778340.0,1.19232,1.19248,1.19240
EUR_USD,1769778345.0,1.19206,1.19223,1.19215
EUR_USD,1769778350.0,1.19208,1.19224,1.19216
EUR_USD,1769778355.0,1.19218,1.19235,1.19226
EUR_USD,1769778360.0,1.19196,1.19213,1.19204
EUR_USD,1769778365.0,1.19208,1.19225,1.19217
EUR_USD,1769778370.0,1.19217,1.19235,1.19226
EUR_USD,1769778375.0,1.19211,1.19228,1.19219
EUR_USD,1769778380.0,1.19212,1.19229,1.19220
EUR_USD,1769778385.0,1.19211,1.19228,1.19219
EUR_USD,1769778390.0,1.19197,1.19214,1.19205
EUR_USD,1769778395.0,1.19200,1.19215,1.19207
EUR_USD,1769778400.0,1.19191,1.19208,1.19199
EUR_USD,1769778405.0,1.19186,1.19202,1.19194
EUR_USD,1769778410.0,1.19171,1.19190,1.19181
EUR_USD,1769778415.0,1.19175,1.19191,1.19183
EUR_USD,1769778420.0,1.19166,1.19183,1.19175
EUR_USD,1769778425.0,1.19190,1.19207,1.19198
EUR_USD,1769778430.0,1.19191,1.19207,1.19199
EUR_USD,1769778435.0,1.19191,1.19208,1.19199
EUR_USD,1769778440.0,1.19188,1.19204,1.19196
EUR_USD,1769778445.0,1.19189,1.19207,1.19198
EUR_USD,1769778450.0,1.19185,1.19202,1.19193
EUR_USD,1769778455.0,1.19187,1.19204,1.19196
EUR_USD,1769778460.0,1.19187,1.19203,1.19195
EUR_USD,1769778465.0,1.19188,1.19204,1.19196
EUR_USD,1769778470.0,1.19192,1.19208,1.19200
EUR_USD,1769778475.0,1.19194,1.19209,1.19202
EUR_USD,1769778480.0,1.19177,1.19194,1.19185
EUR_USD,1769778485.0,1.19176,1.19193,1.19184
EUR_USD,1769778490.0,1.19186,1.19201,1.19193
EUR_USD,1769778495.0,1.19183,1.19199,1.19191
EUR_USD,1769778500.0,1.19179,1.19196,1.19188
EUR_USD,1769778505.0,1.19178,1.19196,1.19187
EUR_USD,1769778510.0,1.19178,1.19194,1.19186
EUR_USD,1769778515.0,1.19186,1.19203,1.19195
EUR_USD,1769778520.0,1.19192,1.19208,1.19200
EUR_USD,1769778525.0,1.19194,1.19210,1.19202
EUR_USD,1769778530.0,1.19193,1.19210,1.19202
EUR_USD,1769778535.0,1.19184,1.19200,1.19192
EUR_USD,1769778540.0,1.19181,1.19198,1.19190
EUR_USD,1769778545.0,1.19191,1.19208,1.19199
EUR_USD,1769778550.0,1.19179,1.19196,1.19188
EUR_USD,1769778555.0,1.19176,1.19193,1.19184
EUR_USD,1769778560.0,1.19177,1.19192,1.19185
EUR_USD,1769778565.0,1.19178,1.19195,1.19186
EUR_USD,1769778570.0,1.19175,1.19192,1.19184
EUR_USD,1769778575.0,1.19174,1.19192,1.19183
EUR_USD,1769778580.0,1.19182,1.19199,1.19191
EUR_USD,1769778585.0,1.19178,1.19196,1.19187
EUR_USD,1769778590.0,1.19183,1.19199,1.19191
EUR_USD,1769778595.0,1.19178,1.19194,1.19186
EUR_USD,1769778600.0,1.19181,1.19199,1.19190
EUR_USD,1769778605.0,1.19183,1.19200,1.19191
EUR_USD,1769778610.0,1.19178,1.19195,1.19186
EUR_USD,1769778615.0,1.19179,1.19196,1.19188
EUR_USD,1769778620.0,1.19183,1.19201,1.19192
EUR_USD,1769778625.0,1.19188,1.19205,1.19197
EUR_USD,1769778630.0,1.19198,1.19215,1.19206
EUR_USD,1769778635.0,1.19197,1.19214,1.19205
EUR_USD,1769778640.0,1.19196,1.19213,1.19204
EUR_USD,1769778645.0,1.19182,1.19199,1.19191
EUR_USD,1769778650.0,1.19187,1.19204,1.19196
EUR_USD,1769778655.0,1.19193,1.19210,1.19202
EUR_USD,1769778660.0,1.19197,1.19215,1.19206
EUR_USD,1769778665.0,1.19182,1.19199,1.19191
EUR_USD,1769778670.0,1.19181,1.19198,1.19190
EUR_USD,1769778675.0,1.19172,1.19190,1.19181
EUR_USD,1769778680.0,1.19163,1.19179,1.19171
EUR_USD,1769778685.0,1.19160,1.19176,1.19168
EUR_USD,1769778690.0,1.19152,1.19167,1.19159
EUR_USD,1769778695.0,1.19146,1.19160,1.19153
EUR_USD,1769778700.0,1.19144,1.19159,1.19151
EUR_USD,1769778705.0,1.19132,1.19148,1.19140
EUR_USD,1769778710.0,1.19132,1.19148,1.19140
EUR_USD,1769778715.0,1.19143,1.19161,1.19152
EUR_USD,1769778720.0,1.19138,1.19155,1.19146
EUR_USD,1769778725.0,1.19134,1.19151,1.19143
EUR_USD,1769778730.0,1.19142,1.19158,1.19150
EUR_USD,1769778735.0,1.19142,1.19158,1.19150
EUR_USD,1769778740.0,1.19151,1.19170,1.19161
EUR_USD,1769778745.0,1.19146,1.19163,1.19155
EUR_USD,1769778750.0,1.19148,1.19165,1.19157
EUR_USD,1769778755.0,1.19146,1.19163,1.19155
EUR_USD,1769778760.0,1.19148,1.19166,1.19157
EUR_USD,1769778765.0,1.19149,1.19166,1.19157
EUR_USD,1769778770.0,1.19149,1.19165,1.19157
EUR_USD,1769778775.0,1.19151,1.19167,1.19159
EUR_USD,1769778780.0,1.19150,1.19166,1.19158
EUR_USD,1769778785.0,1.19151,1.19169,1.19160
EUR_USD,1769778790.0,1.19151,1.19169,1.19160
EUR_USD,1769778795.0,1.19150,1.19167,1.19158
EUR_USD,1769778800.0,1.19163,1.19181,1.19172
EUR_USD,1769778805.0,1.19162,1.19179,1.19170
EUR_USD,1769778810.0,1.19189,1.19206,1.19197
EUR_USD,1769778815.0,1.19184,1.19202,1.19193
EUR_USD,1769778820.0,1.19190,1.19208,1.19199
EUR_USD,1769778825.0,1.19192,1.19210,1.19201
EUR_USD,1769778830.0,1.19188,1.19204,1.19196
EUR_USD,1769778835.0,1.19200,1.19217,1.19209
EUR_USD,1769778840.0,1.19199,1.19215,1.19207
EUR_USD,1769778845.0,1.19204,1.19220,1.19212
EUR_USD,1769778850.0,1.19206,1.19222,1.19214
EUR_USD,1769778855.0,1.19213,1.19229,1.19221
EUR_USD,1769778860.0,1.19208,1.19225,1.19217
EUR_USD,1769778865.0,1.19208,1.19223,1.19216
EUR_USD,1769778870.0,1.19198,1.19214,1.19206
EUR_USD,1769778875.0,1.19198,1.19216,1.19207
EUR_USD,1769778880.0,1.19199,1.19214,1.19206
EUR_USD,1769778885.0,1.19189,1.19205,1.19197
EUR_USD,1769778890.0,1.19189,1.19204,1.19196
EUR_USD,1769778895.0,1.19185,1.19201,1.19193
EUR_USD,1769778900.0,1.19188,1.19204,1.19196
EUR_USD,1769778905.0,1.19188,1.19203,1.19196
EUR_USD,1769778910.0,1.19188,1.19204,1.19196
EUR_USD,1769778915.0,1.19177,1.19195,1.19186
EUR_USD,1769778920.0,1.19182,1.19199,1.19191
EUR_USD,1769778925.0,1.19177,1.19195,1.19186
EUR_USD,1769778930.0,1.19178,1.19194,1.19186
EUR_USD,1769778935.0,1.19177,1.19193,1.19185
EUR_USD,1769778940.0,1.19175,1.19191,1.19183
EUR_USD,1769778945.0,1.19173,1.19189,1.19181
EUR_USD,1769778950.0,1.19174,1.19190,1.19182
EUR_USD,1769778955.0,1.19173,1.19189,1.19181
EUR_USD,1769778960.0,1.19169,1.19184,1.19176
EUR_USD,1769778965.0,1.19172,1.19188,1.19180
EUR_USD,1769778970.0,1.19163,1.19178,1.19171
EUR_USD,1769778975.0,1.19163,1.19178,1.19171
EUR_USD,1769778980.0,1.19159,1.19175,1.19167
EUR_USD,1769778985.0,1.19147,1.19163,1.19155
EUR_USD,1769778990.0,1.19153,1.19170,1.19162
EUR_USD,1769778995.0,1.19156,1.19174,1.19165
EUR_USD,1769779000.0,1.19161,1.19177,1.19169
EUR_USD,1769779005.0,1.19161,1.19179,1.19170
EUR_USD,1769779010.0,1.19158,1.19175,1.19166
EUR_USD,1769779015.0,1.19158,1.19175,1.19166
EUR_USD,1769779020.0,1.19168,1.19182,1.19175
EUR_USD,1769779025.0,1.19165,1.19182,1.19173
EUR_USD,1769779030.0,1.19154,1.19170,1.19162
EUR_USD,1769779035.0,1.19154,1.19170,1.19162
EUR_USD,1769779040.0,1.19153,1.19169,1.19161
EUR_USD,1769779045.0,1.19153,1.19170,1.19162
EUR_USD,1769779050.0,1.19153,1.19170,1.19162
EUR_USD,1769779055.0,1.19153,1.19169,1.19161
EUR_USD,1769779060.0,1.19153,1.19170,1.19162
EUR_USD,1769779065.0,1.19149,1.19165,1.19157
EUR_USD,1769779070.0,1.19148,1.19164,1.19156
EUR_USD,1769779075.0,1.19146,1.19163,1.19155
EUR_USD,1769779080.0,1.19148,1.19164,1.19156
EUR_USD,1769779085.0,1.19144,1.19159,1.19151
EUR_USD,1769779090.0,1.19139,1.19155,1.19147
EUR_USD,1769779095.0,1.19143,1.19158,1.19151
EUR_USD,1769779100.0,1.19141,1.19157,1.19149
EUR_USD,1769779105.0,1.19138,1.19154,1.19146
EUR_USD,1769779110.0,1.19133,1.19149,1.19141
EUR_USD,1769779115.0,1.19137,1.19154,1.19145
EUR_USD,1769779120.0,1.19138,1.19154,1.19146
EUR_USD,1769779125.0,1.19128,1.19145,1.19136
EUR_USD,1769779130.0,1.19123,1.19140,1.19131
EUR_USD,1769779135.0,1.19124,1.19140,1.19132
EUR_USD,1769779140.0,1.19122,1.19139,1.19130
EUR_USD,1769779145.0,1.19130,1.19148,1.19139
EUR_USD,1769779150.0,1.19131,1.19147,1.19139
EUR_USD,1769779155.0,1.19133,1.19148,1.19141
EUR_USD,1769779160.0,1.19131,1.19147,1.19139
EUR_USD,1769779165.0,1.19133,1.19148,1.19141
EUR_USD,1769779170.0,1.19133,1.19149,1.19141
EUR_USD,1769779175.0,1.19134,1.19149,1.19142
EUR_USD,1769779180.0,1.19138,1.19154,1.19146
EUR_USD,1769779185.0,1.19143,1.19159,1.19151
EUR_USD,1769779190.0,1.19146,1.19161,1.19154
EUR_USD,1769779195.0,1.19146,1.19163,1.19155
EUR_USD,1769779200.0,1.19142,1.19158,1.19150
EUR_USD,1769779205.0,1.19139,1.19157,1.19148
EUR_USD,1769779210.0,1.19140,1.19155,1.19148
EUR_USD,1769779215.0,1.19144,1.19160,1.19152
EUR_USD,1769779220.0,1.19143,1.19159,1.19151
EUR_USD,1769779225.0,1.19148,1.19164,1.19156
EUR_USD,1769779230.0,1.19148,1.19163,1.19156
EUR_USD,1769779235.0,1.19155,1.19171,1.19163
EUR_USD,1769779240.0,1.19152,1.19167,1.19159
EUR_USD,1769779245.0,1.19149,1.19163,1.19156
EUR_USD,1769779250.0,1.19149,1.19163,1.19156
EUR_USD,1769779255.0,1.19149,1.19163,1.19156
EUR_USD,1769779260.0,1.19149,1.19165,1.19157
EUR_USD,1769779265.0,1.19147,1.19164,1.19156
EUR_USD,1769779270.0,1.19162,1.19178,1.19170
EUR_USD,1769779275.0,1.19171,1.19188,1.19179
EUR_USD,1769779280.0,1.19167,1.19182,1.19175
EUR_USD,1769779285.0,1.19167,1.19182,1.19175
EUR_USD,1769779290.0,1.19164,1.19180,1.19172
EUR_USD,1769779295.0,1.19164,1.19179,1.19171
EUR_USD,1769779300.0,1.19165,1.19182,1.19173
EUR_USD,1769779305.0,1.19164,1.19180,1.19172
EUR_USD,1769779310.0,1.19170,1.19187,1.19178
EUR_USD,1769779315.0,1.19168,1.19185,1.19177
EUR_USD,1769779320.0,1.19168,1.19185,1.19177
EUR_USD,1769779325.0,1.19164,1.19181,1.19172
EUR_USD,1769779330.0,1.19173,1.19191,1.19182
EUR_USD,1769779335.0,1.19168,1.19185,1.19177
EUR_USD,1769779340.0,1.19169,1.19186,1.19177
EUR_USD,1769779345.0,1.19166,1.19184,1.19175
EUR_USD,1769779350.0,1.19169,1.19185,1.19177
EUR_USD,1769779355.0,1.19168,1.19183,1.19176
EUR_USD,1769779360.0,1.19169,1.19186,1.19177
EUR_USD,1769779365.0,1.19174,1.19190,1.19182
EUR_USD,1769779370.0,1.19171,1.19188,1.19179
EUR_USD,1769779375.0,1.19168,1.19184,1.19176
EUR_USD,1769779380.0,1.19163,1.19179,1.19171
EUR_USD,1769779385.0,1.19168,1.19184,1.19176
EUR_USD,1769779390.0,1.19164,1.19181,1.19172
EUR_USD,1769779395.0,1.19164,1.19181,1.19172
EUR_USD,1769779400.0,1.19168,1.19184,1.19176
EUR_USD,1769779405.0,1.19163,1.19180,1.19171
EUR_USD,1769779410.0,1.19161,1.19178,1.19170
EUR_USD,1769779415.0,1.19164,1.19181,1.19172
EUR_USD,1769779420.0,1.19158,1.19175,1.19166
EUR_USD,1769779425.0,1.19158,1.19175,1.19166
EUR_USD,1769779430.0,1.19157,1.19174,1.19165
EUR_USD,1769779435.0,1.19158,1.19173,1.19165
EUR_USD,1769779440.0,1.19153,1.19169,1.19161
EUR_USD,1769779445.0,1.19152,1.19168,1.19160
EUR_USD,1769779450.0,1.19153,1.19169,1.19161
EUR_USD,1769779455.0,1.19160,1.19177,1.19169
EUR_USD,1769779460.0,1.19165,1.19179,1.19172
EUR_USD,1769779465.0,1.19159,1.19174,1.19166
EUR_USD,1769779470.0,1.19149,1.19164,1.19156
EUR_USD,1769779475.0,1.19149,1.19166,1.19157
EUR_USD,1769779480.0,1.19151,1.19166,1.19158
EUR_USD,1769779485.0,1.19151,1.19166,1.19158
EUR_USD,1769779490.0,1.19164,1.19180,1.19172
EUR_USD,1769779495.0,1.19158,1.19174,1.19166
EUR_USD,1769779500.0,1.19164,1.19181,1.19172
EUR_USD,1769779505.0,1.19160,1.19176,1.19168
EUR_USD,1769779510.0,1.19171,1.19187,1.19179
EUR_USD,1769779515.0,1.19170,1.19186,1.19178
EUR_USD,1769779520.0,1.19178,1.19197,1.19188
EUR_USD,1769779525.0,1.19185,1.19203,1.19194
EUR_USD,1769779530.0,1.19198,1.19216,1.19207
EUR_USD,1769779535.0,1.19198,1.19216,1.19207
EUR_USD,1769779540.0,1.19212,1.19230,1.19221
EUR_USD,1769779545.0,1.19200,1.19217,1.19209
EUR_USD,1769779550.0,1.19199,1.19216,1.19207
EUR_USD,1769779555.0,1.19205,1.19221,1.19213
EUR_USD,1769779560.0,1.19211,1.19228,1.19219
EUR_USD,1769779565.0,1.19211,1.19229,1.19220
EUR_USD,1769779570.0,1.19212,1.19229,1.19220
EUR_USD,1769779575.0,1.19221,1.19236,1.19229
EUR_USD,1769779580.0,1.19212,1.19229,1.19220
EUR_USD,1769779585.0,1.19215,1.19231,1.19223
EUR_USD,1769779590.0,1.19211,1.19227,1.19219
EUR_USD,1769779595.0,1.19214,1.19230,1.19222
EUR_USD,1769779600.0,1.19211,1.19227,1.19219
EUR_USD,1769779605.0,1.19214,1.19230,1.19222
EUR_USD,1769779610.0,1.19221,1.19238,1.19230
EUR_USD,1769779615.0,1.19222,1.19239,1.19231
EUR_USD,1769779620.0,1.19230,1.19247,1.19238
EUR_USD,1769779625.0,1.19238,1.19254,1.19246
EUR_USD,1769779630.0,1.19231,1.19246,1.19239
EUR_USD,1769779635.0,1.19217,1.19234,1.19225
EUR_USD,1769779640.0,1.19217,1.19235,1.19226
EUR_USD,1769779645.0,1.19220,1.19235,1.19227
EUR_USD,1769779650.0,1.19224,1.19241,1.19232
EUR_USD,1769779655.0,1.19221,1.19239,1.19230
EUR_USD,1769779660.0,1.19233,1.19250,1.19242
EUR_USD,1769779665.0,1.19233,1.19251,1.19242
EUR_USD,1769779670.0,1.19224,1.19243,1.19233
EUR_USD,1769779675.0,1.19226,1.19244,1.19235
EUR_USD,1769779680.0,1.19225,1.19243,1.19234
EUR_USD,1769779685.0,1.19225,1.19241,1.19233
EUR_USD,1769779690.0,1.19223,1.19241,1.19232
EUR_USD,1769779695.0,1.19217,1.19235,1.19226
EUR_USD,1769779700.0,1.19212,1.19229,1.19220
EUR_USD,1769779705.0,1.19213,1.19229,1.19221
EUR_USD,1769779710.0,1.19213,1.19229,1.19221
EUR_USD,1769779715.0,1.19217,1.19234,1.19225
EUR_USD,1769779720.0,1.19230,1.19244,1.19237
EUR_USD,1769779725.0,1.19230,1.19245,1.19237
EUR_USD,1769779730.0,1.19222,1.19240,1.19231
EUR_USD,1769779735.0,1.19222,1.19238,1.19230
EUR_USD,1769779740.0,1.19220,1.19237,1.19229
EUR_USD,1769779745.0,1.19218,1.19236,1.19227
EUR_USD,1769779750.0,1.19215,1.19230,1.19223
EUR_USD,1769779755.0,1.19208,1.19223,1.19216
EUR_USD,1769779760.0,1.19205,1.19224,1.19215
EUR_USD,1769779765.0,1.19210,1.19225,1.19217
EUR_USD,1769779770.0,1.19207,1.19225,1.19216
EUR_USD,1769779775.0,1.19186,1.19204,1.19195
EUR_USD,1769779780.0,1.19185,1.19203,1.19194
EUR_USD,1769779785.0,1.19168,1.19186,1.19177
EUR_USD,1769779790.0,1.19183,1.19212,1.19198
EUR_USD,1769779795.0,1.19171,1.19196,1.19183
EUR_USD,1769779800.0,1.19120,1.19148,1.19134
EUR_USD,1769779805.0,1.19085,1.19106,1.19095
EUR_USD,1769779810.0,1.19107,1.19123,1.19115
EUR_USD,1769779815.0,1.19131,1.19149,1.19140
EUR_USD,1769779820.0,1.19129,1.19151,1.19140
EUR_USD,1769779825.0,1.19135,1.19154,1.19144
EUR_USD,1769779830.0,1.19139,1.19161,1.19150
EUR_USD,1769779835.0,1.19148,1.19169,1.19158
EUR_USD,1769779840.0,1.19135,1.19152,1.19143
EUR_USD,1769779845.0,1.19150,1.19170,1.19160
EUR_USD,1769779850.0,1.19131,1.19146,1.19138
EUR_USD,1769779855.0,1.19114,1.19131,1.19123
